kraj,month,year,bilance
PHA,1,2005,8.448
STC,1,2005,8.448
JHM,1,2005,8.448
PLK,1,2005,8.448
HKK,1,2005,8.448
VYS,1,2005,8.448
KVK,1,2005,8.448
LBK,1,2005,8.448
PAK,1,2005,8.448
MSK,1,2005,8.448
OLK,1,2005,8.448
ULK,1,2005,8.448
ZLK,1,2005,8.448
JHC,1,2005,8.448
PHA,2,2005,4.351
STC,2,2005,4.351
JHM,2,2005,4.351
PLK,2,2005,4.351
HKK,2,2005,4.351
VYS,2,2005,4.351
KVK,2,2005,4.351
LBK,2,2005,4.351
PAK,2,2005,4.351
MSK,2,2005,4.351
OLK,2,2005,4.351
ULK,2,2005,4.351
ZLK,2,2005,4.351
JHC,2,2005,4.351
PHA,3,2005,4.347
STC,3,2005,4.347
JHM,3,2005,4.347
PLK,3,2005,4.347
HKK,3,2005,4.347
VYS,3,2005,4.347
KVK,3,2005,4.347
LBK,3,2005,4.347
PAK,3,2005,4.347
MSK,3,2005,4.347
OLK,3,2005,4.347
ULK,3,2005,4.347
ZLK,3,2005,4.347
JHC,3,2005,4.347
PHA,4,2005,-4.312
STC,4,2005,-4.312
JHM,4,2005,-4.312
PLK,4,2005,-4.312
HKK,4,2005,-4.312
VYS,4,2005,-4.312
KVK,4,2005,-4.312
LBK,4,2005,-4.312
PAK,4,2005,-4.312
MSK,4,2005,-4.312
OLK,4,2005,-4.312
ULK,4,2005,-4.312
ZLK,4,2005,-4.312
JHC,4,2005,-4.312
PHA,5,2005,3.505
STC,5,2005,3.505
JHM,5,2005,3.505
PLK,5,2005,3.505
HKK,5,2005,3.505
VYS,5,2005,3.505
KVK,5,2005,3.505
LBK,5,2005,3.505
PAK,5,2005,3.505
MSK,5,2005,3.505
OLK,5,2005,3.505
ULK,5,2005,3.505
ZLK,5,2005,3.505
JHC,5,2005,3.505
PHA,6,2005,5.640
STC,6,2005,5.640
JHM,6,2005,5.640
PLK,6,2005,5.640
HKK,6,2005,5.640
VYS,6,2005,5.640
KVK,6,2005,5.640
LBK,6,2005,5.640
PAK,6,2005,5.640
MSK,6,2005,5.640
OLK,6,2005,5.640
ULK,6,2005,5.640
ZLK,6,2005,5.640
JHC,6,2005,5.640
PHA,7,2005,-3.011
STC,7,2005,-3.011
JHM,7,2005,-3.011
PLK,7,2005,-3.011
HKK,7,2005,-3.011
VYS,7,2005,-3.011
KVK,7,2005,-3.011
LBK,7,2005,-3.011
PAK,7,2005,-3.011
MSK,7,2005,-3.011
OLK,7,2005,-3.011
ULK,7,2005,-3.011
ZLK,7,2005,-3.011
JHC,7,2005,-3.011
PHA,8,2005,-5.932
STC,8,2005,-5.932
JHM,8,2005,-5.932
PLK,8,2005,-5.932
HKK,8,2005,-5.932
VYS,8,2005,-5.932
KVK,8,2005,-5.932
LBK,8,2005,-5.932
PAK,8,2005,-5.932
MSK,8,2005,-5.932
OLK,8,2005,-5.932
ULK,8,2005,-5.932
ZLK,8,2005,-5.932
JHC,8,2005,-5.932
PHA,9,2005,1.171
STC,9,2005,1.171
JHM,9,2005,1.171
PLK,9,2005,1.171
HKK,9,2005,1.171
VYS,9,2005,1.171
KVK,9,2005,1.171
LBK,9,2005,1.171
PAK,9,2005,1.171
MSK,9,2005,1.171
OLK,9,2005,1.171
ULK,9,2005,1.171
ZLK,9,2005,1.171
JHC,9,2005,1.171
PHA,10,2005,-1.775
STC,10,2005,-1.775
JHM,10,2005,-1.775
PLK,10,2005,-1.775
HKK,10,2005,-1.775
VYS,10,2005,-1.775
KVK,10,2005,-1.775
LBK,10,2005,-1.775
PAK,10,2005,-1.775
MSK,10,2005,-1.775
OLK,10,2005,-1.775
ULK,10,2005,-1.775
ZLK,10,2005,-1.775
JHC,10,2005,-1.775
PHA,11,2005,-783
STC,11,2005,-783
JHM,11,2005,-783
PLK,11,2005,-783
HKK,11,2005,-783
VYS,11,2005,-783
KVK,11,2005,-783
LBK,11,2005,-783
PAK,11,2005,-783
MSK,11,2005,-783
OLK,11,2005,-783
ULK,11,2005,-783
ZLK,11,2005,-783
JHC,11,2005,-783
PHA,12,2005,-6.484
STC,12,2005,-6.484
JHM,12,2005,-6.484
PLK,12,2005,-6.484
HKK,12,2005,-6.484
VYS,12,2005,-6.484
KVK,12,2005,-6.484
LBK,12,2005,-6.484
PAK,12,2005,-6.484
MSK,12,2005,-6.484
OLK,12,2005,-6.484
ULK,12,2005,-6.484
ZLK,12,2005,-6.484
JHC,12,2005,-6.484
PHA,1,2006,6.872
STC,1,2006,6.872
JHM,1,2006,6.872
PLK,1,2006,6.872
HKK,1,2006,6.872
VYS,1,2006,6.872
KVK,1,2006,6.872
LBK,1,2006,6.872
PAK,1,2006,6.872
MSK,1,2006,6.872
OLK,1,2006,6.872
ULK,1,2006,6.872
ZLK,1,2006,6.872
JHC,1,2006,6.872
PHA,2,2006,2.923
STC,2,2006,2.923
JHM,2,2006,2.923
PLK,2,2006,2.923
HKK,2,2006,2.923
VYS,2,2006,2.923
KVK,2,2006,2.923
LBK,2,2006,2.923
PAK,2,2006,2.923
MSK,2,2006,2.923
OLK,2,2006,2.923
ULK,2,2006,2.923
ZLK,2,2006,2.923
JHC,2,2006,2.923
PHA,3,2006,5.414
STC,3,2006,5.414
JHM,3,2006,5.414
PLK,3,2006,5.414
HKK,3,2006,5.414
VYS,3,2006,5.414
KVK,3,2006,5.414
LBK,3,2006,5.414
PAK,3,2006,5.414
MSK,3,2006,5.414
OLK,3,2006,5.414
ULK,3,2006,5.414
ZLK,3,2006,5.414
JHC,3,2006,5.414
PHA,4,2006,-4.788
STC,4,2006,-4.788
JHM,4,2006,-4.788
PLK,4,2006,-4.788
HKK,4,2006,-4.788
VYS,4,2006,-4.788
KVK,4,2006,-4.788
LBK,4,2006,-4.788
PAK,4,2006,-4.788
MSK,4,2006,-4.788
OLK,4,2006,-4.788
ULK,4,2006,-4.788
ZLK,4,2006,-4.788
JHC,4,2006,-4.788
PHA,5,2006,-155
STC,5,2006,-155
JHM,5,2006,-155
PLK,5,2006,-155
HKK,5,2006,-155
VYS,5,2006,-155
KVK,5,2006,-155
LBK,5,2006,-155
PAK,5,2006,-155
MSK,5,2006,-155
OLK,5,2006,-155
ULK,5,2006,-155
ZLK,5,2006,-155
JHC,5,2006,-155
PHA,6,2006,3.586
STC,6,2006,3.586
JHM,6,2006,3.586
PLK,6,2006,3.586
HKK,6,2006,3.586
VYS,6,2006,3.586
KVK,6,2006,3.586
LBK,6,2006,3.586
PAK,6,2006,3.586
MSK,6,2006,3.586
OLK,6,2006,3.586
ULK,6,2006,3.586
ZLK,6,2006,3.586
JHC,6,2006,3.586
PHA,7,2006,-4.273
STC,7,2006,-4.273
JHM,7,2006,-4.273
PLK,7,2006,-4.273
HKK,7,2006,-4.273
VYS,7,2006,-4.273
KVK,7,2006,-4.273
LBK,7,2006,-4.273
PAK,7,2006,-4.273
MSK,7,2006,-4.273
OLK,7,2006,-4.273
ULK,7,2006,-4.273
ZLK,7,2006,-4.273
JHC,7,2006,-4.273
PHA,8,2006,-2.864
STC,8,2006,-2.864
JHM,8,2006,-2.864
PLK,8,2006,-2.864
HKK,8,2006,-2.864
VYS,8,2006,-2.864
KVK,8,2006,-2.864
LBK,8,2006,-2.864
PAK,8,2006,-2.864
MSK,8,2006,-2.864
OLK,8,2006,-2.864
ULK,8,2006,-2.864
ZLK,8,2006,-2.864
JHC,8,2006,-2.864
PHA,9,2006,2.865
STC,9,2006,2.865
JHM,9,2006,2.865
PLK,9,2006,2.865
HKK,9,2006,2.865
VYS,9,2006,2.865
KVK,9,2006,2.865
LBK,9,2006,2.865
PAK,9,2006,2.865
MSK,9,2006,2.865
OLK,9,2006,2.865
ULK,9,2006,2.865
ZLK,9,2006,2.865
JHC,9,2006,2.865
PHA,10,2006,-1.697
STC,10,2006,-1.697
JHM,10,2006,-1.697
PLK,10,2006,-1.697
HKK,10,2006,-1.697
VYS,10,2006,-1.697
KVK,10,2006,-1.697
LBK,10,2006,-1.697
PAK,10,2006,-1.697
MSK,10,2006,-1.697
OLK,10,2006,-1.697
ULK,10,2006,-1.697
ZLK,10,2006,-1.697
JHC,10,2006,-1.697
PHA,11,2006,1.791
STC,11,2006,1.791
JHM,11,2006,1.791
PLK,11,2006,1.791
HKK,11,2006,1.791
VYS,11,2006,1.791
KVK,11,2006,1.791
LBK,11,2006,1.791
PAK,11,2006,1.791
MSK,11,2006,1.791
OLK,11,2006,1.791
ULK,11,2006,1.791
ZLK,11,2006,1.791
JHC,11,2006,1.791
PHA,12,2006,-7.874
STC,12,2006,-7.874
JHM,12,2006,-7.874
PLK,12,2006,-7.874
HKK,12,2006,-7.874
VYS,12,2006,-7.874
KVK,12,2006,-7.874
LBK,12,2006,-7.874
PAK,12,2006,-7.874
MSK,12,2006,-7.874
OLK,12,2006,-7.874
ULK,12,2006,-7.874
ZLK,12,2006,-7.874
JHC,12,2006,-7.874
PHA,1,2007,4.581
STC,1,2007,4.581
JHM,1,2007,4.581
PLK,1,2007,4.581
HKK,1,2007,4.581
VYS,1,2007,4.581
KVK,1,2007,4.581
LBK,1,2007,4.581
PAK,1,2007,4.581
MSK,1,2007,4.581
OLK,1,2007,4.581
ULK,1,2007,4.581
ZLK,1,2007,4.581
JHC,1,2007,4.581
PHA,2,2007,3.491
STC,2,2007,3.491
JHM,2,2007,3.491
PLK,2,2007,3.491
HKK,2,2007,3.491
VYS,2,2007,3.491
KVK,2,2007,3.491
LBK,2,2007,3.491
PAK,2,2007,3.491
MSK,2,2007,3.491
OLK,2,2007,3.491
ULK,2,2007,3.491
ZLK,2,2007,3.491
JHC,2,2007,3.491
PHA,3,2007,3.166
STC,3,2007,3.166
JHM,3,2007,3.166
PLK,3,2007,3.166
HKK,3,2007,3.166
VYS,3,2007,3.166
KVK,3,2007,3.166
LBK,3,2007,3.166
PAK,3,2007,3.166
MSK,3,2007,3.166
OLK,3,2007,3.166
ULK,3,2007,3.166
ZLK,3,2007,3.166
JHC,3,2007,3.166
PHA,4,2007,-2.097
STC,4,2007,-2.097
JHM,4,2007,-2.097
PLK,4,2007,-2.097
HKK,4,2007,-2.097
VYS,4,2007,-2.097
KVK,4,2007,-2.097
LBK,4,2007,-2.097
PAK,4,2007,-2.097
MSK,4,2007,-2.097
OLK,4,2007,-2.097
ULK,4,2007,-2.097
ZLK,4,2007,-2.097
JHC,4,2007,-2.097
PHA,5,2007,-762
STC,5,2007,-762
JHM,5,2007,-762
PLK,5,2007,-762
HKK,5,2007,-762
VYS,5,2007,-762
KVK,5,2007,-762
LBK,5,2007,-762
PAK,5,2007,-762
MSK,5,2007,-762
OLK,5,2007,-762
ULK,5,2007,-762
ZLK,5,2007,-762
JHC,5,2007,-762
PHA,6,2007,943
STC,6,2007,943
JHM,6,2007,943
PLK,6,2007,943
HKK,6,2007,943
VYS,6,2007,943
KVK,6,2007,943
LBK,6,2007,943
PAK,6,2007,943
MSK,6,2007,943
OLK,6,2007,943
ULK,6,2007,943
ZLK,6,2007,943
JHC,6,2007,943
PHA,7,2007,-6.255
STC,7,2007,-6.255
JHM,7,2007,-6.255
PLK,7,2007,-6.255
HKK,7,2007,-6.255
VYS,7,2007,-6.255
KVK,7,2007,-6.255
LBK,7,2007,-6.255
PAK,7,2007,-6.255
MSK,7,2007,-6.255
OLK,7,2007,-6.255
ULK,7,2007,-6.255
ZLK,7,2007,-6.255
JHC,7,2007,-6.255
PHA,8,2007,-8.885
STC,8,2007,-8.885
JHM,8,2007,-8.885
PLK,8,2007,-8.885
HKK,8,2007,-8.885
VYS,8,2007,-8.885
KVK,8,2007,-8.885
LBK,8,2007,-8.885
PAK,8,2007,-8.885
MSK,8,2007,-8.885
OLK,8,2007,-8.885
ULK,8,2007,-8.885
ZLK,8,2007,-8.885
JHC,8,2007,-8.885
PHA,9,2007,-565
STC,9,2007,-565
JHM,9,2007,-565
PLK,9,2007,-565
HKK,9,2007,-565
VYS,9,2007,-565
KVK,9,2007,-565
LBK,9,2007,-565
PAK,9,2007,-565
MSK,9,2007,-565
OLK,9,2007,-565
ULK,9,2007,-565
ZLK,9,2007,-565
JHC,9,2007,-565
PHA,10,2007,-2.732
STC,10,2007,-2.732
JHM,10,2007,-2.732
PLK,10,2007,-2.732
HKK,10,2007,-2.732
VYS,10,2007,-2.732
KVK,10,2007,-2.732
LBK,10,2007,-2.732
PAK,10,2007,-2.732
MSK,10,2007,-2.732
OLK,10,2007,-2.732
ULK,10,2007,-2.732
ZLK,10,2007,-2.732
JHC,10,2007,-2.732
PHA,11,2007,-1.298
STC,11,2007,-1.298
JHM,11,2007,-1.298
PLK,11,2007,-1.298
HKK,11,2007,-1.298
VYS,11,2007,-1.298
KVK,11,2007,-1.298
LBK,11,2007,-1.298
PAK,11,2007,-1.298
MSK,11,2007,-1.298
OLK,11,2007,-1.298
ULK,11,2007,-1.298
ZLK,11,2007,-1.298
JHC,11,2007,-1.298
PHA,12,2007,-10.828
STC,12,2007,-10.828
JHM,12,2007,-10.828
PLK,12,2007,-10.828
HKK,12,2007,-10.828
VYS,12,2007,-10.828
KVK,12,2007,-10.828
LBK,12,2007,-10.828
PAK,12,2007,-10.828
MSK,12,2007,-10.828
OLK,12,2007,-10.828
ULK,12,2007,-10.828
ZLK,12,2007,-10.828
JHC,12,2007,-10.828
PHA,1,2008,2.502
STC,1,2008,2.502
JHM,1,2008,2.502
PLK,1,2008,2.502
HKK,1,2008,2.502
VYS,1,2008,2.502
KVK,1,2008,2.502
LBK,1,2008,2.502
PAK,1,2008,2.502
MSK,1,2008,2.502
OLK,1,2008,2.502
ULK,1,2008,2.502
ZLK,1,2008,2.502
JHC,1,2008,2.502
PHA,2,2008,1.137
STC,2,2008,1.137
JHM,2,2008,1.137
PLK,2,2008,1.137
HKK,2,2008,1.137
VYS,2,2008,1.137
KVK,2,2008,1.137
LBK,2,2008,1.137
PAK,2,2008,1.137
MSK,2,2008,1.137
OLK,2,2008,1.137
ULK,2,2008,1.137
ZLK,2,2008,1.137
JHC,2,2008,1.137
PHA,3,2008,-4.411
STC,3,2008,-4.411
JHM,3,2008,-4.411
PLK,3,2008,-4.411
HKK,3,2008,-4.411
VYS,3,2008,-4.411
KVK,3,2008,-4.411
LBK,3,2008,-4.411
PAK,3,2008,-4.411
MSK,3,2008,-4.411
OLK,3,2008,-4.411
ULK,3,2008,-4.411
ZLK,3,2008,-4.411
JHC,3,2008,-4.411
PHA,4,2008,-2.198
STC,4,2008,-2.198
JHM,4,2008,-2.198
PLK,4,2008,-2.198
HKK,4,2008,-2.198
VYS,4,2008,-2.198
KVK,4,2008,-2.198
LBK,4,2008,-2.198
PAK,4,2008,-2.198
MSK,4,2008,-2.198
OLK,4,2008,-2.198
ULK,4,2008,-2.198
ZLK,4,2008,-2.198
JHC,4,2008,-2.198
PHA,5,2008,707
STC,5,2008,707
JHM,5,2008,707
PLK,5,2008,707
HKK,5,2008,707
VYS,5,2008,707
KVK,5,2008,707
LBK,5,2008,707
PAK,5,2008,707
MSK,5,2008,707
OLK,5,2008,707
ULK,5,2008,707
ZLK,5,2008,707
JHC,5,2008,707
PHA,6,2008,2.327
STC,6,2008,2.327
JHM,6,2008,2.327
PLK,6,2008,2.327
HKK,6,2008,2.327
VYS,6,2008,2.327
KVK,6,2008,2.327
LBK,6,2008,2.327
PAK,6,2008,2.327
MSK,6,2008,2.327
OLK,6,2008,2.327
ULK,6,2008,2.327
ZLK,6,2008,2.327
JHC,6,2008,2.327
PHA,7,2008,-4.195
STC,7,2008,-4.195
JHM,7,2008,-4.195
PLK,7,2008,-4.195
HKK,7,2008,-4.195
VYS,7,2008,-4.195
KVK,7,2008,-4.195
LBK,7,2008,-4.195
PAK,7,2008,-4.195
MSK,7,2008,-4.195
OLK,7,2008,-4.195
ULK,7,2008,-4.195
ZLK,7,2008,-4.195
JHC,7,2008,-4.195
PHA,8,2008,-5.629
STC,8,2008,-5.629
JHM,8,2008,-5.629
PLK,8,2008,-5.629
HKK,8,2008,-5.629
VYS,8,2008,-5.629
KVK,8,2008,-5.629
LBK,8,2008,-5.629
PAK,8,2008,-5.629
MSK,8,2008,-5.629
OLK,8,2008,-5.629
ULK,8,2008,-5.629
ZLK,8,2008,-5.629
JHC,8,2008,-5.629
PHA,9,2008,-1.770
STC,9,2008,-1.770
JHM,9,2008,-1.770
PLK,9,2008,-1.770
HKK,9,2008,-1.770
VYS,9,2008,-1.770
KVK,9,2008,-1.770
LBK,9,2008,-1.770
PAK,9,2008,-1.770
MSK,9,2008,-1.770
OLK,9,2008,-1.770
ULK,9,2008,-1.770
ZLK,9,2008,-1.770
JHC,9,2008,-1.770
PHA,10,2008,-12.943
STC,10,2008,-12.943
JHM,10,2008,-12.943
PLK,10,2008,-12.943
HKK,10,2008,-12.943
VYS,10,2008,-12.943
KVK,10,2008,-12.943
LBK,10,2008,-12.943
PAK,10,2008,-12.943
MSK,10,2008,-12.943
OLK,10,2008,-12.943
ULK,10,2008,-12.943
ZLK,10,2008,-12.943
JHC,10,2008,-12.943
PHA,11,2008,-5.681
STC,11,2008,-5.681
JHM,11,2008,-5.681
PLK,11,2008,-5.681
HKK,11,2008,-5.681
VYS,11,2008,-5.681
KVK,11,2008,-5.681
LBK,11,2008,-5.681
PAK,11,2008,-5.681
MSK,11,2008,-5.681
OLK,11,2008,-5.681
ULK,11,2008,-5.681
ZLK,11,2008,-5.681
JHC,11,2008,-5.681
PHA,12,2008,-14.178
STC,12,2008,-14.178
JHM,12,2008,-14.178
PLK,12,2008,-14.178
HKK,12,2008,-14.178
VYS,12,2008,-14.178
KVK,12,2008,-14.178
LBK,12,2008,-14.178
PAK,12,2008,-14.178
MSK,12,2008,-14.178
OLK,12,2008,-14.178
ULK,12,2008,-14.178
ZLK,12,2008,-14.178
JHC,12,2008,-14.178
PHA,1,2009,-2.730
STC,1,2009,-2.730
JHM,1,2009,-2.730
PLK,1,2009,-2.730
HKK,1,2009,-2.730
VYS,1,2009,-2.730
KVK,1,2009,-2.730
LBK,1,2009,-2.730
PAK,1,2009,-2.730
MSK,1,2009,-2.730
OLK,1,2009,-2.730
ULK,1,2009,-2.730
ZLK,1,2009,-2.730
JHC,1,2009,-2.730
PHA,2,2009,-74
STC,2,2009,-74
JHM,2,2009,-74
PLK,2,2009,-74
HKK,2,2009,-74
VYS,2,2009,-74
KVK,2,2009,-74
LBK,2,2009,-74
PAK,2,2009,-74
MSK,2,2009,-74
OLK,2,2009,-74
ULK,2,2009,-74
ZLK,2,2009,-74
JHC,2,2009,-74
PHA,3,2009,9.819
STC,3,2009,9.819
JHM,3,2009,9.819
PLK,3,2009,9.819
HKK,3,2009,9.819
VYS,3,2009,9.819
KVK,3,2009,9.819
LBK,3,2009,9.819
PAK,3,2009,9.819
MSK,3,2009,9.819
OLK,3,2009,9.819
ULK,3,2009,9.819
ZLK,3,2009,9.819
JHC,3,2009,9.819
PHA,4,2009,2.739
STC,4,2009,2.739
JHM,4,2009,2.739
PLK,4,2009,2.739
HKK,4,2009,2.739
VYS,4,2009,2.739
KVK,4,2009,2.739
LBK,4,2009,2.739
PAK,4,2009,2.739
MSK,4,2009,2.739
OLK,4,2009,2.739
ULK,4,2009,2.739
ZLK,4,2009,2.739
JHC,4,2009,2.739
PHA,5,2009,2.499
STC,5,2009,2.499
JHM,5,2009,2.499
PLK,5,2009,2.499
HKK,5,2009,2.499
VYS,5,2009,2.499
KVK,5,2009,2.499
LBK,5,2009,2.499
PAK,5,2009,2.499
MSK,5,2009,2.499
OLK,5,2009,2.499
ULK,5,2009,2.499
ZLK,5,2009,2.499
JHC,5,2009,2.499
PHA,6,2009,9.256
STC,6,2009,9.256
JHM,6,2009,9.256
PLK,6,2009,9.256
HKK,6,2009,9.256
VYS,6,2009,9.256
KVK,6,2009,9.256
LBK,6,2009,9.256
PAK,6,2009,9.256
MSK,6,2009,9.256
OLK,6,2009,9.256
ULK,6,2009,9.256
ZLK,6,2009,9.256
JHC,6,2009,9.256
PHA,7,2009,1.037
STC,7,2009,1.037
JHM,7,2009,1.037
PLK,7,2009,1.037
HKK,7,2009,1.037
VYS,7,2009,1.037
KVK,7,2009,1.037
LBK,7,2009,1.037
PAK,7,2009,1.037
MSK,7,2009,1.037
OLK,7,2009,1.037
ULK,7,2009,1.037
ZLK,7,2009,1.037
JHC,7,2009,1.037
PHA,8,2009,945
STC,8,2009,945
JHM,8,2009,945
PLK,8,2009,945
HKK,8,2009,945
VYS,8,2009,945
KVK,8,2009,945
LBK,8,2009,945
PAK,8,2009,945
MSK,8,2009,945
OLK,8,2009,945
ULK,8,2009,945
ZLK,8,2009,945
JHC,8,2009,945
PHA,9,2009,4.330
STC,9,2009,4.330
JHM,9,2009,4.330
PLK,9,2009,4.330
HKK,9,2009,4.330
VYS,9,2009,4.330
KVK,9,2009,4.330
LBK,9,2009,4.330
PAK,9,2009,4.330
MSK,9,2009,4.330
OLK,9,2009,4.330
ULK,9,2009,4.330
ZLK,9,2009,4.330
JHC,9,2009,4.330
PHA,10,2009,5.213
STC,10,2009,5.213
JHM,10,2009,5.213
PLK,10,2009,5.213
HKK,10,2009,5.213
VYS,10,2009,5.213
KVK,10,2009,5.213
LBK,10,2009,5.213
PAK,10,2009,5.213
MSK,10,2009,5.213
OLK,10,2009,5.213
ULK,10,2009,5.213
ZLK,10,2009,5.213
JHC,10,2009,5.213
PHA,11,2009,2.990
STC,11,2009,2.990
JHM,11,2009,2.990
PLK,11,2009,2.990
HKK,11,2009,2.990
VYS,11,2009,2.990
KVK,11,2009,2.990
LBK,11,2009,2.990
PAK,11,2009,2.990
MSK,11,2009,2.990
OLK,11,2009,2.990
ULK,11,2009,2.990
ZLK,11,2009,2.990
JHC,11,2009,2.990
PHA,12,2009,-4.957
STC,12,2009,-4.957
JHM,12,2009,-4.957
PLK,12,2009,-4.957
HKK,12,2009,-4.957
VYS,12,2009,-4.957
KVK,12,2009,-4.957
LBK,12,2009,-4.957
PAK,12,2009,-4.957
MSK,12,2009,-4.957
OLK,12,2009,-4.957
ULK,12,2009,-4.957
ZLK,12,2009,-4.957
JHC,12,2009,-4.957
PHA,1,2010,6.318
STC,1,2010,6.318
JHM,1,2010,6.318
PLK,1,2010,6.318
HKK,1,2010,6.318
VYS,1,2010,6.318
KVK,1,2010,6.318
LBK,1,2010,6.318
PAK,1,2010,6.318
MSK,1,2010,6.318
OLK,1,2010,6.318
ULK,1,2010,6.318
ZLK,1,2010,6.318
JHC,1,2010,6.318
PHA,2,2010,4.155
STC,2,2010,4.155
JHM,2,2010,4.155
PLK,2,2010,4.155
HKK,2,2010,4.155
VYS,2,2010,4.155
KVK,2,2010,4.155
LBK,2,2010,4.155
PAK,2,2010,4.155
MSK,2,2010,4.155
OLK,2,2010,4.155
ULK,2,2010,4.155
ZLK,2,2010,4.155
JHC,2,2010,4.155
PHA,3,2010,4.636
STC,3,2010,4.636
JHM,3,2010,4.636
PLK,3,2010,4.636
HKK,3,2010,4.636
VYS,3,2010,4.636
KVK,3,2010,4.636
LBK,3,2010,4.636
PAK,3,2010,4.636
MSK,3,2010,4.636
OLK,3,2010,4.636
ULK,3,2010,4.636
ZLK,3,2010,4.636
JHC,3,2010,4.636
PHA,4,2010,3.018
STC,4,2010,3.018
JHM,4,2010,3.018
PLK,4,2010,3.018
HKK,4,2010,3.018
VYS,4,2010,3.018
KVK,4,2010,3.018
LBK,4,2010,3.018
PAK,4,2010,3.018
MSK,4,2010,3.018
OLK,4,2010,3.018
ULK,4,2010,3.018
ZLK,4,2010,3.018
JHC,4,2010,3.018
PHA,5,2010,2.689
STC,5,2010,2.689
JHM,5,2010,2.689
PLK,5,2010,2.689
HKK,5,2010,2.689
VYS,5,2010,2.689
KVK,5,2010,2.689
LBK,5,2010,2.689
PAK,5,2010,2.689
MSK,5,2010,2.689
OLK,5,2010,2.689
ULK,5,2010,2.689
ZLK,5,2010,2.689
JHC,5,2010,2.689
PHA,6,2010,-1.061
STC,6,2010,-1.061
JHM,6,2010,-1.061
PLK,6,2010,-1.061
HKK,6,2010,-1.061
VYS,6,2010,-1.061
KVK,6,2010,-1.061
LBK,6,2010,-1.061
PAK,6,2010,-1.061
MSK,6,2010,-1.061
OLK,6,2010,-1.061
ULK,6,2010,-1.061
ZLK,6,2010,-1.061
JHC,6,2010,-1.061
PHA,7,2010,-10.935
STC,7,2010,-10.935
JHM,7,2010,-10.935
PLK,7,2010,-10.935
HKK,7,2010,-10.935
VYS,7,2010,-10.935
KVK,7,2010,-10.935
LBK,7,2010,-10.935
PAK,7,2010,-10.935
MSK,7,2010,-10.935
OLK,7,2010,-10.935
ULK,7,2010,-10.935
ZLK,7,2010,-10.935
JHC,7,2010,-10.935
PHA,8,2010,-7.702
STC,8,2010,-7.702
JHM,8,2010,-7.702
PLK,8,2010,-7.702
HKK,8,2010,-7.702
VYS,8,2010,-7.702
KVK,8,2010,-7.702
LBK,8,2010,-7.702
PAK,8,2010,-7.702
MSK,8,2010,-7.702
OLK,8,2010,-7.702
ULK,8,2010,-7.702
ZLK,8,2010,-7.702
JHC,8,2010,-7.702
PHA,9,2010,-4.851
STC,9,2010,-4.851
JHM,9,2010,-4.851
PLK,9,2010,-4.851
HKK,9,2010,-4.851
VYS,9,2010,-4.851
KVK,9,2010,-4.851
LBK,9,2010,-4.851
PAK,9,2010,-4.851
MSK,9,2010,-4.851
OLK,9,2010,-4.851
ULK,9,2010,-4.851
ZLK,9,2010,-4.851
JHC,9,2010,-4.851
PHA,10,2010,-3.749
STC,10,2010,-3.749
JHM,10,2010,-3.749
PLK,10,2010,-3.749
HKK,10,2010,-3.749
VYS,10,2010,-3.749
KVK,10,2010,-3.749
LBK,10,2010,-3.749
PAK,10,2010,-3.749
MSK,10,2010,-3.749
OLK,10,2010,-3.749
ULK,10,2010,-3.749
ZLK,10,2010,-3.749
JHC,10,2010,-3.749
PHA,11,2010,-4.867
STC,11,2010,-4.867
JHM,11,2010,-4.867
PLK,11,2010,-4.867
HKK,11,2010,-4.867
VYS,11,2010,-4.867
KVK,11,2010,-4.867
LBK,11,2010,-4.867
PAK,11,2010,-4.867
MSK,11,2010,-4.867
OLK,11,2010,-4.867
ULK,11,2010,-4.867
ZLK,11,2010,-4.867
JHC,11,2010,-4.867
PHA,12,2010,-8.230
STC,12,2010,-8.230
JHM,12,2010,-8.230
PLK,12,2010,-8.230
HKK,12,2010,-8.230
VYS,12,2010,-8.230
KVK,12,2010,-8.230
LBK,12,2010,-8.230
PAK,12,2010,-8.230
MSK,12,2010,-8.230
OLK,12,2010,-8.230
ULK,12,2010,-8.230
ZLK,12,2010,-8.230
JHC,12,2010,-8.230
PHA,1,2011,3.926
STC,1,2011,3.926
JHM,1,2011,3.926
PLK,1,2011,3.926
HKK,1,2011,3.926
VYS,1,2011,3.926
KVK,1,2011,3.926
LBK,1,2011,3.926
PAK,1,2011,3.926
MSK,1,2011,3.926
OLK,1,2011,3.926
ULK,1,2011,3.926
ZLK,1,2011,3.926
JHC,1,2011,3.926
PHA,2,2011,559
STC,2,2011,559
JHM,2,2011,559
PLK,2,2011,559
HKK,2,2011,559
VYS,2,2011,559
KVK,2,2011,559
LBK,2,2011,559
PAK,2,2011,559
MSK,2,2011,559
OLK,2,2011,559
ULK,2,2011,559
ZLK,2,2011,559
JHC,2,2011,559
PHA,3,2011,9.384
STC,3,2011,9.384
JHM,3,2011,9.384
PLK,3,2011,9.384
HKK,3,2011,9.384
VYS,3,2011,9.384
KVK,3,2011,9.384
LBK,3,2011,9.384
PAK,3,2011,9.384
MSK,3,2011,9.384
OLK,3,2011,9.384
ULK,3,2011,9.384
ZLK,3,2011,9.384
JHC,3,2011,9.384
PHA,4,2011,2.092
STC,4,2011,2.092
JHM,4,2011,2.092
PLK,4,2011,2.092
HKK,4,2011,2.092
VYS,4,2011,2.092
KVK,4,2011,2.092
LBK,4,2011,2.092
PAK,4,2011,2.092
MSK,4,2011,2.092
OLK,4,2011,2.092
ULK,4,2011,2.092
ZLK,4,2011,2.092
JHC,4,2011,2.092
PHA,5,2011,476
STC,5,2011,476
JHM,5,2011,476
PLK,5,2011,476
HKK,5,2011,476
VYS,5,2011,476
KVK,5,2011,476
LBK,5,2011,476
PAK,5,2011,476
MSK,5,2011,476
OLK,5,2011,476
ULK,5,2011,476
ZLK,5,2011,476
JHC,5,2011,476
PHA,6,2011,4.983
STC,6,2011,4.983
JHM,6,2011,4.983
PLK,6,2011,4.983
HKK,6,2011,4.983
VYS,6,2011,4.983
KVK,6,2011,4.983
LBK,6,2011,4.983
PAK,6,2011,4.983
MSK,6,2011,4.983
OLK,6,2011,4.983
ULK,6,2011,4.983
ZLK,6,2011,4.983
JHC,6,2011,4.983
PHA,7,2011,-3.777
STC,7,2011,-3.777
JHM,7,2011,-3.777
PLK,7,2011,-3.777
HKK,7,2011,-3.777
VYS,7,2011,-3.777
KVK,7,2011,-3.777
LBK,7,2011,-3.777
PAK,7,2011,-3.777
MSK,7,2011,-3.777
OLK,7,2011,-3.777
ULK,7,2011,-3.777
ZLK,7,2011,-3.777
JHC,7,2011,-3.777
PHA,8,2011,-14.425
STC,8,2011,-14.425
JHM,8,2011,-14.425
PLK,8,2011,-14.425
HKK,8,2011,-14.425
VYS,8,2011,-14.425
KVK,8,2011,-14.425
LBK,8,2011,-14.425
PAK,8,2011,-14.425
MSK,8,2011,-14.425
OLK,8,2011,-14.425
ULK,8,2011,-14.425
ZLK,8,2011,-14.425
JHC,8,2011,-14.425
PHA,9,2011,5.807
STC,9,2011,5.807
JHM,9,2011,5.807
PLK,9,2011,5.807
HKK,9,2011,5.807
VYS,9,2011,5.807
KVK,9,2011,5.807
LBK,9,2011,5.807
PAK,9,2011,5.807
MSK,9,2011,5.807
OLK,9,2011,5.807
ULK,9,2011,5.807
ZLK,9,2011,5.807
JHC,9,2011,5.807
PHA,10,2011,12.802
STC,10,2011,12.802
JHM,10,2011,12.802
PLK,10,2011,12.802
HKK,10,2011,12.802
VYS,10,2011,12.802
KVK,10,2011,12.802
LBK,10,2011,12.802
PAK,10,2011,12.802
MSK,10,2011,12.802
OLK,10,2011,12.802
ULK,10,2011,12.802
ZLK,10,2011,12.802
JHC,10,2011,12.802
PHA,11,2011,-668
STC,11,2011,-668
JHM,11,2011,-668
PLK,11,2011,-668
HKK,11,2011,-668
VYS,11,2011,-668
KVK,11,2011,-668
LBK,11,2011,-668
PAK,11,2011,-668
MSK,11,2011,-668
OLK,11,2011,-668
ULK,11,2011,-668
ZLK,11,2011,-668
JHC,11,2011,-668
PHA,12,2011,-9.182
STC,12,2011,-9.182
JHM,12,2011,-9.182
PLK,12,2011,-9.182
HKK,12,2011,-9.182
VYS,12,2011,-9.182
KVK,12,2011,-9.182
LBK,12,2011,-9.182
PAK,12,2011,-9.182
MSK,12,2011,-9.182
OLK,12,2011,-9.182
ULK,12,2011,-9.182
ZLK,12,2011,-9.182
JHC,12,2011,-9.182
PHA,1,2012,5.713
STC,1,2012,5.713
JHM,1,2012,5.713
PLK,1,2012,5.713
HKK,1,2012,5.713
VYS,1,2012,5.713
KVK,1,2012,5.713
LBK,1,2012,5.713
PAK,1,2012,5.713
MSK,1,2012,5.713
OLK,1,2012,5.713
ULK,1,2012,5.713
ZLK,1,2012,5.713
JHC,1,2012,5.713
PHA,2,2012,12.215
STC,2,2012,12.215
JHM,2,2012,12.215
PLK,2,2012,12.215
HKK,2,2012,12.215
VYS,2,2012,12.215
KVK,2,2012,12.215
LBK,2,2012,12.215
PAK,2,2012,12.215
MSK,2,2012,12.215
OLK,2,2012,12.215
ULK,2,2012,12.215
ZLK,2,2012,12.215
JHC,2,2012,12.215
PHA,3,2012,13.526
STC,3,2012,13.526
JHM,3,2012,13.526
PLK,3,2012,13.526
HKK,3,2012,13.526
VYS,3,2012,13.526
KVK,3,2012,13.526
LBK,3,2012,13.526
PAK,3,2012,13.526
MSK,3,2012,13.526
OLK,3,2012,13.526
ULK,3,2012,13.526
ZLK,3,2012,13.526
JHC,3,2012,13.526
PHA,4,2012,5.646
STC,4,2012,5.646
JHM,4,2012,5.646
PLK,4,2012,5.646
HKK,4,2012,5.646
VYS,4,2012,5.646
KVK,4,2012,5.646
LBK,4,2012,5.646
PAK,4,2012,5.646
MSK,4,2012,5.646
OLK,4,2012,5.646
ULK,4,2012,5.646
ZLK,4,2012,5.646
JHC,4,2012,5.646
PHA,5,2012,1.833
STC,5,2012,1.833
JHM,5,2012,1.833
PLK,5,2012,1.833
HKK,5,2012,1.833
VYS,5,2012,1.833
KVK,5,2012,1.833
LBK,5,2012,1.833
PAK,5,2012,1.833
MSK,5,2012,1.833
OLK,5,2012,1.833
ULK,5,2012,1.833
ZLK,5,2012,1.833
JHC,5,2012,1.833
PHA,6,2012,11.270
STC,6,2012,11.270
JHM,6,2012,11.270
PLK,6,2012,11.270
HKK,6,2012,11.270
VYS,6,2012,11.270
KVK,6,2012,11.270
LBK,6,2012,11.270
PAK,6,2012,11.270
MSK,6,2012,11.270
OLK,6,2012,11.270
ULK,6,2012,11.270
ZLK,6,2012,11.270
JHC,6,2012,11.270
PHA,7,2012,2.780
STC,7,2012,2.780
JHM,7,2012,2.780
PLK,7,2012,2.780
HKK,7,2012,2.780
VYS,7,2012,2.780
KVK,7,2012,2.780
LBK,7,2012,2.780
PAK,7,2012,2.780
MSK,7,2012,2.780
OLK,7,2012,2.780
ULK,7,2012,2.780
ZLK,7,2012,2.780
JHC,7,2012,2.780
PHA,8,2012,152
STC,8,2012,152
JHM,8,2012,152
PLK,8,2012,152
HKK,8,2012,152
VYS,8,2012,152
KVK,8,2012,152
LBK,8,2012,152
PAK,8,2012,152
MSK,8,2012,152
OLK,8,2012,152
ULK,8,2012,152
ZLK,8,2012,152
JHC,8,2012,152
PHA,9,2012,9.797
STC,9,2012,9.797
JHM,9,2012,9.797
PLK,9,2012,9.797
HKK,9,2012,9.797
VYS,9,2012,9.797
KVK,9,2012,9.797
LBK,9,2012,9.797
PAK,9,2012,9.797
MSK,9,2012,9.797
OLK,9,2012,9.797
ULK,9,2012,9.797
ZLK,9,2012,9.797
JHC,9,2012,9.797
PHA,10,2012,-110
STC,10,2012,-110
JHM,10,2012,-110
PLK,10,2012,-110
HKK,10,2012,-110
VYS,10,2012,-110
KVK,10,2012,-110
LBK,10,2012,-110
PAK,10,2012,-110
MSK,10,2012,-110
OLK,10,2012,-110
ULK,10,2012,-110
ZLK,10,2012,-110
JHC,10,2012,-110
PHA,11,2012,8.080
STC,11,2012,8.080
JHM,11,2012,8.080
PLK,11,2012,8.080
HKK,11,2012,8.080
VYS,11,2012,8.080
KVK,11,2012,8.080
LBK,11,2012,8.080
PAK,11,2012,8.080
MSK,11,2012,8.080
OLK,11,2012,8.080
ULK,11,2012,8.080
ZLK,11,2012,8.080
JHC,11,2012,8.080
PHA,12,2012,-6.492
STC,12,2012,-6.492
JHM,12,2012,-6.492
PLK,12,2012,-6.492
HKK,12,2012,-6.492
VYS,12,2012,-6.492
KVK,12,2012,-6.492
LBK,12,2012,-6.492
PAK,12,2012,-6.492
MSK,12,2012,-6.492
OLK,12,2012,-6.492
ULK,12,2012,-6.492
ZLK,12,2012,-6.492
JHC,12,2012,-6.492
PHA,1,2013,3.739
STC,1,2013,3.739
JHM,1,2013,3.739
PLK,1,2013,3.739
HKK,1,2013,3.739
VYS,1,2013,3.739
KVK,1,2013,3.739
LBK,1,2013,3.739
PAK,1,2013,3.739
MSK,1,2013,3.739
OLK,1,2013,3.739
ULK,1,2013,3.739
ZLK,1,2013,3.739
JHC,1,2013,3.739
PHA,2,2013,16.690
STC,2,2013,16.690
JHM,2,2013,16.690
PLK,2,2013,16.690
HKK,2,2013,16.690
VYS,2,2013,16.690
KVK,2,2013,16.690
LBK,2,2013,16.690
PAK,2,2013,16.690
MSK,2,2013,16.690
OLK,2,2013,16.690
ULK,2,2013,16.690
ZLK,2,2013,16.690
JHC,2,2013,16.690
PHA,3,2013,15.220
STC,3,2013,15.220
JHM,3,2013,15.220
PLK,3,2013,15.220
HKK,3,2013,15.220
VYS,3,2013,15.220
KVK,3,2013,15.220
LBK,3,2013,15.220
PAK,3,2013,15.220
MSK,3,2013,15.220
OLK,3,2013,15.220
ULK,3,2013,15.220
ZLK,3,2013,15.220
JHC,3,2013,15.220
PHA,4,2013,15.797
STC,4,2013,15.797
JHM,4,2013,15.797
PLK,4,2013,15.797
HKK,4,2013,15.797
VYS,4,2013,15.797
KVK,4,2013,15.797
LBK,4,2013,15.797
PAK,4,2013,15.797
MSK,4,2013,15.797
OLK,4,2013,15.797
ULK,4,2013,15.797
ZLK,4,2013,15.797
JHC,4,2013,15.797
PHA,5,2013,13.375
STC,5,2013,13.375
JHM,5,2013,13.375
PLK,5,2013,13.375
HKK,5,2013,13.375
VYS,5,2013,13.375
KVK,5,2013,13.375
LBK,5,2013,13.375
PAK,5,2013,13.375
MSK,5,2013,13.375
OLK,5,2013,13.375
ULK,5,2013,13.375
ZLK,5,2013,13.375
JHC,5,2013,13.375
PHA,6,2013,14.898
STC,6,2013,14.898
JHM,6,2013,14.898
PLK,6,2013,14.898
HKK,6,2013,14.898
VYS,6,2013,14.898
KVK,6,2013,14.898
LBK,6,2013,14.898
PAK,6,2013,14.898
MSK,6,2013,14.898
OLK,6,2013,14.898
ULK,6,2013,14.898
ZLK,6,2013,14.898
JHC,6,2013,14.898
PHA,7,2013,4.905
STC,7,2013,4.905
JHM,7,2013,4.905
PLK,7,2013,4.905
HKK,7,2013,4.905
VYS,7,2013,4.905
KVK,7,2013,4.905
LBK,7,2013,4.905
PAK,7,2013,4.905
MSK,7,2013,4.905
OLK,7,2013,4.905
ULK,7,2013,4.905
ZLK,7,2013,4.905
JHC,7,2013,4.905
PHA,8,2013,1.127
STC,8,2013,1.127
JHM,8,2013,1.127
PLK,8,2013,1.127
HKK,8,2013,1.127
VYS,8,2013,1.127
KVK,8,2013,1.127
LBK,8,2013,1.127
PAK,8,2013,1.127
MSK,8,2013,1.127
OLK,8,2013,1.127
ULK,8,2013,1.127
ZLK,8,2013,1.127
JHC,8,2013,1.127
PHA,9,2013,11.065
STC,9,2013,11.065
JHM,9,2013,11.065
PLK,9,2013,11.065
HKK,9,2013,11.065
VYS,9,2013,11.065
KVK,9,2013,11.065
LBK,9,2013,11.065
PAK,9,2013,11.065
MSK,9,2013,11.065
OLK,9,2013,11.065
ULK,9,2013,11.065
ZLK,9,2013,11.065
JHC,9,2013,11.065
PHA,10,2013,8.569
STC,10,2013,8.569
JHM,10,2013,8.569
PLK,10,2013,8.569
HKK,10,2013,8.569
VYS,10,2013,8.569
KVK,10,2013,8.569
LBK,10,2013,8.569
PAK,10,2013,8.569
MSK,10,2013,8.569
OLK,10,2013,8.569
ULK,10,2013,8.569
ZLK,10,2013,8.569
JHC,10,2013,8.569
PHA,11,2013,11.383
STC,11,2013,11.383
JHM,11,2013,11.383
PLK,11,2013,11.383
HKK,11,2013,11.383
VYS,11,2013,11.383
KVK,11,2013,11.383
LBK,11,2013,11.383
PAK,11,2013,11.383
MSK,11,2013,11.383
OLK,11,2013,11.383
ULK,11,2013,11.383
ZLK,11,2013,11.383
JHC,11,2013,11.383
PHA,12,2013,-10.250
STC,12,2013,-10.250
JHM,12,2013,-10.250
PLK,12,2013,-10.250
HKK,12,2013,-10.250
VYS,12,2013,-10.250
KVK,12,2013,-10.250
LBK,12,2013,-10.250
PAK,12,2013,-10.250
MSK,12,2013,-10.250
OLK,12,2013,-10.250
ULK,12,2013,-10.250
ZLK,12,2013,-10.250
JHC,12,2013,-10.250
PHA,1,2014,15.325
STC,1,2014,15.325
JHM,1,2014,15.325
PLK,1,2014,15.325
HKK,1,2014,15.325
VYS,1,2014,15.325
KVK,1,2014,15.325
LBK,1,2014,15.325
PAK,1,2014,15.325
MSK,1,2014,15.325
OLK,1,2014,15.325
ULK,1,2014,15.325
ZLK,1,2014,15.325
JHC,1,2014,15.325
PHA,2,2014,14.299
STC,2,2014,14.299
JHM,2,2014,14.299
PLK,2,2014,14.299
HKK,2,2014,14.299
VYS,2,2014,14.299
KVK,2,2014,14.299
LBK,2,2014,14.299
PAK,2,2014,14.299
MSK,2,2014,14.299
OLK,2,2014,14.299
ULK,2,2014,14.299
ZLK,2,2014,14.299
JHC,2,2014,14.299
PHA,3,2014,24.415
STC,3,2014,24.415
JHM,3,2014,24.415
PLK,3,2014,24.415
HKK,3,2014,24.415
VYS,3,2014,24.415
KVK,3,2014,24.415
LBK,3,2014,24.415
PAK,3,2014,24.415
MSK,3,2014,24.415
OLK,3,2014,24.415
ULK,3,2014,24.415
ZLK,3,2014,24.415
JHC,3,2014,24.415
PHA,4,2014,15.509
STC,4,2014,15.509
JHM,4,2014,15.509
PLK,4,2014,15.509
HKK,4,2014,15.509
VYS,4,2014,15.509
KVK,4,2014,15.509
LBK,4,2014,15.509
PAK,4,2014,15.509
MSK,4,2014,15.509
OLK,4,2014,15.509
ULK,4,2014,15.509
ZLK,4,2014,15.509
JHC,4,2014,15.509
PHA,5,2014,11.809
STC,5,2014,11.809
JHM,5,2014,11.809
PLK,5,2014,11.809
HKK,5,2014,11.809
VYS,5,2014,11.809
KVK,5,2014,11.809
LBK,5,2014,11.809
PAK,5,2014,11.809
MSK,5,2014,11.809
OLK,5,2014,11.809
ULK,5,2014,11.809
ZLK,5,2014,11.809
JHC,5,2014,11.809
PHA,6,2014,16.989
STC,6,2014,16.989
JHM,6,2014,16.989
PLK,6,2014,16.989
HKK,6,2014,16.989
VYS,6,2014,16.989
KVK,6,2014,16.989
LBK,6,2014,16.989
PAK,6,2014,16.989
MSK,6,2014,16.989
OLK,6,2014,16.989
ULK,6,2014,16.989
ZLK,6,2014,16.989
JHC,6,2014,16.989
PHA,7,2014,10.616
STC,7,2014,10.616
JHM,7,2014,10.616
PLK,7,2014,10.616
HKK,7,2014,10.616
VYS,7,2014,10.616
KVK,7,2014,10.616
LBK,7,2014,10.616
PAK,7,2014,10.616
MSK,7,2014,10.616
OLK,7,2014,10.616
ULK,7,2014,10.616
ZLK,7,2014,10.616
JHC,7,2014,10.616
PHA,8,2014,1.143
STC,8,2014,1.143
JHM,8,2014,1.143
PLK,8,2014,1.143
HKK,8,2014,1.143
VYS,8,2014,1.143
KVK,8,2014,1.143
LBK,8,2014,1.143
PAK,8,2014,1.143
MSK,8,2014,1.143
OLK,8,2014,1.143
ULK,8,2014,1.143
ZLK,8,2014,1.143
JHC,8,2014,1.143
PHA,9,2014,19.086
STC,9,2014,19.086
JHM,9,2014,19.086
PLK,9,2014,19.086
HKK,9,2014,19.086
VYS,9,2014,19.086
KVK,9,2014,19.086
LBK,9,2014,19.086
PAK,9,2014,19.086
MSK,9,2014,19.086
OLK,9,2014,19.086
ULK,9,2014,19.086
ZLK,9,2014,19.086
JHC,9,2014,19.086
PHA,10,2014,12.171
STC,10,2014,12.171
JHM,10,2014,12.171
PLK,10,2014,12.171
HKK,10,2014,12.171
VYS,10,2014,12.171
KVK,10,2014,12.171
LBK,10,2014,12.171
PAK,10,2014,12.171
MSK,10,2014,12.171
OLK,10,2014,12.171
ULK,10,2014,12.171
ZLK,10,2014,12.171
JHC,10,2014,12.171
PHA,11,2014,10.249
STC,11,2014,10.249
JHM,11,2014,10.249
PLK,11,2014,10.249
HKK,11,2014,10.249
VYS,11,2014,10.249
KVK,11,2014,10.249
LBK,11,2014,10.249
PAK,11,2014,10.249
MSK,11,2014,10.249
OLK,11,2014,10.249
ULK,11,2014,10.249
ZLK,11,2014,10.249
JHC,11,2014,10.249
PHA,12,2014,-5.602
STC,12,2014,-5.602
JHM,12,2014,-5.602
PLK,12,2014,-5.602
HKK,12,2014,-5.602
VYS,12,2014,-5.602
KVK,12,2014,-5.602
LBK,12,2014,-5.602
PAK,12,2014,-5.602
MSK,12,2014,-5.602
OLK,12,2014,-5.602
ULK,12,2014,-5.602
ZLK,12,2014,-5.602
JHC,12,2014,-5.602
PHA,1,2015,20.141
STC,1,2015,20.141
JHM,1,2015,20.141
PLK,1,2015,20.141
HKK,1,2015,20.141
VYS,1,2015,20.141
KVK,1,2015,20.141
LBK,1,2015,20.141
PAK,1,2015,20.141
MSK,1,2015,20.141
OLK,1,2015,20.141
ULK,1,2015,20.141
ZLK,1,2015,20.141
JHC,1,2015,20.141
PHA,2,2015,16.978
STC,2,2015,16.978
JHM,2,2015,16.978
PLK,2,2015,16.978
HKK,2,2015,16.978
VYS,2,2015,16.978
KVK,2,2015,16.978
LBK,2,2015,16.978
PAK,2,2015,16.978
MSK,2,2015,16.978
OLK,2,2015,16.978
ULK,2,2015,16.978
ZLK,2,2015,16.978
JHC,2,2015,16.978
PHA,3,2015,15.998
STC,3,2015,15.998
JHM,3,2015,15.998
PLK,3,2015,15.998
HKK,3,2015,15.998
VYS,3,2015,15.998
KVK,3,2015,15.998
LBK,3,2015,15.998
PAK,3,2015,15.998
MSK,3,2015,15.998
OLK,3,2015,15.998
ULK,3,2015,15.998
ZLK,3,2015,15.998
JHC,3,2015,15.998
PHA,4,2015,13.558
STC,4,2015,13.558
JHM,4,2015,13.558
PLK,4,2015,13.558
HKK,4,2015,13.558
VYS,4,2015,13.558
KVK,4,2015,13.558
LBK,4,2015,13.558
PAK,4,2015,13.558
MSK,4,2015,13.558
OLK,4,2015,13.558
ULK,4,2015,13.558
ZLK,4,2015,13.558
JHC,4,2015,13.558
PHA,5,2015,7.673
STC,5,2015,7.673
JHM,5,2015,7.673
PLK,5,2015,7.673
HKK,5,2015,7.673
VYS,5,2015,7.673
KVK,5,2015,7.673
LBK,5,2015,7.673
PAK,5,2015,7.673
MSK,5,2015,7.673
OLK,5,2015,7.673
ULK,5,2015,7.673
ZLK,5,2015,7.673
JHC,5,2015,7.673
PHA,6,2015,14.352
STC,6,2015,14.352
JHM,6,2015,14.352
PLK,6,2015,14.352
HKK,6,2015,14.352
VYS,6,2015,14.352
KVK,6,2015,14.352
LBK,6,2015,14.352
PAK,6,2015,14.352
MSK,6,2015,14.352
OLK,6,2015,14.352
ULK,6,2015,14.352
ZLK,6,2015,14.352
JHC,6,2015,14.352
PHA,7,2015,4.362
STC,7,2015,4.362
JHM,7,2015,4.362
PLK,7,2015,4.362
HKK,7,2015,4.362
VYS,7,2015,4.362
KVK,7,2015,4.362
LBK,7,2015,4.362
PAK,7,2015,4.362
MSK,7,2015,4.362
OLK,7,2015,4.362
ULK,7,2015,4.362
ZLK,7,2015,4.362
JHC,7,2015,4.362
PHA,8,2015,-1.726
STC,8,2015,-1.726
JHM,8,2015,-1.726
PLK,8,2015,-1.726
HKK,8,2015,-1.726
VYS,8,2015,-1.726
KVK,8,2015,-1.726
LBK,8,2015,-1.726
PAK,8,2015,-1.726
MSK,8,2015,-1.726
OLK,8,2015,-1.726
ULK,8,2015,-1.726
ZLK,8,2015,-1.726
JHC,8,2015,-1.726
PHA,9,2015,15.976
STC,9,2015,15.976
JHM,9,2015,15.976
PLK,9,2015,15.976
HKK,9,2015,15.976
VYS,9,2015,15.976
KVK,9,2015,15.976
LBK,9,2015,15.976
PAK,9,2015,15.976
MSK,9,2015,15.976
OLK,9,2015,15.976
ULK,9,2015,15.976
ZLK,9,2015,15.976
JHC,9,2015,15.976
PHA,10,2015,15.176
STC,10,2015,15.176
JHM,10,2015,15.176
PLK,10,2015,15.176
HKK,10,2015,15.176
VYS,10,2015,15.176
KVK,10,2015,15.176
LBK,10,2015,15.176
PAK,10,2015,15.176
MSK,10,2015,15.176
OLK,10,2015,15.176
ULK,10,2015,15.176
ZLK,10,2015,15.176
JHC,10,2015,15.176
PHA,11,2015,9.644
STC,11,2015,9.644
JHM,11,2015,9.644
PLK,11,2015,9.644
HKK,11,2015,9.644
VYS,11,2015,9.644
KVK,11,2015,9.644
LBK,11,2015,9.644
PAK,11,2015,9.644
MSK,11,2015,9.644
OLK,11,2015,9.644
ULK,11,2015,9.644
ZLK,11,2015,9.644
JHC,11,2015,9.644
PHA,12,2015,-1.156
STC,12,2015,-1.156
JHM,12,2015,-1.156
PLK,12,2015,-1.156
HKK,12,2015,-1.156
VYS,12,2015,-1.156
KVK,12,2015,-1.156
LBK,12,2015,-1.156
PAK,12,2015,-1.156
MSK,12,2015,-1.156
OLK,12,2015,-1.156
ULK,12,2015,-1.156
ZLK,12,2015,-1.156
JHC,12,2015,-1.156
PHA,1,2016,20.890
STC,1,2016,20.890
JHM,1,2016,20.890
PLK,1,2016,20.890
HKK,1,2016,20.890
VYS,1,2016,20.890
KVK,1,2016,20.890
LBK,1,2016,20.890
PAK,1,2016,20.890
MSK,1,2016,20.890
OLK,1,2016,20.890
ULK,1,2016,20.890
ZLK,1,2016,20.890
JHC,1,2016,20.890
PHA,2,2016,19.896
STC,2,2016,19.896
JHM,2,2016,19.896
PLK,2,2016,19.896
HKK,2,2016,19.896
VYS,2,2016,19.896
KVK,2,2016,19.896
LBK,2,2016,19.896
PAK,2,2016,19.896
MSK,2,2016,19.896
OLK,2,2016,19.896
ULK,2,2016,19.896
ZLK,2,2016,19.896
JHC,2,2016,19.896
PHA,3,2016,20.927
STC,3,2016,20.927
JHM,3,2016,20.927
PLK,3,2016,20.927
HKK,3,2016,20.927
VYS,3,2016,20.927
KVK,3,2016,20.927
LBK,3,2016,20.927
PAK,3,2016,20.927
MSK,3,2016,20.927
OLK,3,2016,20.927
ULK,3,2016,20.927
ZLK,3,2016,20.927
JHC,3,2016,20.927
PHA,4,2016,23.863
STC,4,2016,23.863
JHM,4,2016,23.863
PLK,4,2016,23.863
HKK,4,2016,23.863
VYS,4,2016,23.863
KVK,4,2016,23.863
LBK,4,2016,23.863
PAK,4,2016,23.863
MSK,4,2016,23.863
OLK,4,2016,23.863
ULK,4,2016,23.863
ZLK,4,2016,23.863
JHC,4,2016,23.863
PHA,5,2016,16.877
STC,5,2016,16.877
JHM,5,2016,16.877
PLK,5,2016,16.877
HKK,5,2016,16.877
VYS,5,2016,16.877
KVK,5,2016,16.877
LBK,5,2016,16.877
PAK,5,2016,16.877
MSK,5,2016,16.877
OLK,5,2016,16.877
ULK,5,2016,16.877
ZLK,5,2016,16.877
JHC,5,2016,16.877
PHA,6,2016,20.045
STC,6,2016,20.045
JHM,6,2016,20.045
PLK,6,2016,20.045
HKK,6,2016,20.045
VYS,6,2016,20.045
KVK,6,2016,20.045
LBK,6,2016,20.045
PAK,6,2016,20.045
MSK,6,2016,20.045
OLK,6,2016,20.045
ULK,6,2016,20.045
ZLK,6,2016,20.045
JHC,6,2016,20.045
PHA,7,2016,-209
STC,7,2016,-209
JHM,7,2016,-209
PLK,7,2016,-209
HKK,7,2016,-209
VYS,7,2016,-209
KVK,7,2016,-209
LBK,7,2016,-209
PAK,7,2016,-209
MSK,7,2016,-209
OLK,7,2016,-209
ULK,7,2016,-209
ZLK,7,2016,-209
JHC,7,2016,-209
PHA,8,2016,7.325
STC,8,2016,7.325
JHM,8,2016,7.325
PLK,8,2016,7.325
HKK,8,2016,7.325
VYS,8,2016,7.325
KVK,8,2016,7.325
LBK,8,2016,7.325
PAK,8,2016,7.325
MSK,8,2016,7.325
OLK,8,2016,7.325
ULK,8,2016,7.325
ZLK,8,2016,7.325
JHC,8,2016,7.325
PHA,9,2016,19.371
STC,9,2016,19.371
JHM,9,2016,19.371
PLK,9,2016,19.371
HKK,9,2016,19.371
VYS,9,2016,19.371
KVK,9,2016,19.371
LBK,9,2016,19.371
PAK,9,2016,19.371
MSK,9,2016,19.371
OLK,9,2016,19.371
ULK,9,2016,19.371
ZLK,9,2016,19.371
JHC,9,2016,19.371
PHA,10,2016,14.699
STC,10,2016,14.699
JHM,10,2016,14.699
PLK,10,2016,14.699
HKK,10,2016,14.699
VYS,10,2016,14.699
KVK,10,2016,14.699
LBK,10,2016,14.699
PAK,10,2016,14.699
MSK,10,2016,14.699
OLK,10,2016,14.699
ULK,10,2016,14.699
ZLK,10,2016,14.699
JHC,10,2016,14.699
PHA,11,2016,8.328
STC,11,2016,8.328
JHM,11,2016,8.328
PLK,11,2016,8.328
HKK,11,2016,8.328
VYS,11,2016,8.328
KVK,11,2016,8.328
LBK,11,2016,8.328
PAK,11,2016,8.328
MSK,11,2016,8.328
OLK,11,2016,8.328
ULK,11,2016,8.328
ZLK,11,2016,8.328
JHC,11,2016,8.328
PHA,12,2016,-8.357
STC,12,2016,-8.357
JHM,12,2016,-8.357
PLK,12,2016,-8.357
HKK,12,2016,-8.357
VYS,12,2016,-8.357
KVK,12,2016,-8.357
LBK,12,2016,-8.357
PAK,12,2016,-8.357
MSK,12,2016,-8.357
OLK,12,2016,-8.357
ULK,12,2016,-8.357
ZLK,12,2016,-8.357
JHC,12,2016,-8.357
PHA,1,2017,23.257
STC,1,2017,23.257
JHM,1,2017,23.257
PLK,1,2017,23.257
HKK,1,2017,23.257
VYS,1,2017,23.257
KVK,1,2017,23.257
LBK,1,2017,23.257
PAK,1,2017,23.257
MSK,1,2017,23.257
OLK,1,2017,23.257
ULK,1,2017,23.257
ZLK,1,2017,23.257
JHC,1,2017,23.257
PHA,2,2017,22.608
STC,2,2017,22.608
JHM,2,2017,22.608
PLK,2,2017,22.608
HKK,2,2017,22.608
VYS,2,2017,22.608
KVK,2,2017,22.608
LBK,2,2017,22.608
PAK,2,2017,22.608
MSK,2,2017,22.608
OLK,2,2017,22.608
ULK,2,2017,22.608
ZLK,2,2017,22.608
JHC,2,2017,22.608
PHA,3,2017,27.435
STC,3,2017,27.435
JHM,3,2017,27.435
PLK,3,2017,27.435
HKK,3,2017,27.435
VYS,3,2017,27.435
KVK,3,2017,27.435
LBK,3,2017,27.435
PAK,3,2017,27.435
MSK,3,2017,27.435
OLK,3,2017,27.435
ULK,3,2017,27.435
ZLK,3,2017,27.435
JHC,3,2017,27.435
PHA,4,2017,14.901
STC,4,2017,14.901
JHM,4,2017,14.901
PLK,4,2017,14.901
HKK,4,2017,14.901
VYS,4,2017,14.901
KVK,4,2017,14.901
LBK,4,2017,14.901
PAK,4,2017,14.901
MSK,4,2017,14.901
OLK,4,2017,14.901
ULK,4,2017,14.901
ZLK,4,2017,14.901
JHC,4,2017,14.901
PHA,5,2017,16.179
STC,5,2017,16.179
JHM,5,2017,16.179
PLK,5,2017,16.179
HKK,5,2017,16.179
VYS,5,2017,16.179
KVK,5,2017,16.179
LBK,5,2017,16.179
PAK,5,2017,16.179
MSK,5,2017,16.179
OLK,5,2017,16.179
ULK,5,2017,16.179
ZLK,5,2017,16.179
JHC,5,2017,16.179
PHA,6,2017,20.706
STC,6,2017,20.706
JHM,6,2017,20.706
PLK,6,2017,20.706
HKK,6,2017,20.706
VYS,6,2017,20.706
KVK,6,2017,20.706
LBK,6,2017,20.706
PAK,6,2017,20.706
MSK,6,2017,20.706
OLK,6,2017,20.706
ULK,6,2017,20.706
ZLK,6,2017,20.706
JHC,6,2017,20.706
PHA,7,2017,-1.944
STC,7,2017,-1.944
JHM,7,2017,-1.944
PLK,7,2017,-1.944
HKK,7,2017,-1.944
VYS,7,2017,-1.944
KVK,7,2017,-1.944
LBK,7,2017,-1.944
PAK,7,2017,-1.944
MSK,7,2017,-1.944
OLK,7,2017,-1.944
ULK,7,2017,-1.944
ZLK,7,2017,-1.944
JHC,7,2017,-1.944
PHA,8,2017,4.916
STC,8,2017,4.916
JHM,8,2017,4.916
PLK,8,2017,4.916
HKK,8,2017,4.916
VYS,8,2017,4.916
KVK,8,2017,4.916
LBK,8,2017,4.916
PAK,8,2017,4.916
MSK,8,2017,4.916
OLK,8,2017,4.916
ULK,8,2017,4.916
ZLK,8,2017,4.916
JHC,8,2017,4.916
PHA,9,2017,18.709
STC,9,2017,18.709
JHM,9,2017,18.709
PLK,9,2017,18.709
HKK,9,2017,18.709
VYS,9,2017,18.709
KVK,9,2017,18.709
LBK,9,2017,18.709
PAK,9,2017,18.709
MSK,9,2017,18.709
OLK,9,2017,18.709
ULK,9,2017,18.709
ZLK,9,2017,18.709
JHC,9,2017,18.709
PHA,10,2017,9.094
STC,10,2017,9.094
JHM,10,2017,9.094
PLK,10,2017,9.094
HKK,10,2017,9.094
VYS,10,2017,9.094
KVK,10,2017,9.094
LBK,10,2017,9.094
PAK,10,2017,9.094
MSK,10,2017,9.094
OLK,10,2017,9.094
ULK,10,2017,9.094
ZLK,10,2017,9.094
JHC,10,2017,9.094
PHA,11,2017,11.264
STC,11,2017,11.264
JHM,11,2017,11.264
PLK,11,2017,11.264
HKK,11,2017,11.264
VYS,11,2017,11.264
KVK,11,2017,11.264
LBK,11,2017,11.264
PAK,11,2017,11.264
MSK,11,2017,11.264
OLK,11,2017,11.264
ULK,11,2017,11.264
ZLK,11,2017,11.264
JHC,11,2017,11.264
PHA,12,2017,-3.659
STC,12,2017,-3.659
JHM,12,2017,-3.659
PLK,12,2017,-3.659
HKK,12,2017,-3.659
VYS,12,2017,-3.659
KVK,12,2017,-3.659
LBK,12,2017,-3.659
PAK,12,2017,-3.659
MSK,12,2017,-3.659
OLK,12,2017,-3.659
ULK,12,2017,-3.659
ZLK,12,2017,-3.659
JHC,12,2017,-3.659
PHA,1,2018,20.146
STC,1,2018,20.146
JHM,1,2018,20.146
PLK,1,2018,20.146
HKK,1,2018,20.146
VYS,1,2018,20.146
KVK,1,2018,20.146
LBK,1,2018,20.146
PAK,1,2018,20.146
MSK,1,2018,20.146
OLK,1,2018,20.146
ULK,1,2018,20.146
ZLK,1,2018,20.146
JHC,1,2018,20.146
PHA,2,2018,18.320
STC,2,2018,18.320
JHM,2,2018,18.320
PLK,2,2018,18.320
HKK,2,2018,18.320
VYS,2,2018,18.320
KVK,2,2018,18.320
LBK,2,2018,18.320
PAK,2,2018,18.320
MSK,2,2018,18.320
OLK,2,2018,18.320
ULK,2,2018,18.320
ZLK,2,2018,18.320
JHC,2,2018,18.320
PHA,3,2018,16.973
STC,3,2018,16.973
JHM,3,2018,16.973
PLK,3,2018,16.973
HKK,3,2018,16.973
VYS,3,2018,16.973
KVK,3,2018,16.973
LBK,3,2018,16.973
PAK,3,2018,16.973
MSK,3,2018,16.973
OLK,3,2018,16.973
ULK,3,2018,16.973
ZLK,3,2018,16.973
JHC,3,2018,16.973
PHA,4,2018,15.486
STC,4,2018,15.486
JHM,4,2018,15.486
PLK,4,2018,15.486
HKK,4,2018,15.486
VYS,4,2018,15.486
KVK,4,2018,15.486
LBK,4,2018,15.486
PAK,4,2018,15.486
MSK,4,2018,15.486
OLK,4,2018,15.486
ULK,4,2018,15.486
ZLK,4,2018,15.486
JHC,4,2018,15.486
PHA,5,2018,6.735
STC,5,2018,6.735
JHM,5,2018,6.735
PLK,5,2018,6.735
HKK,5,2018,6.735
VYS,5,2018,6.735
KVK,5,2018,6.735
LBK,5,2018,6.735
PAK,5,2018,6.735
MSK,5,2018,6.735
OLK,5,2018,6.735
ULK,5,2018,6.735
ZLK,5,2018,6.735
JHC,5,2018,6.735
PHA,6,2018,13.241
STC,6,2018,13.241
JHM,6,2018,13.241
PLK,6,2018,13.241
HKK,6,2018,13.241
VYS,6,2018,13.241
KVK,6,2018,13.241
LBK,6,2018,13.241
PAK,6,2018,13.241
MSK,6,2018,13.241
OLK,6,2018,13.241
ULK,6,2018,13.241
ZLK,6,2018,13.241
JHC,6,2018,13.241
PHA,7,2018,-8.228
STC,7,2018,-8.228
JHM,7,2018,-8.228
PLK,7,2018,-8.228
HKK,7,2018,-8.228
VYS,7,2018,-8.228
KVK,7,2018,-8.228
LBK,7,2018,-8.228
PAK,7,2018,-8.228
MSK,7,2018,-8.228
OLK,7,2018,-8.228
ULK,7,2018,-8.228
ZLK,7,2018,-8.228
JHC,7,2018,-8.228
PHA,8,2018,-6.764
STC,8,2018,-6.764
JHM,8,2018,-6.764
PLK,8,2018,-6.764
HKK,8,2018,-6.764
VYS,8,2018,-6.764
KVK,8,2018,-6.764
LBK,8,2018,-6.764
PAK,8,2018,-6.764
MSK,8,2018,-6.764
OLK,8,2018,-6.764
ULK,8,2018,-6.764
ZLK,8,2018,-6.764
JHC,8,2018,-6.764
PHA,9,2018,10.720
STC,9,2018,10.720
JHM,9,2018,10.720
PLK,9,2018,10.720
HKK,9,2018,10.720
VYS,9,2018,10.720
KVK,9,2018,10.720
LBK,9,2018,10.720
PAK,9,2018,10.720
MSK,9,2018,10.720
OLK,9,2018,10.720
ULK,9,2018,10.720
ZLK,9,2018,10.720
JHC,9,2018,10.720
PHA,10,2018,-645
STC,10,2018,-645
JHM,10,2018,-645
PLK,10,2018,-645
HKK,10,2018,-645
VYS,10,2018,-645
KVK,10,2018,-645
LBK,10,2018,-645
PAK,10,2018,-645
MSK,10,2018,-645
OLK,10,2018,-645
ULK,10,2018,-645
ZLK,10,2018,-645
JHC,10,2018,-645
PHA,11,2018,17.098
STC,11,2018,17.098
JHM,11,2018,17.098
PLK,11,2018,17.098
HKK,11,2018,17.098
VYS,11,2018,17.098
KVK,11,2018,17.098
LBK,11,2018,17.098
PAK,11,2018,17.098
MSK,11,2018,17.098
OLK,11,2018,17.098
ULK,11,2018,17.098
ZLK,11,2018,17.098
JHC,11,2018,17.098
PHA,12,2018,-4.615
STC,12,2018,-4.615
JHM,12,2018,-4.615
PLK,12,2018,-4.615
HKK,12,2018,-4.615
VYS,12,2018,-4.615
KVK,12,2018,-4.615
LBK,12,2018,-4.615
PAK,12,2018,-4.615
MSK,12,2018,-4.615
OLK,12,2018,-4.615
ULK,12,2018,-4.615
ZLK,12,2018,-4.615
JHC,12,2018,-4.615
PHA,1,2019,16.978
STC,1,2019,16.978
JHM,1,2019,16.978
PLK,1,2019,16.978
HKK,1,2019,16.978
VYS,1,2019,16.978
KVK,1,2019,16.978
LBK,1,2019,16.978
PAK,1,2019,16.978
MSK,1,2019,16.978
OLK,1,2019,16.978
ULK,1,2019,16.978
ZLK,1,2019,16.978
JHC,1,2019,16.978
PHA,2,2019,15.512
STC,2,2019,15.512
JHM,2,2019,15.512
PLK,2,2019,15.512
HKK,2,2019,15.512
VYS,2,2019,15.512
KVK,2,2019,15.512
LBK,2,2019,15.512
PAK,2,2019,15.512
MSK,2,2019,15.512
OLK,2,2019,15.512
ULK,2,2019,15.512
ZLK,2,2019,15.512
JHC,2,2019,15.512
PHA,3,2019,15.755
STC,3,2019,15.755
JHM,3,2019,15.755
PLK,3,2019,15.755
HKK,3,2019,15.755
VYS,3,2019,15.755
KVK,3,2019,15.755
LBK,3,2019,15.755
PAK,3,2019,15.755
MSK,3,2019,15.755
OLK,3,2019,15.755
ULK,3,2019,15.755
ZLK,3,2019,15.755
JHC,3,2019,15.755
PHA,4,2019,15.874
STC,4,2019,15.874
JHM,4,2019,15.874
PLK,4,2019,15.874
HKK,4,2019,15.874
VYS,4,2019,15.874
KVK,4,2019,15.874
LBK,4,2019,15.874
PAK,4,2019,15.874
MSK,4,2019,15.874
OLK,4,2019,15.874
ULK,4,2019,15.874
ZLK,4,2019,15.874
JHC,4,2019,15.874
PHA,5,2019,24.158
STC,5,2019,24.158
JHM,5,2019,24.158
PLK,5,2019,24.158
HKK,5,2019,24.158
VYS,5,2019,24.158
KVK,5,2019,24.158
LBK,5,2019,24.158
PAK,5,2019,24.158
MSK,5,2019,24.158
OLK,5,2019,24.158
ULK,5,2019,24.158
ZLK,5,2019,24.158
JHC,5,2019,24.158
PHA,6,2019,16.962
STC,6,2019,16.962
JHM,6,2019,16.962
PLK,6,2019,16.962
HKK,6,2019,16.962
VYS,6,2019,16.962
KVK,6,2019,16.962
LBK,6,2019,16.962
PAK,6,2019,16.962
MSK,6,2019,16.962
OLK,6,2019,16.962
ULK,6,2019,16.962
ZLK,6,2019,16.962
JHC,6,2019,16.962
PHA,7,2019,-1.743
STC,7,2019,-1.743
JHM,7,2019,-1.743
PLK,7,2019,-1.743
HKK,7,2019,-1.743
VYS,7,2019,-1.743
KVK,7,2019,-1.743
LBK,7,2019,-1.743
PAK,7,2019,-1.743
MSK,7,2019,-1.743
OLK,7,2019,-1.743
ULK,7,2019,-1.743
ZLK,7,2019,-1.743
JHC,7,2019,-1.743
PHA,8,2019,9.233
STC,8,2019,9.233
JHM,8,2019,9.233
PLK,8,2019,9.233
HKK,8,2019,9.233
VYS,8,2019,9.233
KVK,8,2019,9.233
LBK,8,2019,9.233
PAK,8,2019,9.233
MSK,8,2019,9.233
OLK,8,2019,9.233
ULK,8,2019,9.233
ZLK,8,2019,9.233
JHC,8,2019,9.233
PHA,9,2019,20.042
STC,9,2019,20.042
JHM,9,2019,20.042
PLK,9,2019,20.042
HKK,9,2019,20.042
VYS,9,2019,20.042
KVK,9,2019,20.042
LBK,9,2019,20.042
PAK,9,2019,20.042
MSK,9,2019,20.042
OLK,9,2019,20.042
ULK,9,2019,20.042
ZLK,9,2019,20.042
JHC,9,2019,20.042
PHA,10,2019,8.967
STC,10,2019,8.967
JHM,10,2019,8.967
PLK,10,2019,8.967
HKK,10,2019,8.967
VYS,10,2019,8.967
KVK,10,2019,8.967
LBK,10,2019,8.967
PAK,10,2019,8.967
MSK,10,2019,8.967
OLK,10,2019,8.967
ULK,10,2019,8.967
ZLK,10,2019,8.967
JHC,10,2019,8.967
PHA,11,2019,12.182
STC,11,2019,12.182
JHM,11,2019,12.182
PLK,11,2019,12.182
HKK,11,2019,12.182
VYS,11,2019,12.182
KVK,11,2019,12.182
LBK,11,2019,12.182
PAK,11,2019,12.182
MSK,11,2019,12.182
OLK,11,2019,12.182
ULK,11,2019,12.182
ZLK,11,2019,12.182
JHC,11,2019,12.182
PHA,12,2019,-8.225
STC,12,2019,-8.225
JHM,12,2019,-8.225
PLK,12,2019,-8.225
HKK,12,2019,-8.225
VYS,12,2019,-8.225
KVK,12,2019,-8.225
LBK,12,2019,-8.225
PAK,12,2019,-8.225
MSK,12,2019,-8.225
OLK,12,2019,-8.225
ULK,12,2019,-8.225
ZLK,12,2019,-8.225
JHC,12,2019,-8.225
PHA,1,2020,16.739
STC,1,2020,16.739
JHM,1,2020,16.739
PLK,1,2020,16.739
HKK,1,2020,16.739
VYS,1,2020,16.739
KVK,1,2020,16.739
LBK,1,2020,16.739
PAK,1,2020,16.739
MSK,1,2020,16.739
OLK,1,2020,16.739
ULK,1,2020,16.739
ZLK,1,2020,16.739
JHC,1,2020,16.739
PHA,2,2020,19.660
STC,2,2020,19.660
JHM,2,2020,19.660
PLK,2,2020,19.660
HKK,2,2020,19.660
VYS,2,2020,19.660
KVK,2,2020,19.660
LBK,2,2020,19.660
PAK,2,2020,19.660
MSK,2,2020,19.660
OLK,2,2020,19.660
ULK,2,2020,19.660
ZLK,2,2020,19.660
JHC,2,2020,19.660
PHA,3,2020,-216
STC,3,2020,-216
JHM,3,2020,-216
PLK,3,2020,-216
HKK,3,2020,-216
VYS,3,2020,-216
KVK,3,2020,-216
LBK,3,2020,-216
PAK,3,2020,-216
MSK,3,2020,-216
OLK,3,2020,-216
ULK,3,2020,-216
ZLK,3,2020,-216
JHC,3,2020,-216
PHA,4,2020,-24.102
STC,4,2020,-24.102
JHM,4,2020,-24.102
PLK,4,2020,-24.102
HKK,4,2020,-24.102
VYS,4,2020,-24.102
KVK,4,2020,-24.102
LBK,4,2020,-24.102
PAK,4,2020,-24.102
MSK,4,2020,-24.102
OLK,4,2020,-24.102
ULK,4,2020,-24.102
ZLK,4,2020,-24.102
JHC,4,2020,-24.102
PHA,5,2020,-496
STC,5,2020,-496
JHM,5,2020,-496
PLK,5,2020,-496
HKK,5,2020,-496
VYS,5,2020,-496
KVK,5,2020,-496
LBK,5,2020,-496
PAK,5,2020,-496
MSK,5,2020,-496
OLK,5,2020,-496
ULK,5,2020,-496
ZLK,5,2020,-496
JHC,5,2020,-496
PHA,6,2020,33.890
STC,6,2020,33.890
JHM,6,2020,33.890
PLK,6,2020,33.890
HKK,6,2020,33.890
VYS,6,2020,33.890
KVK,6,2020,33.890
LBK,6,2020,33.890
PAK,6,2020,33.890
MSK,6,2020,33.890
OLK,6,2020,33.890
ULK,6,2020,33.890
ZLK,6,2020,33.890
JHC,6,2020,33.890
PHA,7,2020,13.950
STC,7,2020,13.950
JHM,7,2020,13.950
PLK,7,2020,13.950
HKK,7,2020,13.950
VYS,7,2020,13.950
KVK,7,2020,13.950
LBK,7,2020,13.950
PAK,7,2020,13.950
MSK,7,2020,13.950
OLK,7,2020,13.950
ULK,7,2020,13.950
ZLK,7,2020,13.950
JHC,7,2020,13.950
PHA,8,2020,7.455
STC,8,2020,7.455
JHM,8,2020,7.455
PLK,8,2020,7.455
HKK,8,2020,7.455
VYS,8,2020,7.455
KVK,8,2020,7.455
LBK,8,2020,7.455
PAK,8,2020,7.455
MSK,8,2020,7.455
OLK,8,2020,7.455
ULK,8,2020,7.455
ZLK,8,2020,7.455
JHC,8,2020,7.455
PHA,9,2020,33.882
STC,9,2020,33.882
JHM,9,2020,33.882
PLK,9,2020,33.882
HKK,9,2020,33.882
VYS,9,2020,33.882
KVK,9,2020,33.882
LBK,9,2020,33.882
PAK,9,2020,33.882
MSK,9,2020,33.882
OLK,9,2020,33.882
ULK,9,2020,33.882
ZLK,9,2020,33.882
JHC,9,2020,33.882
PHA,10,2020,31.042
STC,10,2020,31.042
JHM,10,2020,31.042
PLK,10,2020,31.042
HKK,10,2020,31.042
VYS,10,2020,31.042
KVK,10,2020,31.042
LBK,10,2020,31.042
PAK,10,2020,31.042
MSK,10,2020,31.042
OLK,10,2020,31.042
ULK,10,2020,31.042
ZLK,10,2020,31.042
JHC,10,2020,31.042
PHA,11,2020,32.052
STC,11,2020,32.052
JHM,11,2020,32.052
PLK,11,2020,32.052
HKK,11,2020,32.052
VYS,11,2020,32.052
KVK,11,2020,32.052
LBK,11,2020,32.052
PAK,11,2020,32.052
MSK,11,2020,32.052
OLK,11,2020,32.052
ULK,11,2020,32.052
ZLK,11,2020,32.052
JHC,11,2020,32.052
PHA,12,2020,15.786
STC,12,2020,15.786
JHM,12,2020,15.786
PLK,12,2020,15.786
HKK,12,2020,15.786
VYS,12,2020,15.786
KVK,12,2020,15.786
LBK,12,2020,15.786
PAK,12,2020,15.786
MSK,12,2020,15.786
OLK,12,2020,15.786
ULK,12,2020,15.786
ZLK,12,2020,15.786
JHC,12,2020,15.786
PHA,1,2021,24.415
STC,1,2021,24.415
JHM,1,2021,24.415
PLK,1,2021,24.415
HKK,1,2021,24.415
VYS,1,2021,24.415
KVK,1,2021,24.415
LBK,1,2021,24.415
PAK,1,2021,24.415
MSK,1,2021,24.415
OLK,1,2021,24.415
ULK,1,2021,24.415
ZLK,1,2021,24.415
JHC,1,2021,24.415
PHA,2,2021,20.291
STC,2,2021,20.291
JHM,2,2021,20.291
PLK,2,2021,20.291
HKK,2,2021,20.291
VYS,2,2021,20.291
KVK,2,2021,20.291
LBK,2,2021,20.291
PAK,2,2021,20.291
MSK,2,2021,20.291
OLK,2,2021,20.291
ULK,2,2021,20.291
ZLK,2,2021,20.291
JHC,2,2021,20.291
PHA,3,2021,16.211
STC,3,2021,16.211
JHM,3,2021,16.211
PLK,3,2021,16.211
HKK,3,2021,16.211
VYS,3,2021,16.211
KVK,3,2021,16.211
LBK,3,2021,16.211
PAK,3,2021,16.211
MSK,3,2021,16.211
OLK,3,2021,16.211
ULK,3,2021,16.211
ZLK,3,2021,16.211
JHC,3,2021,16.211
PHA,4,2021,19.309
STC,4,2021,19.309
JHM,4,2021,19.309
PLK,4,2021,19.309
HKK,4,2021,19.309
VYS,4,2021,19.309
KVK,4,2021,19.309
LBK,4,2021,19.309
PAK,4,2021,19.309
MSK,4,2021,19.309
OLK,4,2021,19.309
ULK,4,2021,19.309
ZLK,4,2021,19.309
JHC,4,2021,19.309
PHA,5,2021,3.442
STC,5,2021,3.442
JHM,5,2021,3.442
PLK,5,2021,3.442
HKK,5,2021,3.442
VYS,5,2021,3.442
KVK,5,2021,3.442
LBK,5,2021,3.442
PAK,5,2021,3.442
MSK,5,2021,3.442
OLK,5,2021,3.442
ULK,5,2021,3.442
ZLK,5,2021,3.442
JHC,5,2021,3.442
PHA,6,2021,-8.903
STC,6,2021,-8.903
JHM,6,2021,-8.903
PLK,6,2021,-8.903
HKK,6,2021,-8.903
VYS,6,2021,-8.903
KVK,6,2021,-8.903
LBK,6,2021,-8.903
PAK,6,2021,-8.903
MSK,6,2021,-8.903
OLK,6,2021,-8.903
ULK,6,2021,-8.903
ZLK,6,2021,-8.903
JHC,6,2021,-8.903
PHA,7,2021,-10.451
STC,7,2021,-10.451
JHM,7,2021,-10.451
PLK,7,2021,-10.451
HKK,7,2021,-10.451
VYS,7,2021,-10.451
KVK,7,2021,-10.451
LBK,7,2021,-10.451
PAK,7,2021,-10.451
MSK,7,2021,-10.451
OLK,7,2021,-10.451
ULK,7,2021,-10.451
ZLK,7,2021,-10.451
JHC,7,2021,-10.451
PHA,8,2021,-27.750
STC,8,2021,-27.750
JHM,8,2021,-27.750
PLK,8,2021,-27.750
HKK,8,2021,-27.750
VYS,8,2021,-27.750
KVK,8,2021,-27.750
LBK,8,2021,-27.750
PAK,8,2021,-27.750
MSK,8,2021,-27.750
OLK,8,2021,-27.750
ULK,8,2021,-27.750
ZLK,8,2021,-27.750
JHC,8,2021,-27.750
PHA,9,2021,-16.499
STC,9,2021,-16.499
JHM,9,2021,-16.499
PLK,9,2021,-16.499
HKK,9,2021,-16.499
VYS,9,2021,-16.499
KVK,9,2021,-16.499
LBK,9,2021,-16.499
PAK,9,2021,-16.499
MSK,9,2021,-16.499
OLK,9,2021,-16.499
ULK,9,2021,-16.499
ZLK,9,2021,-16.499
JHC,9,2021,-16.499
PHA,10,2021,-16.852
STC,10,2021,-16.852
JHM,10,2021,-16.852
PLK,10,2021,-16.852
HKK,10,2021,-16.852
VYS,10,2021,-16.852
KVK,10,2021,-16.852
LBK,10,2021,-16.852
PAK,10,2021,-16.852
MSK,10,2021,-16.852
OLK,10,2021,-16.852
ULK,10,2021,-16.852
ZLK,10,2021,-16.852
JHC,10,2021,-16.852
PHA,11,2021,3.822
STC,11,2021,3.822
JHM,11,2021,3.822
PLK,11,2021,3.822
HKK,11,2021,3.822
VYS,11,2021,3.822
KVK,11,2021,3.822
LBK,11,2021,3.822
PAK,11,2021,3.822
MSK,11,2021,3.822
OLK,11,2021,3.822
ULK,11,2021,3.822
ZLK,11,2021,3.822
JHC,11,2021,3.822
PHA,12,2021,-16.240
STC,12,2021,-16.240
JHM,12,2021,-16.240
PLK,12,2021,-16.240
HKK,12,2021,-16.240
VYS,12,2021,-16.240
KVK,12,2021,-16.240
LBK,12,2021,-16.240
PAK,12,2021,-16.240
MSK,12,2021,-16.240
OLK,12,2021,-16.240
ULK,12,2021,-16.240
ZLK,12,2021,-16.240
JHC,12,2021,-16.240
PHA,1,2022,7.578
STC,1,2022,7.578
JHM,1,2022,7.578
PLK,1,2022,7.578
HKK,1,2022,7.578
VYS,1,2022,7.578
KVK,1,2022,7.578
LBK,1,2022,7.578
PAK,1,2022,7.578
MSK,1,2022,7.578
OLK,1,2022,7.578
ULK,1,2022,7.578
ZLK,1,2022,7.578
JHC,1,2022,7.578
PHA,2,2022,-7.474
STC,2,2022,-7.474
JHM,2,2022,-7.474
PLK,2,2022,-7.474
HKK,2,2022,-7.474
VYS,2,2022,-7.474
KVK,2,2022,-7.474
LBK,2,2022,-7.474
PAK,2,2022,-7.474
MSK,2,2022,-7.474
OLK,2,2022,-7.474
ULK,2,2022,-7.474
ZLK,2,2022,-7.474
JHC,2,2022,-7.474
PHA,3,2022,-12.741
STC,3,2022,-12.741
JHM,3,2022,-12.741
PLK,3,2022,-12.741
HKK,3,2022,-12.741
VYS,3,2022,-12.741
KVK,3,2022,-12.741
LBK,3,2022,-12.741
PAK,3,2022,-12.741
MSK,3,2022,-12.741
OLK,3,2022,-12.741
ULK,3,2022,-12.741
ZLK,3,2022,-12.741
JHC,3,2022,-12.741
PHA,4,2022,-29.034
STC,4,2022,-29.034
JHM,4,2022,-29.034
PLK,4,2022,-29.034
HKK,4,2022,-29.034
VYS,4,2022,-29.034
KVK,4,2022,-29.034
LBK,4,2022,-29.034
PAK,4,2022,-29.034
MSK,4,2022,-29.034
OLK,4,2022,-29.034
ULK,4,2022,-29.034
ZLK,4,2022,-29.034
JHC,4,2022,-29.034
PHA,5,2022,-28.389
STC,5,2022,-28.389
JHM,5,2022,-28.389
PLK,5,2022,-28.389
HKK,5,2022,-28.389
VYS,5,2022,-28.389
KVK,5,2022,-28.389
LBK,5,2022,-28.389
PAK,5,2022,-28.389
MSK,5,2022,-28.389
OLK,5,2022,-28.389
ULK,5,2022,-28.389
ZLK,5,2022,-28.389
JHC,5,2022,-28.389
PHA,6,2022,-15.803
STC,6,2022,-15.803
JHM,6,2022,-15.803
PLK,6,2022,-15.803
HKK,6,2022,-15.803
VYS,6,2022,-15.803
KVK,6,2022,-15.803
LBK,6,2022,-15.803
PAK,6,2022,-15.803
MSK,6,2022,-15.803
OLK,6,2022,-15.803
ULK,6,2022,-15.803
ZLK,6,2022,-15.803
JHC,6,2022,-15.803
PHA,7,2022,-22.485
STC,7,2022,-22.485
JHM,7,2022,-22.485
PLK,7,2022,-22.485
HKK,7,2022,-22.485
VYS,7,2022,-22.485
KVK,7,2022,-22.485
LBK,7,2022,-22.485
PAK,7,2022,-22.485
MSK,7,2022,-22.485
OLK,7,2022,-22.485
ULK,7,2022,-22.485
ZLK,7,2022,-22.485
JHC,7,2022,-22.485
PHA,8,2022,-29.259
STC,8,2022,-29.259
JHM,8,2022,-29.259
PLK,8,2022,-29.259
HKK,8,2022,-29.259
VYS,8,2022,-29.259
KVK,8,2022,-29.259
LBK,8,2022,-29.259
PAK,8,2022,-29.259
MSK,8,2022,-29.259
OLK,8,2022,-29.259
ULK,8,2022,-29.259
ZLK,8,2022,-29.259
JHC,8,2022,-29.259
PHA,9,2022,-12.571
STC,9,2022,-12.571
JHM,9,2022,-12.571
PLK,9,2022,-12.571
HKK,9,2022,-12.571
VYS,9,2022,-12.571
KVK,9,2022,-12.571
LBK,9,2022,-12.571
PAK,9,2022,-12.571
MSK,9,2022,-12.571
OLK,9,2022,-12.571
ULK,9,2022,-12.571
ZLK,9,2022,-12.571
JHC,9,2022,-12.571
PHA,10,2022,-25.785
STC,10,2022,-25.785
JHM,10,2022,-25.785
PLK,10,2022,-25.785
HKK,10,2022,-25.785
VYS,10,2022,-25.785
KVK,10,2022,-25.785
LBK,10,2022,-25.785
PAK,10,2022,-25.785
MSK,10,2022,-25.785
OLK,10,2022,-25.785
ULK,10,2022,-25.785
ZLK,10,2022,-25.785
JHC,10,2022,-25.785
PHA,11,2022,-26.426
STC,11,2022,-26.426
JHM,11,2022,-26.426
PLK,11,2022,-26.426
HKK,11,2022,-26.426
VYS,11,2022,-26.426
KVK,11,2022,-26.426
LBK,11,2022,-26.426
PAK,11,2022,-26.426
MSK,11,2022,-26.426
OLK,11,2022,-26.426
ULK,11,2022,-26.426
ZLK,11,2022,-26.426
JHC,11,2022,-26.426
PHA,12,2022,-2.428
STC,12,2022,-2.428
JHM,12,2022,-2.428
PLK,12,2022,-2.428
HKK,12,2022,-2.428
VYS,12,2022,-2.428
KVK,12,2022,-2.428
LBK,12,2022,-2.428
PAK,12,2022,-2.428
MSK,12,2022,-2.428
OLK,12,2022,-2.428
ULK,12,2022,-2.428
ZLK,12,2022,-2.428
JHC,12,2022,-2.428
PHA,1,2023,7.888
STC,1,2023,7.888
JHM,1,2023,7.888
PLK,1,2023,7.888
HKK,1,2023,7.888
VYS,1,2023,7.888
KVK,1,2023,7.888
LBK,1,2023,7.888
PAK,1,2023,7.888
MSK,1,2023,7.888
OLK,1,2023,7.888
ULK,1,2023,7.888
ZLK,1,2023,7.888
JHC,1,2023,7.888
PHA,2,2023,14.275
STC,2,2023,14.275
JHM,2,2023,14.275
PLK,2,2023,14.275
HKK,2,2023,14.275
VYS,2,2023,14.275
KVK,2,2023,14.275
LBK,2,2023,14.275
PAK,2,2023,14.275
MSK,2,2023,14.275
OLK,2,2023,14.275
ULK,2,2023,14.275
ZLK,2,2023,14.275
JHC,2,2023,14.275
PHA,3,2023,16.831
STC,3,2023,16.831
JHM,3,2023,16.831
PLK,3,2023,16.831
HKK,3,2023,16.831
VYS,3,2023,16.831
KVK,3,2023,16.831
LBK,3,2023,16.831
PAK,3,2023,16.831
MSK,3,2023,16.831
OLK,3,2023,16.831
ULK,3,2023,16.831
ZLK,3,2023,16.831
JHC,3,2023,16.831
PHA,4,2023,8.744
STC,4,2023,8.744
JHM,4,2023,8.744
PLK,4,2023,8.744
HKK,4,2023,8.744
VYS,4,2023,8.744
KVK,4,2023,8.744
LBK,4,2023,8.744
PAK,4,2023,8.744
MSK,4,2023,8.744
OLK,4,2023,8.744
ULK,4,2023,8.744
ZLK,4,2023,8.744
JHC,4,2023,8.744
PHA,5,2023,9.370
STC,5,2023,9.370
JHM,5,2023,9.370
PLK,5,2023,9.370
HKK,5,2023,9.370
VYS,5,2023,9.370
KVK,5,2023,9.370
LBK,5,2023,9.370
PAK,5,2023,9.370
MSK,5,2023,9.370
OLK,5,2023,9.370
ULK,5,2023,9.370
ZLK,5,2023,9.370
JHC,5,2023,9.370
PHA,6,2023,19.236
STC,6,2023,19.236
JHM,6,2023,19.236
PLK,6,2023,19.236
HKK,6,2023,19.236
VYS,6,2023,19.236
KVK,6,2023,19.236
LBK,6,2023,19.236
PAK,6,2023,19.236
MSK,6,2023,19.236
OLK,6,2023,19.236
ULK,6,2023,19.236
ZLK,6,2023,19.236
JHC,6,2023,19.236
PHA,7,2023,-6.421
STC,7,2023,-6.421
JHM,7,2023,-6.421
PLK,7,2023,-6.421
HKK,7,2023,-6.421
VYS,7,2023,-6.421
KVK,7,2023,-6.421
LBK,7,2023,-6.421
PAK,7,2023,-6.421
MSK,7,2023,-6.421
OLK,7,2023,-6.421
ULK,7,2023,-6.421
ZLK,7,2023,-6.421
JHC,7,2023,-6.421
PHA,8,2023,-5.628
STC,8,2023,-5.628
JHM,8,2023,-5.628
PLK,8,2023,-5.628
HKK,8,2023,-5.628
VYS,8,2023,-5.628
KVK,8,2023,-5.628
LBK,8,2023,-5.628
PAK,8,2023,-5.628
MSK,8,2023,-5.628
OLK,8,2023,-5.628
ULK,8,2023,-5.628
ZLK,8,2023,-5.628
JHC,8,2023,-5.628
PHA,9,2023,11.874
STC,9,2023,11.874
JHM,9,2023,11.874
PLK,9,2023,11.874
HKK,9,2023,11.874
VYS,9,2023,11.874
KVK,9,2023,11.874
LBK,9,2023,11.874
PAK,9,2023,11.874
MSK,9,2023,11.874
OLK,9,2023,11.874
ULK,9,2023,11.874
ZLK,9,2023,11.874
JHC,9,2023,11.874
PHA,10,2023,12.764
STC,10,2023,12.764
JHM,10,2023,12.764
PLK,10,2023,12.764
HKK,10,2023,12.764
VYS,10,2023,12.764
KVK,10,2023,12.764
LBK,10,2023,12.764
PAK,10,2023,12.764
MSK,10,2023,12.764
OLK,10,2023,12.764
ULK,10,2023,12.764
ZLK,10,2023,12.764
JHC,10,2023,12.764
