month,year,kraj,avg_energy_price,avg_gasoline_price,avg_natural_gas_price
1,2008,PHA,88.462,1.7398,5.5025
1,2008,HKK,88.462,1.7398,5.5025
1,2008,STC,88.462,1.7398,5.5025
1,2008,PAK,88.462,1.7398,5.5025
1,2008,VYS,88.462,1.7398,5.5025
1,2008,JHC,88.462,1.7398,5.5025
1,2008,JHM,88.462,1.7398,5.5025
1,2008,PLK,88.462,1.7398,5.5025
1,2008,OLK,88.462,1.7398,5.5025
1,2008,KVK,88.462,1.7398,5.5025
1,2008,ZLK,88.462,1.7398,5.5025
1,2008,ULK,88.462,1.7398,5.5025
1,2008,MSK,88.462,1.7398,5.5025
1,2008,LBK,88.462,1.7398,5.5025
2,2008,PHA,90.187,1.7648,5.014
2,2008,HKK,90.187,1.7648,5.014
2,2008,STC,90.187,1.7648,5.014
2,2008,PAK,90.187,1.7648,5.014
2,2008,VYS,90.187,1.7648,5.014
2,2008,JHC,90.187,1.7648,5.014
2,2008,JHM,90.187,1.7648,5.014
2,2008,PLK,90.187,1.7648,5.014
2,2008,OLK,90.187,1.7648,5.014
2,2008,KVK,90.187,1.7648,5.014
2,2008,ZLK,90.187,1.7648,5.014
2,2008,ULK,90.187,1.7648,5.014
2,2008,MSK,90.187,1.7648,5.014
2,2008,LBK,90.187,1.7648,5.014
3,2008,PHA,97.428,1.8749,6.8309
3,2008,HKK,97.428,1.8749,6.8309
3,2008,STC,97.428,1.8749,6.8309
3,2008,PAK,97.428,1.8749,6.8309
3,2008,VYS,97.428,1.8749,6.8309
3,2008,JHC,97.428,1.8749,6.8309
3,2008,JHM,97.428,1.8749,6.8309
3,2008,PLK,97.428,1.8749,6.8309
3,2008,OLK,97.428,1.8749,6.8309
3,2008,KVK,97.428,1.8749,6.8309
3,2008,ZLK,97.428,1.8749,6.8309
3,2008,ULK,97.428,1.8749,6.8309
3,2008,MSK,97.428,1.8749,6.8309
3,2008,LBK,97.428,1.8749,6.8309
4,2008,PHA,101.01,1.9133,10.286
4,2008,HKK,101.01,1.9133,10.286
4,2008,STC,101.01,1.9133,10.286
4,2008,PAK,101.01,1.9133,10.286
4,2008,VYS,101.01,1.9133,10.286
4,2008,JHC,101.01,1.9133,10.286
4,2008,JHM,101.01,1.9133,10.286
4,2008,PLK,101.01,1.9133,10.286
4,2008,OLK,101.01,1.9133,10.286
4,2008,KVK,101.01,1.9133,10.286
4,2008,ZLK,101.01,1.9133,10.286
4,2008,ULK,101.01,1.9133,10.286
4,2008,MSK,101.01,1.9133,10.286
4,2008,LBK,101.01,1.9133,10.286
5,2008,PHA,109.8,1.9688,11.388
5,2008,HKK,109.8,1.9688,11.388
5,2008,STC,109.8,1.9688,11.388
5,2008,PAK,109.8,1.9688,11.388
5,2008,VYS,109.8,1.9688,11.388
5,2008,JHC,109.8,1.9688,11.388
5,2008,JHM,109.8,1.9688,11.388
5,2008,PLK,109.8,1.9688,11.388
5,2008,OLK,109.8,1.9688,11.388
5,2008,KVK,109.8,1.9688,11.388
5,2008,ZLK,109.8,1.9688,11.388
5,2008,ULK,109.8,1.9688,11.388
5,2008,MSK,109.8,1.9688,11.388
5,2008,LBK,109.8,1.9688,11.388
6,2008,PHA,121.61,2.0888,12.694
6,2008,HKK,121.61,2.0888,12.694
6,2008,STC,121.61,2.0888,12.694
6,2008,PAK,121.61,2.0888,12.694
6,2008,VYS,121.61,2.0888,12.694
6,2008,JHC,121.61,2.0888,12.694
6,2008,JHM,121.61,2.0888,12.694
6,2008,PLK,121.61,2.0888,12.694
6,2008,OLK,121.61,2.0888,12.694
6,2008,KVK,121.61,2.0888,12.694
6,2008,ZLK,121.61,2.0888,12.694
6,2008,ULK,121.61,2.0888,12.694
6,2008,MSK,121.61,2.0888,12.694
6,2008,LBK,121.61,2.0888,12.694
7,2008,PHA,130.83,2.1756,10.847
7,2008,HKK,130.83,2.1756,10.847
7,2008,STC,130.83,2.1756,10.847
7,2008,PAK,130.83,2.1756,10.847
7,2008,VYS,130.83,2.1756,10.847
7,2008,JHC,130.83,2.1756,10.847
7,2008,JHM,130.83,2.1756,10.847
7,2008,PLK,130.83,2.1756,10.847
7,2008,OLK,130.83,2.1756,10.847
7,2008,KVK,130.83,2.1756,10.847
7,2008,ZLK,130.83,2.1756,10.847
7,2008,ULK,130.83,2.1756,10.847
7,2008,MSK,130.83,2.1756,10.847
7,2008,LBK,130.83,2.1756,10.847
8,2008,PHA,120.3,1.9338,7.8154
8,2008,HKK,120.3,1.9338,7.8154
8,2008,STC,120.3,1.9338,7.8154
8,2008,PAK,120.3,1.9338,7.8154
8,2008,VYS,120.3,1.9338,7.8154
8,2008,JHC,120.3,1.9338,7.8154
8,2008,JHM,120.3,1.9338,7.8154
8,2008,PLK,120.3,1.9338,7.8154
8,2008,OLK,120.3,1.9338,7.8154
8,2008,KVK,120.3,1.9338,7.8154
8,2008,ZLK,120.3,1.9338,7.8154
8,2008,ULK,120.3,1.9338,7.8154
8,2008,MSK,120.3,1.9338,7.8154
8,2008,LBK,120.3,1.9338,7.8154
9,2008,PHA,114.27,1.8183,7.5539
9,2008,HKK,114.27,1.8183,7.5539
9,2008,STC,114.27,1.8183,7.5539
9,2008,PAK,114.27,1.8183,7.5539
9,2008,VYS,114.27,1.8183,7.5539
9,2008,JHC,114.27,1.8183,7.5539
9,2008,JHM,114.27,1.8183,7.5539
9,2008,PLK,114.27,1.8183,7.5539
9,2008,OLK,114.27,1.8183,7.5539
9,2008,KVK,114.27,1.8183,7.5539
9,2008,ZLK,114.27,1.8183,7.5539
9,2008,ULK,114.27,1.8183,7.5539
9,2008,MSK,114.27,1.8183,7.5539
9,2008,LBK,114.27,1.8183,7.5539
10,2008,PHA,98.974,1.5877,6.7534
10,2008,HKK,98.974,1.5877,6.7534
10,2008,STC,98.974,1.5877,6.7534
10,2008,PAK,98.974,1.5877,6.7534
10,2008,VYS,98.974,1.5877,6.7534
10,2008,JHC,98.974,1.5877,6.7534
10,2008,JHM,98.974,1.5877,6.7534
10,2008,PLK,98.974,1.5877,6.7534
10,2008,OLK,98.974,1.5877,6.7534
10,2008,KVK,98.974,1.5877,6.7534
10,2008,ZLK,98.974,1.5877,6.7534
10,2008,ULK,98.974,1.5877,6.7534
10,2008,MSK,98.974,1.5877,6.7534
10,2008,LBK,98.974,1.5877,6.7534
11,2008,PHA,80.695,1.3289,6.6964
11,2008,HKK,80.695,1.3289,6.6964
11,2008,STC,80.695,1.3289,6.6964
11,2008,PAK,80.695,1.3289,6.6964
11,2008,VYS,80.695,1.3289,6.6964
11,2008,JHC,80.695,1.3289,6.6964
11,2008,JHM,80.695,1.3289,6.6964
11,2008,PLK,80.695,1.3289,6.6964
11,2008,OLK,80.695,1.3289,6.6964
11,2008,KVK,80.695,1.3289,6.6964
11,2008,ZLK,80.695,1.3289,6.6964
11,2008,ULK,80.695,1.3289,6.6964
11,2008,MSK,80.695,1.3289,6.6964
11,2008,LBK,80.695,1.3289,6.6964
12,2008,PHA,75.43,1.2174,5.7846
12,2008,HKK,75.43,1.2174,5.7846
12,2008,STC,75.43,1.2174,5.7846
12,2008,PAK,75.43,1.2174,5.7846
12,2008,VYS,75.43,1.2174,5.7846
12,2008,JHC,75.43,1.2174,5.7846
12,2008,JHM,75.43,1.2174,5.7846
12,2008,PLK,75.43,1.2174,5.7846
12,2008,OLK,75.43,1.2174,5.7846
12,2008,KVK,75.43,1.2174,5.7846
12,2008,ZLK,75.43,1.2174,5.7846
12,2008,ULK,75.43,1.2174,5.7846
12,2008,MSK,75.43,1.2174,5.7846
12,2008,LBK,75.43,1.2174,5.7846
1,2009,PHA,70.209,1.1317,5.0707
1,2009,HKK,70.209,1.1317,5.0707
1,2009,STC,70.209,1.1317,5.0707
1,2009,PAK,70.209,1.1317,5.0707
1,2009,VYS,70.209,1.1317,5.0707
1,2009,JHC,70.209,1.1317,5.0707
1,2009,JHM,70.209,1.1317,5.0707
1,2009,PLK,70.209,1.1317,5.0707
1,2009,OLK,70.209,1.1317,5.0707
1,2009,KVK,70.209,1.1317,5.0707
1,2009,ZLK,70.209,1.1317,5.0707
1,2009,ULK,70.209,1.1317,5.0707
1,2009,MSK,70.209,1.1317,5.0707
1,2009,LBK,70.209,1.1317,5.0707
2,2009,PHA,58.751,1.1088,4.3675
2,2009,HKK,58.751,1.1088,4.3675
2,2009,STC,58.751,1.1088,4.3675
2,2009,PAK,58.751,1.1088,4.3675
2,2009,VYS,58.751,1.1088,4.3675
2,2009,JHC,58.751,1.1088,4.3675
2,2009,JHM,58.751,1.1088,4.3675
2,2009,PLK,58.751,1.1088,4.3675
2,2009,OLK,58.751,1.1088,4.3675
2,2009,KVK,58.751,1.1088,4.3675
2,2009,ZLK,58.751,1.1088,4.3675
2,2009,ULK,58.751,1.1088,4.3675
2,2009,MSK,58.751,1.1088,4.3675
2,2009,LBK,58.751,1.1088,4.3675
3,2009,PHA,59.799,1.213,4.0125
3,2009,HKK,59.799,1.213,4.0125
3,2009,STC,59.799,1.213,4.0125
3,2009,PAK,59.799,1.213,4.0125
3,2009,VYS,59.799,1.213,4.0125
3,2009,JHC,59.799,1.213,4.0125
3,2009,JHM,59.799,1.213,4.0125
3,2009,PLK,59.799,1.213,4.0125
3,2009,OLK,59.799,1.213,4.0125
3,2009,KVK,59.799,1.213,4.0125
3,2009,ZLK,59.799,1.213,4.0125
3,2009,ULK,59.799,1.213,4.0125
3,2009,MSK,59.799,1.213,4.0125
3,2009,LBK,59.799,1.213,4.0125
4,2009,PHA,66.909,1.2754,3.5603
4,2009,HKK,66.909,1.2754,3.5603
4,2009,STC,66.909,1.2754,3.5603
4,2009,PAK,66.909,1.2754,3.5603
4,2009,VYS,66.909,1.2754,3.5603
4,2009,JHC,66.909,1.2754,3.5603
4,2009,JHM,66.909,1.2754,3.5603
4,2009,PLK,66.909,1.2754,3.5603
4,2009,OLK,66.909,1.2754,3.5603
4,2009,KVK,66.909,1.2754,3.5603
4,2009,ZLK,66.909,1.2754,3.5603
4,2009,ULK,66.909,1.2754,3.5603
4,2009,MSK,66.909,1.2754,3.5603
4,2009,LBK,66.909,1.2754,3.5603
5,2009,PHA,71.239,1.3651,3.9148
5,2009,HKK,71.239,1.3651,3.9148
5,2009,STC,71.239,1.3651,3.9148
5,2009,PAK,71.239,1.3651,3.9148
5,2009,VYS,71.239,1.3651,3.9148
5,2009,JHC,71.239,1.3651,3.9148
5,2009,JHM,71.239,1.3651,3.9148
5,2009,PLK,71.239,1.3651,3.9148
5,2009,OLK,71.239,1.3651,3.9148
5,2009,KVK,71.239,1.3651,3.9148
5,2009,ZLK,71.239,1.3651,3.9148
5,2009,ULK,71.239,1.3651,3.9148
5,2009,MSK,71.239,1.3651,3.9148
5,2009,LBK,71.239,1.3651,3.9148
6,2009,PHA,70.627,1.5049,3.9443
6,2009,HKK,70.627,1.5049,3.9443
6,2009,STC,70.627,1.5049,3.9443
6,2009,PAK,70.627,1.5049,3.9443
6,2009,VYS,70.627,1.5049,3.9443
6,2009,JHC,70.627,1.5049,3.9443
6,2009,JHM,70.627,1.5049,3.9443
6,2009,PLK,70.627,1.5049,3.9443
6,2009,OLK,70.627,1.5049,3.9443
6,2009,KVK,70.627,1.5049,3.9443
6,2009,ZLK,70.627,1.5049,3.9443
6,2009,ULK,70.627,1.5049,3.9443
6,2009,MSK,70.627,1.5049,3.9443
6,2009,LBK,70.627,1.5049,3.9443
7,2009,PHA,66.293,1.5577,3.5516
7,2009,HKK,66.293,1.5577,3.5516
7,2009,STC,66.293,1.5577,3.5516
7,2009,PAK,66.293,1.5577,3.5516
7,2009,VYS,66.293,1.5577,3.5516
7,2009,JHC,66.293,1.5577,3.5516
7,2009,JHM,66.293,1.5577,3.5516
7,2009,PLK,66.293,1.5577,3.5516
7,2009,OLK,66.293,1.5577,3.5516
7,2009,KVK,66.293,1.5577,3.5516
7,2009,ZLK,66.293,1.5577,3.5516
7,2009,ULK,66.293,1.5577,3.5516
7,2009,MSK,66.293,1.5577,3.5516
7,2009,LBK,66.293,1.5577,3.5516
8,2009,PHA,68.197,1.5963,3.3074
8,2009,HKK,68.197,1.5963,3.3074
8,2009,STC,68.197,1.5963,3.3074
8,2009,PAK,68.197,1.5963,3.3074
8,2009,VYS,68.197,1.5963,3.3074
8,2009,JHC,68.197,1.5963,3.3074
8,2009,JHM,68.197,1.5963,3.3074
8,2009,PLK,68.197,1.5963,3.3074
8,2009,OLK,68.197,1.5963,3.3074
8,2009,KVK,68.197,1.5963,3.3074
8,2009,ZLK,68.197,1.5963,3.3074
8,2009,ULK,68.197,1.5963,3.3074
8,2009,MSK,68.197,1.5963,3.3074
8,2009,LBK,68.197,1.5963,3.3074
9,2009,PHA,66.192,1.6218,3.4342
9,2009,HKK,66.192,1.6218,3.4342
9,2009,STC,66.192,1.6218,3.4342
9,2009,PAK,66.192,1.6218,3.4342
9,2009,VYS,66.192,1.6218,3.4342
9,2009,JHC,66.192,1.6218,3.4342
9,2009,JHM,66.192,1.6218,3.4342
9,2009,PLK,66.192,1.6218,3.4342
9,2009,OLK,66.192,1.6218,3.4342
9,2009,KVK,66.192,1.6218,3.4342
9,2009,ZLK,66.192,1.6218,3.4342
9,2009,ULK,66.192,1.6218,3.4342
9,2009,MSK,66.192,1.6218,3.4342
9,2009,LBK,66.192,1.6218,3.4342
10,2009,PHA,67.146,1.5771,4.8268
10,2009,HKK,67.146,1.5771,4.8268
10,2009,STC,67.146,1.5771,4.8268
10,2009,PAK,67.146,1.5771,4.8268
10,2009,VYS,67.146,1.5771,4.8268
10,2009,JHC,67.146,1.5771,4.8268
10,2009,JHM,67.146,1.5771,4.8268
10,2009,PLK,67.146,1.5771,4.8268
10,2009,OLK,67.146,1.5771,4.8268
10,2009,KVK,67.146,1.5771,4.8268
10,2009,ZLK,67.146,1.5771,4.8268
10,2009,ULK,67.146,1.5771,4.8268
10,2009,MSK,67.146,1.5771,4.8268
10,2009,LBK,67.146,1.5771,4.8268
11,2009,PHA,65.089,1.638,4.6558
11,2009,HKK,65.089,1.638,4.6558
11,2009,STC,65.089,1.638,4.6558
11,2009,PAK,65.089,1.638,4.6558
11,2009,VYS,65.089,1.638,4.6558
11,2009,JHC,65.089,1.638,4.6558
11,2009,JHM,65.089,1.638,4.6558
11,2009,PLK,65.089,1.638,4.6558
11,2009,OLK,65.089,1.638,4.6558
11,2009,KVK,65.089,1.638,4.6558
11,2009,ZLK,65.089,1.638,4.6558
11,2009,ULK,65.089,1.638,4.6558
11,2009,MSK,65.089,1.638,4.6558
11,2009,LBK,65.089,1.638,4.6558
12,2009,PHA,62.415,1.5794,5.3383
12,2009,HKK,62.415,1.5794,5.3383
12,2009,STC,62.415,1.5794,5.3383
12,2009,PAK,62.415,1.5794,5.3383
12,2009,VYS,62.415,1.5794,5.3383
12,2009,JHC,62.415,1.5794,5.3383
12,2009,JHM,62.415,1.5794,5.3383
12,2009,PLK,62.415,1.5794,5.3383
12,2009,OLK,62.415,1.5794,5.3383
12,2009,KVK,62.415,1.5794,5.3383
12,2009,ZLK,62.415,1.5794,5.3383
12,2009,ULK,62.415,1.5794,5.3383
12,2009,MSK,62.415,1.5794,5.3383
12,2009,LBK,62.415,1.5794,5.3383
1,2010,PHA,68.621,1.6446,5.5771
1,2010,HKK,68.621,1.6446,5.5771
1,2010,STC,68.621,1.6446,5.5771
1,2010,PAK,68.621,1.6446,5.5771
1,2010,VYS,68.621,1.6446,5.5771
1,2010,JHC,68.621,1.6446,5.5771
1,2010,JHM,68.621,1.6446,5.5771
1,2010,PLK,68.621,1.6446,5.5771
1,2010,OLK,68.621,1.6446,5.5771
1,2010,KVK,68.621,1.6446,5.5771
1,2010,ZLK,68.621,1.6446,5.5771
1,2010,ULK,68.621,1.6446,5.5771
1,2010,MSK,68.621,1.6446,5.5771
1,2010,LBK,68.621,1.6446,5.5771
2,2010,PHA,62.545,1.5948,5.2291
2,2010,HKK,62.545,1.5948,5.2291
2,2010,STC,62.545,1.5948,5.2291
2,2010,PAK,62.545,1.5948,5.2291
2,2010,VYS,62.545,1.5948,5.2291
2,2010,JHC,62.545,1.5948,5.2291
2,2010,JHM,62.545,1.5948,5.2291
2,2010,PLK,62.545,1.5948,5.2291
2,2010,OLK,62.545,1.5948,5.2291
2,2010,KVK,62.545,1.5948,5.2291
2,2010,ZLK,62.545,1.5948,5.2291
2,2010,ULK,62.545,1.5948,5.2291
2,2010,MSK,62.545,1.5948,5.2291
2,2010,LBK,62.545,1.5948,5.2291
3,2010,PHA,59.642,1.6536,4.3021
3,2010,HKK,59.642,1.6536,4.3021
3,2010,STC,59.642,1.6536,4.3021
3,2010,PAK,59.642,1.6536,4.3021
3,2010,VYS,59.642,1.6536,4.3021
3,2010,JHC,59.642,1.6536,4.3021
3,2010,JHM,59.642,1.6536,4.3021
3,2010,PLK,59.642,1.6536,4.3021
3,2010,OLK,59.642,1.6536,4.3021
3,2010,KVK,59.642,1.6536,4.3021
3,2010,ZLK,59.642,1.6536,4.3021
3,2010,ULK,59.642,1.6536,4.3021
3,2010,MSK,59.642,1.6536,4.3021
3,2010,LBK,59.642,1.6536,4.3021
4,2010,PHA,62.85,1.6847,4.0907
4,2010,HKK,62.85,1.6847,4.0907
4,2010,STC,62.85,1.6847,4.0907
4,2010,PAK,62.85,1.6847,4.0907
4,2010,VYS,62.85,1.6847,4.0907
4,2010,JHC,62.85,1.6847,4.0907
4,2010,JHM,62.85,1.6847,4.0907
4,2010,PLK,62.85,1.6847,4.0907
4,2010,OLK,62.85,1.6847,4.0907
4,2010,KVK,62.85,1.6847,4.0907
4,2010,ZLK,62.85,1.6847,4.0907
4,2010,ULK,62.85,1.6847,4.0907
4,2010,MSK,62.85,1.6847,4.0907
4,2010,LBK,62.85,1.6847,4.0907
5,2010,PHA,62.738,1.5801,4.1652
5,2010,HKK,62.738,1.5801,4.1652
5,2010,STC,62.738,1.5801,4.1652
5,2010,PAK,62.738,1.5801,4.1652
5,2010,VYS,62.738,1.5801,4.1652
5,2010,JHC,62.738,1.5801,4.1652
5,2010,JHM,62.738,1.5801,4.1652
5,2010,PLK,62.738,1.5801,4.1652
5,2010,OLK,62.738,1.5801,4.1652
5,2010,KVK,62.738,1.5801,4.1652
5,2010,ZLK,62.738,1.5801,4.1652
5,2010,ULK,62.738,1.5801,4.1652
5,2010,MSK,62.738,1.5801,4.1652
5,2010,LBK,62.738,1.5801,4.1652
6,2010,PHA,62.354,1.5264,4.7808
6,2010,HKK,62.354,1.5264,4.7808
6,2010,STC,62.354,1.5264,4.7808
6,2010,PAK,62.354,1.5264,4.7808
6,2010,VYS,62.354,1.5264,4.7808
6,2010,JHC,62.354,1.5264,4.7808
6,2010,JHM,62.354,1.5264,4.7808
6,2010,PLK,62.354,1.5264,4.7808
6,2010,OLK,62.354,1.5264,4.7808
6,2010,KVK,62.354,1.5264,4.7808
6,2010,ZLK,62.354,1.5264,4.7808
6,2010,ULK,62.354,1.5264,4.7808
6,2010,MSK,62.354,1.5264,4.7808
6,2010,LBK,62.354,1.5264,4.7808
7,2010,PHA,62.068,1.6284,4.601
7,2010,HKK,62.068,1.6284,4.601
7,2010,STC,62.068,1.6284,4.601
7,2010,PAK,62.068,1.6284,4.601
7,2010,VYS,62.068,1.6284,4.601
7,2010,JHC,62.068,1.6284,4.601
7,2010,JHM,62.068,1.6284,4.601
7,2010,PLK,62.068,1.6284,4.601
7,2010,OLK,62.068,1.6284,4.601
7,2010,KVK,62.068,1.6284,4.601
7,2010,ZLK,62.068,1.6284,4.601
7,2010,ULK,62.068,1.6284,4.601
7,2010,MSK,62.068,1.6284,4.601
7,2010,LBK,62.068,1.6284,4.601
8,2010,PHA,62.907,1.6438,4.2386
8,2010,HKK,62.907,1.6438,4.2386
8,2010,STC,62.907,1.6438,4.2386
8,2010,PAK,62.907,1.6438,4.2386
8,2010,VYS,62.907,1.6438,4.2386
8,2010,JHC,62.907,1.6438,4.2386
8,2010,JHM,62.907,1.6438,4.2386
8,2010,PLK,62.907,1.6438,4.2386
8,2010,OLK,62.907,1.6438,4.2386
8,2010,KVK,62.907,1.6438,4.2386
8,2010,ZLK,62.907,1.6438,4.2386
8,2010,ULK,62.907,1.6438,4.2386
8,2010,MSK,62.907,1.6438,4.2386
8,2010,LBK,62.907,1.6438,4.2386
9,2010,PHA,62.941,1.6608,3.8894
9,2010,HKK,62.941,1.6608,3.8894
9,2010,STC,62.941,1.6608,3.8894
9,2010,PAK,62.941,1.6608,3.8894
9,2010,VYS,62.941,1.6608,3.8894
9,2010,JHC,62.941,1.6608,3.8894
9,2010,JHM,62.941,1.6608,3.8894
9,2010,PLK,62.941,1.6608,3.8894
9,2010,OLK,62.941,1.6608,3.8894
9,2010,KVK,62.941,1.6608,3.8894
9,2010,ZLK,62.941,1.6608,3.8894
9,2010,ULK,62.941,1.6608,3.8894
9,2010,MSK,62.941,1.6608,3.8894
9,2010,LBK,62.941,1.6608,3.8894
10,2010,PHA,64.74,1.7685,3.6035
10,2010,HKK,64.74,1.7685,3.6035
10,2010,STC,64.74,1.7685,3.6035
10,2010,PAK,64.74,1.7685,3.6035
10,2010,VYS,64.74,1.7685,3.6035
10,2010,JHC,64.74,1.7685,3.6035
10,2010,JHM,64.74,1.7685,3.6035
10,2010,PLK,64.74,1.7685,3.6035
10,2010,OLK,64.74,1.7685,3.6035
10,2010,KVK,64.74,1.7685,3.6035
10,2010,ZLK,64.74,1.7685,3.6035
10,2010,ULK,64.74,1.7685,3.6035
10,2010,MSK,64.74,1.7685,3.6035
10,2010,LBK,64.74,1.7685,3.6035
11,2010,PHA,63.157,1.7346,4.0617
11,2010,HKK,63.157,1.7346,4.0617
11,2010,STC,63.157,1.7346,4.0617
11,2010,PAK,63.157,1.7346,4.0617
11,2010,VYS,63.157,1.7346,4.0617
11,2010,JHC,63.157,1.7346,4.0617
11,2010,JHM,63.157,1.7346,4.0617
11,2010,PLK,63.157,1.7346,4.0617
11,2010,OLK,63.157,1.7346,4.0617
11,2010,KVK,63.157,1.7346,4.0617
11,2010,ZLK,63.157,1.7346,4.0617
11,2010,ULK,63.157,1.7346,4.0617
11,2010,MSK,63.157,1.7346,4.0617
11,2010,LBK,63.157,1.7346,4.0617
12,2010,PHA,64.712,1.7136,4.2796
12,2010,HKK,64.712,1.7136,4.2796
12,2010,STC,64.712,1.7136,4.2796
12,2010,PAK,64.712,1.7136,4.2796
12,2010,VYS,64.712,1.7136,4.2796
12,2010,JHC,64.712,1.7136,4.2796
12,2010,JHM,64.712,1.7136,4.2796
12,2010,PLK,64.712,1.7136,4.2796
12,2010,OLK,64.712,1.7136,4.2796
12,2010,KVK,64.712,1.7136,4.2796
12,2010,ZLK,64.712,1.7136,4.2796
12,2010,ULK,64.712,1.7136,4.2796
12,2010,MSK,64.712,1.7136,4.2796
12,2010,LBK,64.712,1.7136,4.2796
1,2011,PHA,66.995,1.8152,4.4904
1,2011,HKK,66.995,1.8152,4.4904
1,2011,STC,66.995,1.8152,4.4904
1,2011,PAK,66.995,1.8152,4.4904
1,2011,VYS,66.995,1.8152,4.4904
1,2011,JHC,66.995,1.8152,4.4904
1,2011,JHM,66.995,1.8152,4.4904
1,2011,PLK,66.995,1.8152,4.4904
1,2011,OLK,66.995,1.8152,4.4904
1,2011,KVK,66.995,1.8152,4.4904
1,2011,ZLK,66.995,1.8152,4.4904
1,2011,ULK,66.995,1.8152,4.4904
1,2011,MSK,66.995,1.8152,4.4904
1,2011,LBK,66.995,1.8152,4.4904
2,2011,PHA,68.604,1.8636,4.034
2,2011,HKK,68.604,1.8636,4.034
2,2011,STC,68.604,1.8636,4.034
2,2011,PAK,68.604,1.8636,4.034
2,2011,VYS,68.604,1.8636,4.034
2,2011,JHC,68.604,1.8636,4.034
2,2011,JHM,68.604,1.8636,4.034
2,2011,PLK,68.604,1.8636,4.034
2,2011,OLK,68.604,1.8636,4.034
2,2011,KVK,68.604,1.8636,4.034
2,2011,ZLK,68.604,1.8636,4.034
2,2011,ULK,68.604,1.8636,4.034
2,2011,MSK,68.604,1.8636,4.034
2,2011,LBK,68.604,1.8636,4.034
3,2011,PHA,75.449,1.9535,4.0706
3,2011,HKK,75.449,1.9535,4.0706
3,2011,STC,75.449,1.9535,4.0706
3,2011,PAK,75.449,1.9535,4.0706
3,2011,VYS,75.449,1.9535,4.0706
3,2011,JHC,75.449,1.9535,4.0706
3,2011,JHM,75.449,1.9535,4.0706
3,2011,PLK,75.449,1.9535,4.0706
3,2011,OLK,75.449,1.9535,4.0706
3,2011,KVK,75.449,1.9535,4.0706
3,2011,ZLK,75.449,1.9535,4.0706
3,2011,ULK,75.449,1.9535,4.0706
3,2011,MSK,75.449,1.9535,4.0706
3,2011,LBK,75.449,1.9535,4.0706
4,2011,PHA,81.11,2.072,4.2704
4,2011,HKK,81.11,2.072,4.2704
4,2011,STC,81.11,2.072,4.2704
4,2011,PAK,81.11,2.072,4.2704
4,2011,VYS,81.11,2.072,4.2704
4,2011,JHC,81.11,2.072,4.2704
4,2011,JHM,81.11,2.072,4.2704
4,2011,PLK,81.11,2.072,4.2704
4,2011,OLK,81.11,2.072,4.2704
4,2011,KVK,81.11,2.072,4.2704
4,2011,ZLK,81.11,2.072,4.2704
4,2011,ULK,81.11,2.072,4.2704
4,2011,MSK,81.11,2.072,4.2704
4,2011,LBK,81.11,2.072,4.2704
5,2011,PHA,80.973,2.0658,4.349
5,2011,HKK,80.973,2.0658,4.349
5,2011,STC,80.973,2.0658,4.349
5,2011,PAK,80.973,2.0658,4.349
5,2011,VYS,80.973,2.0658,4.349
5,2011,JHC,80.973,2.0658,4.349
5,2011,JHM,80.973,2.0658,4.349
5,2011,PLK,80.973,2.0658,4.349
5,2011,OLK,80.973,2.0658,4.349
5,2011,KVK,80.973,2.0658,4.349
5,2011,ZLK,80.973,2.0658,4.349
5,2011,ULK,80.973,2.0658,4.349
5,2011,MSK,80.973,2.0658,4.349
5,2011,LBK,80.973,2.0658,4.349
6,2011,PHA,81.173,2.0605,4.5297
6,2011,HKK,81.173,2.0605,4.5297
6,2011,STC,81.173,2.0605,4.5297
6,2011,PAK,81.173,2.0605,4.5297
6,2011,VYS,81.173,2.0605,4.5297
6,2011,JHC,81.173,2.0605,4.5297
6,2011,JHM,81.173,2.0605,4.5297
6,2011,PLK,81.173,2.0605,4.5297
6,2011,OLK,81.173,2.0605,4.5297
6,2011,KVK,81.173,2.0605,4.5297
6,2011,ZLK,81.173,2.0605,4.5297
6,2011,ULK,81.173,2.0605,4.5297
6,2011,MSK,81.173,2.0605,4.5297
6,2011,LBK,81.173,2.0605,4.5297
7,2011,PHA,79.002,2.0399,4.3514
7,2011,HKK,79.002,2.0399,4.3514
7,2011,STC,79.002,2.0399,4.3514
7,2011,PAK,79.002,2.0399,4.3514
7,2011,VYS,79.002,2.0399,4.3514
7,2011,JHC,79.002,2.0399,4.3514
7,2011,JHM,79.002,2.0399,4.3514
7,2011,PLK,79.002,2.0399,4.3514
7,2011,OLK,79.002,2.0399,4.3514
7,2011,KVK,79.002,2.0399,4.3514
7,2011,ZLK,79.002,2.0399,4.3514
7,2011,ULK,79.002,2.0399,4.3514
7,2011,MSK,79.002,2.0399,4.3514
7,2011,LBK,79.002,2.0399,4.3514
8,2011,PHA,79.348,2.0466,3.9868
8,2011,HKK,79.348,2.0466,3.9868
8,2011,STC,79.348,2.0466,3.9868
8,2011,PAK,79.348,2.0466,3.9868
8,2011,VYS,79.348,2.0466,3.9868
8,2011,JHC,79.348,2.0466,3.9868
8,2011,JHM,79.348,2.0466,3.9868
8,2011,PLK,79.348,2.0466,3.9868
8,2011,OLK,79.348,2.0466,3.9868
8,2011,KVK,79.348,2.0466,3.9868
8,2011,ZLK,79.348,2.0466,3.9868
8,2011,ULK,79.348,2.0466,3.9868
8,2011,MSK,79.348,2.0466,3.9868
8,2011,LBK,79.348,2.0466,3.9868
9,2011,PHA,76.503,1.9487,3.8504
9,2011,HKK,76.503,1.9487,3.8504
9,2011,STC,76.503,1.9487,3.8504
9,2011,PAK,76.503,1.9487,3.8504
9,2011,VYS,76.503,1.9487,3.8504
9,2011,JHC,76.503,1.9487,3.8504
9,2011,JHM,76.503,1.9487,3.8504
9,2011,PLK,76.503,1.9487,3.8504
9,2011,OLK,76.503,1.9487,3.8504
9,2011,KVK,76.503,1.9487,3.8504
9,2011,ZLK,76.503,1.9487,3.8504
9,2011,ULK,76.503,1.9487,3.8504
9,2011,MSK,76.503,1.9487,3.8504
9,2011,LBK,76.503,1.9487,3.8504
10,2011,PHA,73.334,1.9243,3.6259
10,2011,HKK,73.334,1.9243,3.6259
10,2011,STC,73.334,1.9243,3.6259
10,2011,PAK,73.334,1.9243,3.6259
10,2011,VYS,73.334,1.9243,3.6259
10,2011,JHC,73.334,1.9243,3.6259
10,2011,JHM,73.334,1.9243,3.6259
10,2011,PLK,73.334,1.9243,3.6259
10,2011,OLK,73.334,1.9243,3.6259
10,2011,KVK,73.334,1.9243,3.6259
10,2011,ZLK,73.334,1.9243,3.6259
10,2011,ULK,73.334,1.9243,3.6259
10,2011,MSK,73.334,1.9243,3.6259
10,2011,LBK,73.334,1.9243,3.6259
11,2011,PHA,71.872,1.8543,3.5591
11,2011,HKK,71.872,1.8543,3.5591
11,2011,STC,71.872,1.8543,3.5591
11,2011,PAK,71.872,1.8543,3.5591
11,2011,VYS,71.872,1.8543,3.5591
11,2011,JHC,71.872,1.8543,3.5591
11,2011,JHM,71.872,1.8543,3.5591
11,2011,PLK,71.872,1.8543,3.5591
11,2011,OLK,71.872,1.8543,3.5591
11,2011,KVK,71.872,1.8543,3.5591
11,2011,ZLK,71.872,1.8543,3.5591
11,2011,ULK,71.872,1.8543,3.5591
11,2011,MSK,71.872,1.8543,3.5591
11,2011,LBK,71.872,1.8543,3.5591
12,2011,PHA,67.361,1.7957,3.2479
12,2011,HKK,67.361,1.7957,3.2479
12,2011,STC,67.361,1.7957,3.2479
12,2011,PAK,67.361,1.7957,3.2479
12,2011,VYS,67.361,1.7957,3.2479
12,2011,JHC,67.361,1.7957,3.2479
12,2011,JHM,67.361,1.7957,3.2479
12,2011,PLK,67.361,1.7957,3.2479
12,2011,OLK,67.361,1.7957,3.2479
12,2011,KVK,67.361,1.7957,3.2479
12,2011,ZLK,67.361,1.7957,3.2479
12,2011,ULK,67.361,1.7957,3.2479
12,2011,MSK,67.361,1.7957,3.2479
12,2011,LBK,67.361,1.7957,3.2479
1,2012,PHA,63.745,1.7993,2.6963
1,2012,HKK,63.745,1.7993,2.6963
1,2012,STC,63.745,1.7993,2.6963
1,2012,PAK,63.745,1.7993,2.6963
1,2012,VYS,63.745,1.7993,2.6963
1,2012,JHC,63.745,1.7993,2.6963
1,2012,JHM,63.745,1.7993,2.6963
1,2012,PLK,63.745,1.7993,2.6963
1,2012,OLK,63.745,1.7993,2.6963
1,2012,KVK,63.745,1.7993,2.6963
1,2012,ZLK,63.745,1.7993,2.6963
1,2012,ULK,63.745,1.7993,2.6963
1,2012,MSK,63.745,1.7993,2.6963
1,2012,LBK,63.745,1.7993,2.6963
2,2012,PHA,66.807,1.9013,2.531
2,2012,HKK,66.807,1.9013,2.531
2,2012,STC,66.807,1.9013,2.531
2,2012,PAK,66.807,1.9013,2.531
2,2012,VYS,66.807,1.9013,2.531
2,2012,JHC,66.807,1.9013,2.531
2,2012,JHM,66.807,1.9013,2.531
2,2012,PLK,66.807,1.9013,2.531
2,2012,OLK,66.807,1.9013,2.531
2,2012,KVK,66.807,1.9013,2.531
2,2012,ZLK,66.807,1.9013,2.531
2,2012,ULK,66.807,1.9013,2.531
2,2012,MSK,66.807,1.9013,2.531
2,2012,LBK,66.807,1.9013,2.531
3,2012,PHA,66.29,1.9699,2.2929
3,2012,HKK,66.29,1.9699,2.2929
3,2012,STC,66.29,1.9699,2.2929
3,2012,PAK,66.29,1.9699,2.2929
3,2012,VYS,66.29,1.9699,2.2929
3,2012,JHC,66.29,1.9699,2.2929
3,2012,JHM,66.29,1.9699,2.2929
3,2012,PLK,66.29,1.9699,2.2929
3,2012,OLK,66.29,1.9699,2.2929
3,2012,KVK,66.29,1.9699,2.2929
3,2012,ZLK,66.29,1.9699,2.2929
3,2012,ULK,66.29,1.9699,2.2929
3,2012,MSK,66.29,1.9699,2.2929
3,2012,LBK,66.29,1.9699,2.2929
4,2012,PHA,64.888,1.9999,2.0511
4,2012,HKK,64.888,1.9999,2.0511
4,2012,STC,64.888,1.9999,2.0511
4,2012,PAK,64.888,1.9999,2.0511
4,2012,VYS,64.888,1.9999,2.0511
4,2012,JHC,64.888,1.9999,2.0511
4,2012,JHM,64.888,1.9999,2.0511
4,2012,PLK,64.888,1.9999,2.0511
4,2012,OLK,64.888,1.9999,2.0511
4,2012,KVK,64.888,1.9999,2.0511
4,2012,ZLK,64.888,1.9999,2.0511
4,2012,ULK,64.888,1.9999,2.0511
4,2012,MSK,64.888,1.9999,2.0511
4,2012,LBK,64.888,1.9999,2.0511
5,2012,PHA,61.044,1.8871,2.4948
5,2012,HKK,61.044,1.8871,2.4948
5,2012,STC,61.044,1.8871,2.4948
5,2012,PAK,61.044,1.8871,2.4948
5,2012,VYS,61.044,1.8871,2.4948
5,2012,JHC,61.044,1.8871,2.4948
5,2012,JHM,61.044,1.8871,2.4948
5,2012,PLK,61.044,1.8871,2.4948
5,2012,OLK,61.044,1.8871,2.4948
5,2012,KVK,61.044,1.8871,2.4948
5,2012,ZLK,61.044,1.8871,2.4948
5,2012,ULK,61.044,1.8871,2.4948
5,2012,MSK,61.044,1.8871,2.4948
5,2012,LBK,61.044,1.8871,2.4948
6,2012,PHA,58.952,1.7686,2.5036
6,2012,HKK,58.952,1.7686,2.5036
6,2012,STC,58.952,1.7686,2.5036
6,2012,PAK,58.952,1.7686,2.5036
6,2012,VYS,58.952,1.7686,2.5036
6,2012,JHC,58.952,1.7686,2.5036
6,2012,JHM,58.952,1.7686,2.5036
6,2012,PLK,58.952,1.7686,2.5036
6,2012,OLK,58.952,1.7686,2.5036
6,2012,KVK,58.952,1.7686,2.5036
6,2012,ZLK,58.952,1.7686,2.5036
6,2012,ULK,58.952,1.7686,2.5036
6,2012,MSK,58.952,1.7686,2.5036
6,2012,LBK,58.952,1.7686,2.5036
7,2012,PHA,57.709,1.7452,2.9626
7,2012,HKK,57.709,1.7452,2.9626
7,2012,STC,57.709,1.7452,2.9626
7,2012,PAK,57.709,1.7452,2.9626
7,2012,VYS,57.709,1.7452,2.9626
7,2012,JHC,57.709,1.7452,2.9626
7,2012,JHM,57.709,1.7452,2.9626
7,2012,PLK,57.709,1.7452,2.9626
7,2012,OLK,57.709,1.7452,2.9626
7,2012,KVK,57.709,1.7452,2.9626
7,2012,ZLK,57.709,1.7452,2.9626
7,2012,ULK,57.709,1.7452,2.9626
7,2012,MSK,57.709,1.7452,2.9626
7,2012,LBK,57.709,1.7452,2.9626
8,2012,PHA,59.524,1.8497,2.8107
8,2012,HKK,59.524,1.8497,2.8107
8,2012,STC,59.524,1.8497,2.8107
8,2012,PAK,59.524,1.8497,2.8107
8,2012,VYS,59.524,1.8497,2.8107
8,2012,JHC,59.524,1.8497,2.8107
8,2012,JHM,59.524,1.8497,2.8107
8,2012,PLK,59.524,1.8497,2.8107
8,2012,OLK,59.524,1.8497,2.8107
8,2012,KVK,59.524,1.8497,2.8107
8,2012,ZLK,59.524,1.8497,2.8107
8,2012,ULK,59.524,1.8497,2.8107
8,2012,MSK,59.524,1.8497,2.8107
8,2012,LBK,59.524,1.8497,2.8107
9,2012,PHA,60.931,1.9859,2.9145
9,2012,HKK,60.931,1.9859,2.9145
9,2012,STC,60.931,1.9859,2.9145
9,2012,PAK,60.931,1.9859,2.9145
9,2012,VYS,60.931,1.9859,2.9145
9,2012,JHC,60.931,1.9859,2.9145
9,2012,JHM,60.931,1.9859,2.9145
9,2012,PLK,60.931,1.9859,2.9145
9,2012,OLK,60.931,1.9859,2.9145
9,2012,KVK,60.931,1.9859,2.9145
9,2012,ZLK,60.931,1.9859,2.9145
9,2012,ULK,60.931,1.9859,2.9145
9,2012,MSK,60.931,1.9859,2.9145
9,2012,LBK,60.931,1.9859,2.9145
10,2012,PHA,60.67,1.9665,3.5102
10,2012,HKK,60.67,1.9665,3.5102
10,2012,STC,60.67,1.9665,3.5102
10,2012,PAK,60.67,1.9665,3.5102
10,2012,VYS,60.67,1.9665,3.5102
10,2012,JHC,60.67,1.9665,3.5102
10,2012,JHM,60.67,1.9665,3.5102
10,2012,PLK,60.67,1.9665,3.5102
10,2012,OLK,60.67,1.9665,3.5102
10,2012,KVK,60.67,1.9665,3.5102
10,2012,ZLK,60.67,1.9665,3.5102
10,2012,ULK,60.67,1.9665,3.5102
10,2012,MSK,60.67,1.9665,3.5102
10,2012,LBK,60.67,1.9665,3.5102
11,2012,PHA,59.376,1.8256,3.701
11,2012,HKK,59.376,1.8256,3.701
11,2012,STC,59.376,1.8256,3.701
11,2012,PAK,59.376,1.8256,3.701
11,2012,VYS,59.376,1.8256,3.701
11,2012,JHC,59.376,1.8256,3.701
11,2012,JHM,59.376,1.8256,3.701
11,2012,PLK,59.376,1.8256,3.701
11,2012,OLK,59.376,1.8256,3.701
11,2012,KVK,59.376,1.8256,3.701
11,2012,ZLK,59.376,1.8256,3.701
11,2012,ULK,59.376,1.8256,3.701
11,2012,MSK,59.376,1.8256,3.701
11,2012,LBK,59.376,1.8256,3.701
12,2012,PHA,59.516,1.8299,3.4347
12,2012,HKK,59.516,1.8299,3.4347
12,2012,STC,59.516,1.8299,3.4347
12,2012,PAK,59.516,1.8299,3.4347
12,2012,VYS,59.516,1.8299,3.4347
12,2012,JHC,59.516,1.8299,3.4347
12,2012,JHM,59.516,1.8299,3.4347
12,2012,PLK,59.516,1.8299,3.4347
12,2012,OLK,59.516,1.8299,3.4347
12,2012,KVK,59.516,1.8299,3.4347
12,2012,ZLK,59.516,1.8299,3.4347
12,2012,ULK,59.516,1.8299,3.4347
12,2012,MSK,59.516,1.8299,3.4347
12,2012,LBK,59.516,1.8299,3.4347
1,2013,PHA,56.643,1.8409,3.3618
1,2013,HKK,56.643,1.8409,3.3618
1,2013,STC,56.643,1.8409,3.3618
1,2013,PAK,56.643,1.8409,3.3618
1,2013,VYS,56.643,1.8409,3.3618
1,2013,JHC,56.643,1.8409,3.3618
1,2013,JHM,56.643,1.8409,3.3618
1,2013,PLK,56.643,1.8409,3.3618
1,2013,OLK,56.643,1.8409,3.3618
1,2013,KVK,56.643,1.8409,3.3618
1,2013,ZLK,56.643,1.8409,3.3618
1,2013,ULK,56.643,1.8409,3.3618
1,2013,MSK,56.643,1.8409,3.3618
1,2013,LBK,56.643,1.8409,3.3618
2,2013,PHA,55.609,1.9074,3.308
2,2013,HKK,55.609,1.9074,3.308
2,2013,STC,55.609,1.9074,3.308
2,2013,PAK,55.609,1.9074,3.308
2,2013,VYS,55.609,1.9074,3.308
2,2013,JHC,55.609,1.9074,3.308
2,2013,JHM,55.609,1.9074,3.308
2,2013,PLK,55.609,1.9074,3.308
2,2013,OLK,55.609,1.9074,3.308
2,2013,KVK,55.609,1.9074,3.308
2,2013,ZLK,55.609,1.9074,3.308
2,2013,ULK,55.609,1.9074,3.308
2,2013,MSK,55.609,1.9074,3.308
2,2013,LBK,55.609,1.9074,3.308
3,2013,PHA,52.566,1.847,3.788
3,2013,HKK,52.566,1.847,3.788
3,2013,STC,52.566,1.847,3.788
3,2013,PAK,52.566,1.847,3.788
3,2013,VYS,52.566,1.847,3.788
3,2013,JHC,52.566,1.847,3.788
3,2013,JHM,52.566,1.847,3.788
3,2013,PLK,52.566,1.847,3.788
3,2013,OLK,52.566,1.847,3.788
3,2013,KVK,52.566,1.847,3.788
3,2013,ZLK,52.566,1.847,3.788
3,2013,ULK,52.566,1.847,3.788
3,2013,MSK,52.566,1.847,3.788
3,2013,LBK,52.566,1.847,3.788
4,2013,PHA,51.552,1.8213,4.1636
4,2013,HKK,51.552,1.8213,4.1636
4,2013,STC,51.552,1.8213,4.1636
4,2013,PAK,51.552,1.8213,4.1636
4,2013,VYS,51.552,1.8213,4.1636
4,2013,JHC,51.552,1.8213,4.1636
4,2013,JHM,51.552,1.8213,4.1636
4,2013,PLK,51.552,1.8213,4.1636
4,2013,OLK,51.552,1.8213,4.1636
4,2013,KVK,51.552,1.8213,4.1636
4,2013,ZLK,51.552,1.8213,4.1636
4,2013,ULK,51.552,1.8213,4.1636
4,2013,MSK,51.552,1.8213,4.1636
4,2013,LBK,51.552,1.8213,4.1636
5,2013,PHA,49.328,1.7833,4.08
5,2013,HKK,49.328,1.7833,4.08
5,2013,STC,49.328,1.7833,4.08
5,2013,PAK,49.328,1.7833,4.08
5,2013,VYS,49.328,1.7833,4.08
5,2013,JHC,49.328,1.7833,4.08
5,2013,JHM,49.328,1.7833,4.08
5,2013,PLK,49.328,1.7833,4.08
5,2013,OLK,49.328,1.7833,4.08
5,2013,KVK,49.328,1.7833,4.08
5,2013,ZLK,49.328,1.7833,4.08
5,2013,ULK,49.328,1.7833,4.08
5,2013,MSK,49.328,1.7833,4.08
5,2013,LBK,49.328,1.7833,4.08
6,2013,PHA,48.863,1.8464,3.811
6,2013,HKK,48.863,1.8464,3.811
6,2013,STC,48.863,1.8464,3.811
6,2013,PAK,48.863,1.8464,3.811
6,2013,VYS,48.863,1.8464,3.811
6,2013,JHC,48.863,1.8464,3.811
6,2013,JHM,48.863,1.8464,3.811
6,2013,PLK,48.863,1.8464,3.811
6,2013,OLK,48.863,1.8464,3.811
6,2013,KVK,48.863,1.8464,3.811
6,2013,ZLK,48.863,1.8464,3.811
6,2013,ULK,48.863,1.8464,3.811
6,2013,MSK,48.863,1.8464,3.811
6,2013,LBK,48.863,1.8464,3.811
7,2013,PHA,48.049,1.8455,3.6426
7,2013,HKK,48.049,1.8455,3.6426
7,2013,STC,48.049,1.8455,3.6426
7,2013,PAK,48.049,1.8455,3.6426
7,2013,VYS,48.049,1.8455,3.6426
7,2013,JHC,48.049,1.8455,3.6426
7,2013,JHM,48.049,1.8455,3.6426
7,2013,PLK,48.049,1.8455,3.6426
7,2013,OLK,48.049,1.8455,3.6426
7,2013,KVK,48.049,1.8455,3.6426
7,2013,ZLK,48.049,1.8455,3.6426
7,2013,ULK,48.049,1.8455,3.6426
7,2013,MSK,48.049,1.8455,3.6426
7,2013,LBK,48.049,1.8455,3.6426
8,2013,PHA,47.449,1.8972,3.415
8,2013,HKK,47.449,1.8972,3.415
8,2013,STC,47.449,1.8972,3.415
8,2013,PAK,47.449,1.8972,3.415
8,2013,VYS,47.449,1.8972,3.415
8,2013,JHC,47.449,1.8972,3.415
8,2013,JHM,47.449,1.8972,3.415
8,2013,PLK,47.449,1.8972,3.415
8,2013,OLK,47.449,1.8972,3.415
8,2013,KVK,47.449,1.8972,3.415
8,2013,ZLK,47.449,1.8972,3.415
8,2013,ULK,47.449,1.8972,3.415
8,2013,MSK,47.449,1.8972,3.415
8,2013,LBK,47.449,1.8972,3.415
9,2013,PHA,50.326,1.9069,3.62
9,2013,HKK,50.326,1.9069,3.62
9,2013,STC,50.326,1.9069,3.62
9,2013,PAK,50.326,1.9069,3.62
9,2013,VYS,50.326,1.9069,3.62
9,2013,JHC,50.326,1.9069,3.62
9,2013,JHM,50.326,1.9069,3.62
9,2013,PLK,50.326,1.9069,3.62
9,2013,OLK,50.326,1.9069,3.62
9,2013,KVK,50.326,1.9069,3.62
9,2013,ZLK,50.326,1.9069,3.62
9,2013,ULK,50.326,1.9069,3.62
9,2013,MSK,50.326,1.9069,3.62
9,2013,LBK,50.326,1.9069,3.62
10,2013,PHA,50.276,1.9065,3.6582
10,2013,HKK,50.276,1.9065,3.6582
10,2013,STC,50.276,1.9065,3.6582
10,2013,PAK,50.276,1.9065,3.6582
10,2013,VYS,50.276,1.9065,3.6582
10,2013,JHC,50.276,1.9065,3.6582
10,2013,JHM,50.276,1.9065,3.6582
10,2013,PLK,50.276,1.9065,3.6582
10,2013,OLK,50.276,1.9065,3.6582
10,2013,KVK,50.276,1.9065,3.6582
10,2013,ZLK,50.276,1.9065,3.6582
10,2013,ULK,50.276,1.9065,3.6582
10,2013,MSK,50.276,1.9065,3.6582
10,2013,LBK,50.276,1.9065,3.6582
11,2013,PHA,49.249,1.7865,3.6576
11,2013,HKK,49.249,1.7865,3.6576
11,2013,STC,49.249,1.7865,3.6576
11,2013,PAK,49.249,1.7865,3.6576
11,2013,VYS,49.249,1.7865,3.6576
11,2013,JHC,49.249,1.7865,3.6576
11,2013,JHM,49.249,1.7865,3.6576
11,2013,PLK,49.249,1.7865,3.6576
11,2013,OLK,49.249,1.7865,3.6576
11,2013,KVK,49.249,1.7865,3.6576
11,2013,ZLK,49.249,1.7865,3.6576
11,2013,ULK,49.249,1.7865,3.6576
11,2013,MSK,49.249,1.7865,3.6576
11,2013,LBK,49.249,1.7865,3.6576
12,2013,PHA,48.913,1.7981,4.284
12,2013,HKK,48.913,1.7981,4.284
12,2013,STC,48.913,1.7981,4.284
12,2013,PAK,48.913,1.7981,4.284
12,2013,VYS,48.913,1.7981,4.284
12,2013,JHC,48.913,1.7981,4.284
12,2013,JHM,48.913,1.7981,4.284
12,2013,PLK,48.913,1.7981,4.284
12,2013,OLK,48.913,1.7981,4.284
12,2013,KVK,48.913,1.7981,4.284
12,2013,ZLK,48.913,1.7981,4.284
12,2013,ULK,48.913,1.7981,4.284
12,2013,MSK,48.913,1.7981,4.284
12,2013,LBK,48.913,1.7981,4.284
1,2014,PHA,48.119,1.7922,4.5431
1,2014,HKK,48.119,1.7922,4.5431
1,2014,STC,48.119,1.7922,4.5431
1,2014,PAK,48.119,1.7922,4.5431
1,2014,VYS,48.119,1.7922,4.5431
1,2014,JHC,48.119,1.7922,4.5431
1,2014,JHM,48.119,1.7922,4.5431
1,2014,PLK,48.119,1.7922,4.5431
1,2014,OLK,48.119,1.7922,4.5431
1,2014,KVK,48.119,1.7922,4.5431
1,2014,ZLK,48.119,1.7922,4.5431
1,2014,ULK,48.119,1.7922,4.5431
1,2014,MSK,48.119,1.7922,4.5431
1,2014,LBK,48.119,1.7922,4.5431
2,2014,PHA,48.375,1.7947,5.181
2,2014,HKK,48.375,1.7947,5.181
2,2014,STC,48.375,1.7947,5.181
2,2014,PAK,48.375,1.7947,5.181
2,2014,VYS,48.375,1.7947,5.181
2,2014,JHC,48.375,1.7947,5.181
2,2014,JHM,48.375,1.7947,5.181
2,2014,PLK,48.375,1.7947,5.181
2,2014,OLK,48.375,1.7947,5.181
2,2014,KVK,48.375,1.7947,5.181
2,2014,ZLK,48.375,1.7947,5.181
2,2014,ULK,48.375,1.7947,5.181
2,2014,MSK,48.375,1.7947,5.181
2,2014,LBK,48.375,1.7947,5.181
3,2014,PHA,47.689,1.8079,4.4842
3,2014,HKK,47.689,1.8079,4.4842
3,2014,STC,47.689,1.8079,4.4842
3,2014,PAK,47.689,1.8079,4.4842
3,2014,VYS,47.689,1.8079,4.4842
3,2014,JHC,47.689,1.8079,4.4842
3,2014,JHM,47.689,1.8079,4.4842
3,2014,PLK,47.689,1.8079,4.4842
3,2014,OLK,47.689,1.8079,4.4842
3,2014,KVK,47.689,1.8079,4.4842
3,2014,ZLK,47.689,1.8079,4.4842
3,2014,ULK,47.689,1.8079,4.4842
3,2014,MSK,47.689,1.8079,4.4842
3,2014,LBK,47.689,1.8079,4.4842
4,2014,PHA,46.421,1.8066,4.6033
4,2014,HKK,46.421,1.8066,4.6033
4,2014,STC,46.421,1.8066,4.6033
4,2014,PAK,46.421,1.8066,4.6033
4,2014,VYS,46.421,1.8066,4.6033
4,2014,JHC,46.421,1.8066,4.6033
4,2014,JHM,46.421,1.8066,4.6033
4,2014,PLK,46.421,1.8066,4.6033
4,2014,OLK,46.421,1.8066,4.6033
4,2014,KVK,46.421,1.8066,4.6033
4,2014,ZLK,46.421,1.8066,4.6033
4,2014,ULK,46.421,1.8066,4.6033
4,2014,MSK,46.421,1.8066,4.6033
4,2014,LBK,46.421,1.8066,4.6033
5,2014,PHA,46.275,1.8128,4.5322
5,2014,HKK,46.275,1.8128,4.5322
5,2014,STC,46.275,1.8128,4.5322
5,2014,PAK,46.275,1.8128,4.5322
5,2014,VYS,46.275,1.8128,4.5322
5,2014,JHC,46.275,1.8128,4.5322
5,2014,JHM,46.275,1.8128,4.5322
5,2014,PLK,46.275,1.8128,4.5322
5,2014,OLK,46.275,1.8128,4.5322
5,2014,KVK,46.275,1.8128,4.5322
5,2014,ZLK,46.275,1.8128,4.5322
5,2014,ULK,46.275,1.8128,4.5322
5,2014,MSK,46.275,1.8128,4.5322
5,2014,LBK,46.275,1.8128,4.5322
6,2014,PHA,45.677,1.8056,4.5971
6,2014,HKK,45.677,1.8056,4.5971
6,2014,STC,45.677,1.8056,4.5971
6,2014,PAK,45.677,1.8056,4.5971
6,2014,VYS,45.677,1.8056,4.5971
6,2014,JHC,45.677,1.8056,4.5971
6,2014,JHM,45.677,1.8056,4.5971
6,2014,PLK,45.677,1.8056,4.5971
6,2014,OLK,45.677,1.8056,4.5971
6,2014,KVK,45.677,1.8056,4.5971
6,2014,ZLK,45.677,1.8056,4.5971
6,2014,ULK,45.677,1.8056,4.5971
6,2014,MSK,45.677,1.8056,4.5971
6,2014,LBK,45.677,1.8056,4.5971
7,2014,PHA,46.238,1.8211,4.0408
7,2014,HKK,46.238,1.8211,4.0408
7,2014,STC,46.238,1.8211,4.0408
7,2014,PAK,46.238,1.8211,4.0408
7,2014,VYS,46.238,1.8211,4.0408
7,2014,JHC,46.238,1.8211,4.0408
7,2014,JHM,46.238,1.8211,4.0408
7,2014,PLK,46.238,1.8211,4.0408
7,2014,OLK,46.238,1.8211,4.0408
7,2014,KVK,46.238,1.8211,4.0408
7,2014,ZLK,46.238,1.8211,4.0408
7,2014,ULK,46.238,1.8211,4.0408
7,2014,MSK,46.238,1.8211,4.0408
7,2014,LBK,46.238,1.8211,4.0408
8,2014,PHA,46.324,1.7622,3.9042
8,2014,HKK,46.324,1.7622,3.9042
8,2014,STC,46.324,1.7622,3.9042
8,2014,PAK,46.324,1.7622,3.9042
8,2014,VYS,46.324,1.7622,3.9042
8,2014,JHC,46.324,1.7622,3.9042
8,2014,JHM,46.324,1.7622,3.9042
8,2014,PLK,46.324,1.7622,3.9042
8,2014,OLK,46.324,1.7622,3.9042
8,2014,KVK,46.324,1.7622,3.9042
8,2014,ZLK,46.324,1.7622,3.9042
8,2014,ULK,46.324,1.7622,3.9042
8,2014,MSK,46.324,1.7622,3.9042
8,2014,LBK,46.324,1.7622,3.9042
9,2014,PHA,44.38,1.7158,3.9263
9,2014,HKK,44.38,1.7158,3.9263
9,2014,STC,44.38,1.7158,3.9263
9,2014,PAK,44.38,1.7158,3.9263
9,2014,VYS,44.38,1.7158,3.9263
9,2014,JHC,44.38,1.7158,3.9263
9,2014,JHM,44.38,1.7158,3.9263
9,2014,PLK,44.38,1.7158,3.9263
9,2014,OLK,44.38,1.7158,3.9263
9,2014,KVK,44.38,1.7158,3.9263
9,2014,ZLK,44.38,1.7158,3.9263
9,2014,ULK,44.38,1.7158,3.9263
9,2014,MSK,44.38,1.7158,3.9263
9,2014,LBK,44.38,1.7158,3.9263
10,2014,PHA,42.753,1.679,3.8082
10,2014,HKK,42.753,1.679,3.8082
10,2014,STC,42.753,1.679,3.8082
10,2014,PAK,42.753,1.679,3.8082
10,2014,VYS,42.753,1.679,3.8082
10,2014,JHC,42.753,1.679,3.8082
10,2014,JHM,42.753,1.679,3.8082
10,2014,PLK,42.753,1.679,3.8082
10,2014,OLK,42.753,1.679,3.8082
10,2014,KVK,42.753,1.679,3.8082
10,2014,ZLK,42.753,1.679,3.8082
10,2014,ULK,42.753,1.679,3.8082
10,2014,MSK,42.753,1.679,3.8082
10,2014,LBK,42.753,1.679,3.8082
11,2014,PHA,43.025,1.6026,4.233
11,2014,HKK,43.025,1.6026,4.233
11,2014,STC,43.025,1.6026,4.233
11,2014,PAK,43.025,1.6026,4.233
11,2014,VYS,43.025,1.6026,4.233
11,2014,JHC,43.025,1.6026,4.233
11,2014,JHM,43.025,1.6026,4.233
11,2014,PLK,43.025,1.6026,4.233
11,2014,OLK,43.025,1.6026,4.233
11,2014,KVK,43.025,1.6026,4.233
11,2014,ZLK,43.025,1.6026,4.233
11,2014,ULK,43.025,1.6026,4.233
11,2014,MSK,43.025,1.6026,4.233
11,2014,LBK,43.025,1.6026,4.233
12,2014,PHA,41.277,1.4929,3.496
12,2014,HKK,41.277,1.4929,3.496
12,2014,STC,41.277,1.4929,3.496
12,2014,PAK,41.277,1.4929,3.496
12,2014,VYS,41.277,1.4929,3.496
12,2014,JHC,41.277,1.4929,3.496
12,2014,JHM,41.277,1.4929,3.496
12,2014,PLK,41.277,1.4929,3.496
12,2014,OLK,41.277,1.4929,3.496
12,2014,KVK,41.277,1.4929,3.496
12,2014,ZLK,41.277,1.4929,3.496
12,2014,ULK,41.277,1.4929,3.496
12,2014,MSK,41.277,1.4929,3.496
12,2014,LBK,41.277,1.4929,3.496
1,2015,PHA,36.568,1.2803,2.9414
1,2015,HKK,36.568,1.2803,2.9414
1,2015,STC,36.568,1.2803,2.9414
1,2015,PAK,36.568,1.2803,2.9414
1,2015,VYS,36.568,1.2803,2.9414
1,2015,JHC,36.568,1.2803,2.9414
1,2015,JHM,36.568,1.2803,2.9414
1,2015,PLK,36.568,1.2803,2.9414
1,2015,OLK,36.568,1.2803,2.9414
1,2015,KVK,36.568,1.2803,2.9414
1,2015,ZLK,36.568,1.2803,2.9414
1,2015,ULK,36.568,1.2803,2.9414
1,2015,MSK,36.568,1.2803,2.9414
1,2015,LBK,36.568,1.2803,2.9414
2,2015,PHA,36.94,1.2275,2.761
2,2015,HKK,36.94,1.2275,2.761
2,2015,STC,36.94,1.2275,2.761
2,2015,PAK,36.94,1.2275,2.761
2,2015,VYS,36.94,1.2275,2.761
2,2015,JHC,36.94,1.2275,2.761
2,2015,JHM,36.94,1.2275,2.761
2,2015,PLK,36.94,1.2275,2.761
2,2015,OLK,36.94,1.2275,2.761
2,2015,KVK,36.94,1.2275,2.761
2,2015,ZLK,36.94,1.2275,2.761
2,2015,ULK,36.94,1.2275,2.761
2,2015,MSK,36.94,1.2275,2.761
2,2015,LBK,36.94,1.2275,2.761
3,2015,PHA,34.626,1.2361,2.749
3,2015,HKK,34.626,1.2361,2.749
3,2015,STC,34.626,1.2361,2.749
3,2015,PAK,34.626,1.2361,2.749
3,2015,VYS,34.626,1.2361,2.749
3,2015,JHC,34.626,1.2361,2.749
3,2015,JHM,34.626,1.2361,2.749
3,2015,PLK,34.626,1.2361,2.749
3,2015,OLK,34.626,1.2361,2.749
3,2015,KVK,34.626,1.2361,2.749
3,2015,ZLK,34.626,1.2361,2.749
3,2015,ULK,34.626,1.2361,2.749
3,2015,MSK,34.626,1.2361,2.749
3,2015,LBK,34.626,1.2361,2.749
4,2015,PHA,34.128,1.251,2.589
4,2015,HKK,34.128,1.251,2.589
4,2015,STC,34.128,1.251,2.589
4,2015,PAK,34.128,1.251,2.589
4,2015,VYS,34.128,1.251,2.589
4,2015,JHC,34.128,1.251,2.589
4,2015,JHM,34.128,1.251,2.589
4,2015,PLK,34.128,1.251,2.589
4,2015,OLK,34.128,1.251,2.589
4,2015,KVK,34.128,1.251,2.589
4,2015,ZLK,34.128,1.251,2.589
4,2015,ULK,34.128,1.251,2.589
4,2015,MSK,34.128,1.251,2.589
4,2015,LBK,34.128,1.251,2.589
5,2015,PHA,34.825,1.3299,2.86
5,2015,HKK,34.825,1.3299,2.86
5,2015,STC,34.825,1.3299,2.86
5,2015,PAK,34.825,1.3299,2.86
5,2015,VYS,34.825,1.3299,2.86
5,2015,JHC,34.825,1.3299,2.86
5,2015,JHM,34.825,1.3299,2.86
5,2015,PLK,34.825,1.3299,2.86
5,2015,OLK,34.825,1.3299,2.86
5,2015,KVK,34.825,1.3299,2.86
5,2015,ZLK,34.825,1.3299,2.86
5,2015,ULK,34.825,1.3299,2.86
5,2015,MSK,34.825,1.3299,2.86
5,2015,LBK,34.825,1.3299,2.86
6,2015,PHA,35.135,1.353,2.7704
6,2015,HKK,35.135,1.353,2.7704
6,2015,STC,35.135,1.353,2.7704
6,2015,PAK,35.135,1.353,2.7704
6,2015,VYS,35.135,1.353,2.7704
6,2015,JHC,35.135,1.353,2.7704
6,2015,JHM,35.135,1.353,2.7704
6,2015,PLK,35.135,1.353,2.7704
6,2015,OLK,35.135,1.353,2.7704
6,2015,KVK,35.135,1.353,2.7704
6,2015,ZLK,35.135,1.353,2.7704
6,2015,ULK,35.135,1.353,2.7704
6,2015,MSK,35.135,1.353,2.7704
6,2015,LBK,35.135,1.353,2.7704
7,2015,PHA,34.801,1.3424,2.8091
7,2015,HKK,34.801,1.3424,2.8091
7,2015,STC,34.801,1.3424,2.8091
7,2015,PAK,34.801,1.3424,2.8091
7,2015,VYS,34.801,1.3424,2.8091
7,2015,JHC,34.801,1.3424,2.8091
7,2015,JHM,34.801,1.3424,2.8091
7,2015,PLK,34.801,1.3424,2.8091
7,2015,OLK,34.801,1.3424,2.8091
7,2015,KVK,34.801,1.3424,2.8091
7,2015,ZLK,34.801,1.3424,2.8091
7,2015,ULK,34.801,1.3424,2.8091
7,2015,MSK,34.801,1.3424,2.8091
7,2015,LBK,34.801,1.3424,2.8091
8,2015,PHA,33.972,1.3467,2.7547
8,2015,HKK,33.972,1.3467,2.7547
8,2015,STC,33.972,1.3467,2.7547
8,2015,PAK,33.972,1.3467,2.7547
8,2015,VYS,33.972,1.3467,2.7547
8,2015,JHC,33.972,1.3467,2.7547
8,2015,JHM,33.972,1.3467,2.7547
8,2015,PLK,33.972,1.3467,2.7547
8,2015,OLK,33.972,1.3467,2.7547
8,2015,KVK,33.972,1.3467,2.7547
8,2015,ZLK,33.972,1.3467,2.7547
8,2015,ULK,33.972,1.3467,2.7547
8,2015,MSK,33.972,1.3467,2.7547
8,2015,LBK,33.972,1.3467,2.7547
9,2015,PHA,33.37,1.3051,2.639
9,2015,HKK,33.37,1.3051,2.639
9,2015,STC,33.37,1.3051,2.639
9,2015,PAK,33.37,1.3051,2.639
9,2015,VYS,33.37,1.3051,2.639
9,2015,JHC,33.37,1.3051,2.639
9,2015,JHM,33.37,1.3051,2.639
9,2015,PLK,33.37,1.3051,2.639
9,2015,OLK,33.37,1.3051,2.639
9,2015,KVK,33.37,1.3051,2.639
9,2015,ZLK,33.37,1.3051,2.639
9,2015,ULK,33.37,1.3051,2.639
9,2015,MSK,33.37,1.3051,2.639
9,2015,LBK,33.37,1.3051,2.639
10,2015,PHA,32.784,1.2599,2.3872
10,2015,HKK,32.784,1.2599,2.3872
10,2015,STC,32.784,1.2599,2.3872
10,2015,PAK,32.784,1.2599,2.3872
10,2015,VYS,32.784,1.2599,2.3872
10,2015,JHC,32.784,1.2599,2.3872
10,2015,JHM,32.784,1.2599,2.3872
10,2015,PLK,32.784,1.2599,2.3872
10,2015,OLK,32.784,1.2599,2.3872
10,2015,KVK,32.784,1.2599,2.3872
10,2015,ZLK,32.784,1.2599,2.3872
10,2015,ULK,32.784,1.2599,2.3872
10,2015,MSK,32.784,1.2599,2.3872
10,2015,LBK,32.784,1.2599,2.3872
11,2015,PHA,31.469,1.1758,2.2809
11,2015,HKK,31.469,1.1758,2.2809
11,2015,STC,31.469,1.1758,2.2809
11,2015,PAK,31.469,1.1758,2.2809
11,2015,VYS,31.469,1.1758,2.2809
11,2015,JHC,31.469,1.1758,2.2809
11,2015,JHM,31.469,1.1758,2.2809
11,2015,PLK,31.469,1.1758,2.2809
11,2015,OLK,31.469,1.1758,2.2809
11,2015,KVK,31.469,1.1758,2.2809
11,2015,ZLK,31.469,1.1758,2.2809
11,2015,ULK,31.469,1.1758,2.2809
11,2015,MSK,31.469,1.1758,2.2809
11,2015,LBK,31.469,1.1758,2.2809
12,2015,PHA,29.123,1.1661,2.0481
12,2015,HKK,29.123,1.1661,2.0481
12,2015,STC,29.123,1.1661,2.0481
12,2015,PAK,29.123,1.1661,2.0481
12,2015,VYS,29.123,1.1661,2.0481
12,2015,JHC,29.123,1.1661,2.0481
12,2015,JHM,29.123,1.1661,2.0481
12,2015,PLK,29.123,1.1661,2.0481
12,2015,OLK,29.123,1.1661,2.0481
12,2015,KVK,29.123,1.1661,2.0481
12,2015,ZLK,29.123,1.1661,2.0481
12,2015,ULK,29.123,1.1661,2.0481
12,2015,MSK,29.123,1.1661,2.0481
12,2015,LBK,29.123,1.1661,2.0481
1,2016,PHA,26.624,1.122,2.231
1,2016,HKK,26.624,1.122,2.231
1,2016,STC,26.624,1.122,2.231
1,2016,PAK,26.624,1.122,2.231
1,2016,VYS,26.624,1.122,2.231
1,2016,JHC,26.624,1.122,2.231
1,2016,JHM,26.624,1.122,2.231
1,2016,PLK,26.624,1.122,2.231
1,2016,OLK,26.624,1.122,2.231
1,2016,KVK,26.624,1.122,2.231
1,2016,ZLK,26.624,1.122,2.231
1,2016,ULK,26.624,1.122,2.231
1,2016,MSK,26.624,1.122,2.231
1,2016,LBK,26.624,1.122,2.231
2,2016,PHA,24.646,1.1069,1.9314
2,2016,HKK,24.646,1.1069,1.9314
2,2016,STC,24.646,1.1069,1.9314
2,2016,PAK,24.646,1.1069,1.9314
2,2016,VYS,24.646,1.1069,1.9314
2,2016,JHC,24.646,1.1069,1.9314
2,2016,JHM,24.646,1.1069,1.9314
2,2016,PLK,24.646,1.1069,1.9314
2,2016,OLK,24.646,1.1069,1.9314
2,2016,KVK,24.646,1.1069,1.9314
2,2016,ZLK,24.646,1.1069,1.9314
2,2016,ULK,24.646,1.1069,1.9314
2,2016,MSK,24.646,1.1069,1.9314
2,2016,LBK,24.646,1.1069,1.9314
3,2016,PHA,24.573,1.0979,1.8113
3,2016,HKK,24.573,1.0979,1.8113
3,2016,STC,24.573,1.0979,1.8113
3,2016,PAK,24.573,1.0979,1.8113
3,2016,VYS,24.573,1.0979,1.8113
3,2016,JHC,24.573,1.0979,1.8113
3,2016,JHM,24.573,1.0979,1.8113
3,2016,PLK,24.573,1.0979,1.8113
3,2016,OLK,24.573,1.0979,1.8113
3,2016,KVK,24.573,1.0979,1.8113
3,2016,ZLK,24.573,1.0979,1.8113
3,2016,ULK,24.573,1.0979,1.8113
3,2016,MSK,24.573,1.0979,1.8113
3,2016,LBK,24.573,1.0979,1.8113
4,2016,PHA,26.973,1.1664,2.0133
4,2016,HKK,26.973,1.1664,2.0133
4,2016,STC,26.973,1.1664,2.0133
4,2016,PAK,26.973,1.1664,2.0133
4,2016,VYS,26.973,1.1664,2.0133
4,2016,JHC,26.973,1.1664,2.0133
4,2016,JHM,26.973,1.1664,2.0133
4,2016,PLK,26.973,1.1664,2.0133
4,2016,OLK,26.973,1.1664,2.0133
4,2016,KVK,26.973,1.1664,2.0133
4,2016,ZLK,26.973,1.1664,2.0133
4,2016,ULK,26.973,1.1664,2.0133
4,2016,MSK,26.973,1.1664,2.0133
4,2016,LBK,26.973,1.1664,2.0133
5,2016,PHA,28.514,1.202,2.0877
5,2016,HKK,28.514,1.202,2.0877
5,2016,STC,28.514,1.202,2.0877
5,2016,PAK,28.514,1.202,2.0877
5,2016,VYS,28.514,1.202,2.0877
5,2016,JHC,28.514,1.202,2.0877
5,2016,JHM,28.514,1.202,2.0877
5,2016,PLK,28.514,1.202,2.0877
5,2016,OLK,28.514,1.202,2.0877
5,2016,KVK,28.514,1.202,2.0877
5,2016,ZLK,28.514,1.202,2.0877
5,2016,ULK,28.514,1.202,2.0877
5,2016,MSK,28.514,1.202,2.0877
5,2016,LBK,28.514,1.202,2.0877
6,2016,PHA,30.924,1.2363,2.6231
6,2016,HKK,30.924,1.2363,2.6231
6,2016,STC,30.924,1.2363,2.6231
6,2016,PAK,30.924,1.2363,2.6231
6,2016,VYS,30.924,1.2363,2.6231
6,2016,JHC,30.924,1.2363,2.6231
6,2016,JHM,30.924,1.2363,2.6231
6,2016,PLK,30.924,1.2363,2.6231
6,2016,OLK,30.924,1.2363,2.6231
6,2016,KVK,30.924,1.2363,2.6231
6,2016,ZLK,30.924,1.2363,2.6231
6,2016,ULK,30.924,1.2363,2.6231
6,2016,MSK,30.924,1.2363,2.6231
6,2016,LBK,30.924,1.2363,2.6231
7,2016,PHA,31.284,1.2174,2.7685
7,2016,HKK,31.284,1.2174,2.7685
7,2016,STC,31.284,1.2174,2.7685
7,2016,PAK,31.284,1.2174,2.7685
7,2016,VYS,31.284,1.2174,2.7685
7,2016,JHC,31.284,1.2174,2.7685
7,2016,JHM,31.284,1.2174,2.7685
7,2016,PLK,31.284,1.2174,2.7685
7,2016,OLK,31.284,1.2174,2.7685
7,2016,KVK,31.284,1.2174,2.7685
7,2016,ZLK,31.284,1.2174,2.7685
7,2016,ULK,31.284,1.2174,2.7685
7,2016,MSK,31.284,1.2174,2.7685
7,2016,LBK,31.284,1.2174,2.7685
8,2016,PHA,30.504,1.2083,2.7217
8,2016,HKK,30.504,1.2083,2.7217
8,2016,STC,30.504,1.2083,2.7217
8,2016,PAK,30.504,1.2083,2.7217
8,2016,VYS,30.504,1.2083,2.7217
8,2016,JHC,30.504,1.2083,2.7217
8,2016,JHM,30.504,1.2083,2.7217
8,2016,PLK,30.504,1.2083,2.7217
8,2016,OLK,30.504,1.2083,2.7217
8,2016,KVK,30.504,1.2083,2.7217
8,2016,ZLK,30.504,1.2083,2.7217
8,2016,ULK,30.504,1.2083,2.7217
8,2016,MSK,30.504,1.2083,2.7217
8,2016,LBK,30.504,1.2083,2.7217
9,2016,PHA,30.663,1.2131,2.9
9,2016,HKK,30.663,1.2131,2.9
9,2016,STC,30.663,1.2131,2.9
9,2016,PAK,30.663,1.2131,2.9
9,2016,VYS,30.663,1.2131,2.9
9,2016,JHC,30.663,1.2131,2.9
9,2016,JHM,30.663,1.2131,2.9
9,2016,PLK,30.663,1.2131,2.9
9,2016,OLK,30.663,1.2131,2.9
9,2016,KVK,30.663,1.2131,2.9
9,2016,ZLK,30.663,1.2131,2.9
9,2016,ULK,30.663,1.2131,2.9
9,2016,MSK,30.663,1.2131,2.9
9,2016,LBK,30.663,1.2131,2.9
10,2016,PHA,35.212,1.2045,3.0714
10,2016,HKK,35.212,1.2045,3.0714
10,2016,STC,35.212,1.2045,3.0714
10,2016,PAK,35.212,1.2045,3.0714
10,2016,VYS,35.212,1.2045,3.0714
10,2016,JHC,35.212,1.2045,3.0714
10,2016,JHM,35.212,1.2045,3.0714
10,2016,PLK,35.212,1.2045,3.0714
10,2016,OLK,35.212,1.2045,3.0714
10,2016,KVK,35.212,1.2045,3.0714
10,2016,ZLK,35.212,1.2045,3.0714
10,2016,ULK,35.212,1.2045,3.0714
10,2016,MSK,35.212,1.2045,3.0714
10,2016,LBK,35.212,1.2045,3.0714
11,2016,PHA,35.518,1.1844,2.88
11,2016,HKK,35.518,1.1844,2.88
11,2016,STC,35.518,1.1844,2.88
11,2016,PAK,35.518,1.1844,2.88
11,2016,VYS,35.518,1.1844,2.88
11,2016,JHC,35.518,1.1844,2.88
11,2016,JHM,35.518,1.1844,2.88
11,2016,PLK,35.518,1.1844,2.88
11,2016,OLK,35.518,1.1844,2.88
11,2016,KVK,35.518,1.1844,2.88
11,2016,ZLK,35.518,1.1844,2.88
11,2016,ULK,35.518,1.1844,2.88
11,2016,MSK,35.518,1.1844,2.88
11,2016,LBK,35.518,1.1844,2.88
12,2016,PHA,30.127,1.1759,3.5852
12,2016,HKK,30.127,1.1759,3.5852
12,2016,STC,30.127,1.1759,3.5852
12,2016,PAK,30.127,1.1759,3.5852
12,2016,VYS,30.127,1.1759,3.5852
12,2016,JHC,30.127,1.1759,3.5852
12,2016,JHM,30.127,1.1759,3.5852
12,2016,PLK,30.127,1.1759,3.5852
12,2016,OLK,30.127,1.1759,3.5852
12,2016,KVK,30.127,1.1759,3.5852
12,2016,ZLK,30.127,1.1759,3.5852
12,2016,ULK,30.127,1.1759,3.5852
12,2016,MSK,30.127,1.1759,3.5852
12,2016,LBK,30.127,1.1759,3.5852
1,2017,PHA,31.857,1.2213,3.2995
1,2017,HKK,31.857,1.2213,3.2995
1,2017,STC,31.857,1.2213,3.2995
1,2017,PAK,31.857,1.2213,3.2995
1,2017,VYS,31.857,1.2213,3.2995
1,2017,JHC,31.857,1.2213,3.2995
1,2017,JHM,31.857,1.2213,3.2995
1,2017,PLK,31.857,1.2213,3.2995
1,2017,OLK,31.857,1.2213,3.2995
1,2017,KVK,31.857,1.2213,3.2995
1,2017,ZLK,31.857,1.2213,3.2995
1,2017,ULK,31.857,1.2213,3.2995
1,2017,MSK,31.857,1.2213,3.2995
1,2017,LBK,31.857,1.2213,3.2995
2,2017,PHA,32.357,1.2309,2.9055
2,2017,HKK,32.357,1.2309,2.9055
2,2017,STC,32.357,1.2309,2.9055
2,2017,PAK,32.357,1.2309,2.9055
2,2017,VYS,32.357,1.2309,2.9055
2,2017,JHC,32.357,1.2309,2.9055
2,2017,JHM,32.357,1.2309,2.9055
2,2017,PLK,32.357,1.2309,2.9055
2,2017,OLK,32.357,1.2309,2.9055
2,2017,KVK,32.357,1.2309,2.9055
2,2017,ZLK,32.357,1.2309,2.9055
2,2017,ULK,32.357,1.2309,2.9055
2,2017,MSK,32.357,1.2309,2.9055
2,2017,LBK,32.357,1.2309,2.9055
3,2017,PHA,31.537,1.2315,2.9926
3,2017,HKK,31.537,1.2315,2.9926
3,2017,STC,31.537,1.2315,2.9926
3,2017,PAK,31.537,1.2315,2.9926
3,2017,VYS,31.537,1.2315,2.9926
3,2017,JHC,31.537,1.2315,2.9926
3,2017,JHM,31.537,1.2315,2.9926
3,2017,PLK,31.537,1.2315,2.9926
3,2017,OLK,31.537,1.2315,2.9926
3,2017,KVK,31.537,1.2315,2.9926
3,2017,ZLK,31.537,1.2315,2.9926
3,2017,ULK,31.537,1.2315,2.9926
3,2017,MSK,31.537,1.2315,2.9926
3,2017,LBK,31.537,1.2315,2.9926
4,2017,PHA,32.162,1.2406,3.191
4,2017,HKK,32.162,1.2406,3.191
4,2017,STC,32.162,1.2406,3.191
4,2017,PAK,32.162,1.2406,3.191
4,2017,VYS,32.162,1.2406,3.191
4,2017,JHC,32.162,1.2406,3.191
4,2017,JHM,32.162,1.2406,3.191
4,2017,PLK,32.162,1.2406,3.191
4,2017,OLK,32.162,1.2406,3.191
4,2017,KVK,32.162,1.2406,3.191
4,2017,ZLK,32.162,1.2406,3.191
4,2017,ULK,32.162,1.2406,3.191
4,2017,MSK,32.162,1.2406,3.191
4,2017,LBK,32.162,1.2406,3.191
5,2017,PHA,33.067,1.2777,3.2369
5,2017,HKK,33.067,1.2777,3.2369
5,2017,STC,33.067,1.2777,3.2369
5,2017,PAK,33.067,1.2777,3.2369
5,2017,VYS,33.067,1.2777,3.2369
5,2017,JHC,33.067,1.2777,3.2369
5,2017,JHM,33.067,1.2777,3.2369
5,2017,PLK,33.067,1.2777,3.2369
5,2017,OLK,33.067,1.2777,3.2369
5,2017,KVK,33.067,1.2777,3.2369
5,2017,ZLK,33.067,1.2777,3.2369
5,2017,ULK,33.067,1.2777,3.2369
5,2017,MSK,33.067,1.2777,3.2369
5,2017,LBK,33.067,1.2777,3.2369
6,2017,PHA,34.902,1.2899,2.995
6,2017,HKK,34.902,1.2899,2.995
6,2017,STC,34.902,1.2899,2.995
6,2017,PAK,34.902,1.2899,2.995
6,2017,VYS,34.902,1.2899,2.995
6,2017,JHC,34.902,1.2899,2.995
6,2017,JHM,34.902,1.2899,2.995
6,2017,PLK,34.902,1.2899,2.995
6,2017,OLK,34.902,1.2899,2.995
6,2017,KVK,34.902,1.2899,2.995
6,2017,ZLK,34.902,1.2899,2.995
6,2017,ULK,34.902,1.2899,2.995
6,2017,MSK,34.902,1.2899,2.995
6,2017,LBK,34.902,1.2899,2.995
7,2017,PHA,36.92,1.3083,2.958
7,2017,HKK,36.92,1.3083,2.958
7,2017,STC,36.92,1.3083,2.958
7,2017,PAK,36.92,1.3083,2.958
7,2017,VYS,36.92,1.3083,2.958
7,2017,JHC,36.92,1.3083,2.958
7,2017,JHM,36.92,1.3083,2.958
7,2017,PLK,36.92,1.3083,2.958
7,2017,OLK,36.92,1.3083,2.958
7,2017,KVK,36.92,1.3083,2.958
7,2017,ZLK,36.92,1.3083,2.958
7,2017,ULK,36.92,1.3083,2.958
7,2017,MSK,36.92,1.3083,2.958
7,2017,LBK,36.92,1.3083,2.958
8,2017,PHA,38.976,1.3395,2.9039
8,2017,HKK,38.976,1.3395,2.9039
8,2017,STC,38.976,1.3395,2.9039
8,2017,PAK,38.976,1.3395,2.9039
8,2017,VYS,38.976,1.3395,2.9039
8,2017,JHC,38.976,1.3395,2.9039
8,2017,JHM,38.976,1.3395,2.9039
8,2017,PLK,38.976,1.3395,2.9039
8,2017,OLK,38.976,1.3395,2.9039
8,2017,KVK,38.976,1.3395,2.9039
8,2017,ZLK,38.976,1.3395,2.9039
8,2017,ULK,38.976,1.3395,2.9039
8,2017,MSK,38.976,1.3395,2.9039
8,2017,LBK,38.976,1.3395,2.9039
9,2017,PHA,42.616,1.3764,3.008
9,2017,HKK,42.616,1.3764,3.008
9,2017,STC,42.616,1.3764,3.008
9,2017,PAK,42.616,1.3764,3.008
9,2017,VYS,42.616,1.3764,3.008
9,2017,JHC,42.616,1.3764,3.008
9,2017,JHM,42.616,1.3764,3.008
9,2017,PLK,42.616,1.3764,3.008
9,2017,OLK,42.616,1.3764,3.008
9,2017,KVK,42.616,1.3764,3.008
9,2017,ZLK,42.616,1.3764,3.008
9,2017,ULK,42.616,1.3764,3.008
9,2017,MSK,42.616,1.3764,3.008
9,2017,LBK,42.616,1.3764,3.008
10,2017,PHA,43.248,1.378,2.915
10,2017,HKK,43.248,1.378,2.915
10,2017,STC,43.248,1.378,2.915
10,2017,PAK,43.248,1.378,2.915
10,2017,VYS,43.248,1.378,2.915
10,2017,JHC,43.248,1.378,2.915
10,2017,JHM,43.248,1.378,2.915
10,2017,PLK,43.248,1.378,2.915
10,2017,OLK,43.248,1.378,2.915
10,2017,KVK,43.248,1.378,2.915
10,2017,ZLK,43.248,1.378,2.915
10,2017,ULK,43.248,1.378,2.915
10,2017,MSK,43.248,1.378,2.915
10,2017,LBK,43.248,1.378,2.915
11,2017,PHA,44.248,1.4077,3.0518
11,2017,HKK,44.248,1.4077,3.0518
11,2017,STC,44.248,1.4077,3.0518
11,2017,PAK,44.248,1.4077,3.0518
11,2017,VYS,44.248,1.4077,3.0518
11,2017,JHC,44.248,1.4077,3.0518
11,2017,JHM,44.248,1.4077,3.0518
11,2017,PLK,44.248,1.4077,3.0518
11,2017,OLK,44.248,1.4077,3.0518
11,2017,KVK,44.248,1.4077,3.0518
11,2017,ZLK,44.248,1.4077,3.0518
11,2017,ULK,44.248,1.4077,3.0518
11,2017,MSK,44.248,1.4077,3.0518
11,2017,LBK,44.248,1.4077,3.0518
12,2017,PHA,44.13,1.4163,2.7719
12,2017,HKK,44.13,1.4163,2.7719
12,2017,STC,44.13,1.4163,2.7719
12,2017,PAK,44.13,1.4163,2.7719
12,2017,VYS,44.13,1.4163,2.7719
12,2017,JHC,44.13,1.4163,2.7719
12,2017,JHM,44.13,1.4163,2.7719
12,2017,PLK,44.13,1.4163,2.7719
12,2017,OLK,44.13,1.4163,2.7719
12,2017,KVK,44.13,1.4163,2.7719
12,2017,ZLK,44.13,1.4163,2.7719
12,2017,ULK,44.13,1.4163,2.7719
12,2017,MSK,44.13,1.4163,2.7719
12,2017,LBK,44.13,1.4163,2.7719
1,2018,PHA,44.642,1.4739,3.1609
1,2018,HKK,44.642,1.4739,3.1609
1,2018,STC,44.642,1.4739,3.1609
1,2018,PAK,44.642,1.4739,3.1609
1,2018,VYS,44.642,1.4739,3.1609
1,2018,JHC,44.642,1.4739,3.1609
1,2018,JHM,44.642,1.4739,3.1609
1,2018,PLK,44.642,1.4739,3.1609
1,2018,OLK,44.642,1.4739,3.1609
1,2018,KVK,44.642,1.4739,3.1609
1,2018,ZLK,44.642,1.4739,3.1609
1,2018,ULK,44.642,1.4739,3.1609
1,2018,MSK,44.642,1.4739,3.1609
1,2018,LBK,44.642,1.4739,3.1609
2,2018,PHA,43.048,1.5055,2.664
2,2018,HKK,43.048,1.5055,2.664
2,2018,STC,43.048,1.5055,2.664
2,2018,PAK,43.048,1.5055,2.664
2,2018,VYS,43.048,1.5055,2.664
2,2018,JHC,43.048,1.5055,2.664
2,2018,JHM,43.048,1.5055,2.664
2,2018,PLK,43.048,1.5055,2.664
2,2018,OLK,43.048,1.5055,2.664
2,2018,KVK,43.048,1.5055,2.664
2,2018,ZLK,43.048,1.5055,2.664
2,2018,ULK,43.048,1.5055,2.664
2,2018,MSK,43.048,1.5055,2.664
2,2018,LBK,43.048,1.5055,2.664
3,2018,PHA,44.082,1.4833,2.7052
3,2018,HKK,44.082,1.4833,2.7052
3,2018,STC,44.082,1.4833,2.7052
3,2018,PAK,44.082,1.4833,2.7052
3,2018,VYS,44.082,1.4833,2.7052
3,2018,JHC,44.082,1.4833,2.7052
3,2018,JHM,44.082,1.4833,2.7052
3,2018,PLK,44.082,1.4833,2.7052
3,2018,OLK,44.082,1.4833,2.7052
3,2018,KVK,44.082,1.4833,2.7052
3,2018,ZLK,44.082,1.4833,2.7052
3,2018,ULK,44.082,1.4833,2.7052
3,2018,MSK,44.082,1.4833,2.7052
3,2018,LBK,44.082,1.4833,2.7052
4,2018,PHA,47.455,1.497,2.7266
4,2018,HKK,47.455,1.497,2.7266
4,2018,STC,47.455,1.497,2.7266
4,2018,PAK,47.455,1.497,2.7266
4,2018,VYS,47.455,1.497,2.7266
4,2018,JHC,47.455,1.497,2.7266
4,2018,JHM,47.455,1.497,2.7266
4,2018,PLK,47.455,1.497,2.7266
4,2018,OLK,47.455,1.497,2.7266
4,2018,KVK,47.455,1.497,2.7266
4,2018,ZLK,47.455,1.497,2.7266
4,2018,ULK,47.455,1.497,2.7266
4,2018,MSK,47.455,1.497,2.7266
4,2018,LBK,47.455,1.497,2.7266
5,2018,PHA,49.739,1.4869,2.8352
5,2018,HKK,49.739,1.4869,2.8352
5,2018,STC,49.739,1.4869,2.8352
5,2018,PAK,49.739,1.4869,2.8352
5,2018,VYS,49.739,1.4869,2.8352
5,2018,JHC,49.739,1.4869,2.8352
5,2018,JHM,49.739,1.4869,2.8352
5,2018,PLK,49.739,1.4869,2.8352
5,2018,OLK,49.739,1.4869,2.8352
5,2018,KVK,49.739,1.4869,2.8352
5,2018,ZLK,49.739,1.4869,2.8352
5,2018,ULK,49.739,1.4869,2.8352
5,2018,MSK,49.739,1.4869,2.8352
5,2018,LBK,49.739,1.4869,2.8352
6,2018,PHA,50.237,1.5107,2.9461
6,2018,HKK,50.237,1.5107,2.9461
6,2018,STC,50.237,1.5107,2.9461
6,2018,PAK,50.237,1.5107,2.9461
6,2018,VYS,50.237,1.5107,2.9461
6,2018,JHC,50.237,1.5107,2.9461
6,2018,JHM,50.237,1.5107,2.9461
6,2018,PLK,50.237,1.5107,2.9461
6,2018,OLK,50.237,1.5107,2.9461
6,2018,KVK,50.237,1.5107,2.9461
6,2018,ZLK,50.237,1.5107,2.9461
6,2018,ULK,50.237,1.5107,2.9461
6,2018,MSK,50.237,1.5107,2.9461
6,2018,LBK,50.237,1.5107,2.9461
7,2018,PHA,53.376,1.5033,2.7922
7,2018,HKK,53.376,1.5033,2.7922
7,2018,STC,53.376,1.5033,2.7922
7,2018,PAK,53.376,1.5033,2.7922
7,2018,VYS,53.376,1.5033,2.7922
7,2018,JHC,53.376,1.5033,2.7922
7,2018,JHM,53.376,1.5033,2.7922
7,2018,PLK,53.376,1.5033,2.7922
7,2018,OLK,53.376,1.5033,2.7922
7,2018,KVK,53.376,1.5033,2.7922
7,2018,ZLK,53.376,1.5033,2.7922
7,2018,ULK,53.376,1.5033,2.7922
7,2018,MSK,53.376,1.5033,2.7922
7,2018,LBK,53.376,1.5033,2.7922
8,2018,PHA,55.817,1.4972,2.9091
8,2018,HKK,55.817,1.4972,2.9091
8,2018,STC,55.817,1.4972,2.9091
8,2018,PAK,55.817,1.4972,2.9091
8,2018,VYS,55.817,1.4972,2.9091
8,2018,JHC,55.817,1.4972,2.9091
8,2018,JHM,55.817,1.4972,2.9091
8,2018,PLK,55.817,1.4972,2.9091
8,2018,OLK,55.817,1.4972,2.9091
8,2018,KVK,55.817,1.4972,2.9091
8,2018,ZLK,55.817,1.4972,2.9091
8,2018,ULK,55.817,1.4972,2.9091
8,2018,MSK,55.817,1.4972,2.9091
8,2018,LBK,55.817,1.4972,2.9091
9,2018,PHA,64.266,1.5262,2.8915
9,2018,HKK,64.266,1.5262,2.8915
9,2018,STC,64.266,1.5262,2.8915
9,2018,PAK,64.266,1.5262,2.8915
9,2018,VYS,64.266,1.5262,2.8915
9,2018,JHC,64.266,1.5262,2.8915
9,2018,JHM,64.266,1.5262,2.8915
9,2018,PLK,64.266,1.5262,2.8915
9,2018,OLK,64.266,1.5262,2.8915
9,2018,KVK,64.266,1.5262,2.8915
9,2018,ZLK,64.266,1.5262,2.8915
9,2018,ULK,64.266,1.5262,2.8915
9,2018,MSK,64.266,1.5262,2.8915
9,2018,LBK,64.266,1.5262,2.8915
10,2018,PHA,63.452,1.5006,3.2143
10,2018,HKK,63.452,1.5006,3.2143
10,2018,STC,63.452,1.5006,3.2143
10,2018,PAK,63.452,1.5006,3.2143
10,2018,VYS,63.452,1.5006,3.2143
10,2018,JHC,63.452,1.5006,3.2143
10,2018,JHM,63.452,1.5006,3.2143
10,2018,PLK,63.452,1.5006,3.2143
10,2018,OLK,63.452,1.5006,3.2143
10,2018,KVK,63.452,1.5006,3.2143
10,2018,ZLK,63.452,1.5006,3.2143
10,2018,ULK,63.452,1.5006,3.2143
10,2018,MSK,63.452,1.5006,3.2143
10,2018,LBK,63.452,1.5006,3.2143
11,2018,PHA,60.906,1.4676,4.0918
11,2018,HKK,60.906,1.4676,4.0918
11,2018,STC,60.906,1.4676,4.0918
11,2018,PAK,60.906,1.4676,4.0918
11,2018,VYS,60.906,1.4676,4.0918
11,2018,JHC,60.906,1.4676,4.0918
11,2018,JHM,60.906,1.4676,4.0918
11,2018,PLK,60.906,1.4676,4.0918
11,2018,OLK,60.906,1.4676,4.0918
11,2018,KVK,60.906,1.4676,4.0918
11,2018,ZLK,60.906,1.4676,4.0918
11,2018,ULK,60.906,1.4676,4.0918
11,2018,MSK,60.906,1.4676,4.0918
11,2018,LBK,60.906,1.4676,4.0918
12,2018,PHA,63.097,1.4223,3.924
12,2018,HKK,63.097,1.4223,3.924
12,2018,STC,63.097,1.4223,3.924
12,2018,PAK,63.097,1.4223,3.924
12,2018,VYS,63.097,1.4223,3.924
12,2018,JHC,63.097,1.4223,3.924
12,2018,JHM,63.097,1.4223,3.924
12,2018,PLK,63.097,1.4223,3.924
12,2018,OLK,63.097,1.4223,3.924
12,2018,KVK,63.097,1.4223,3.924
12,2018,ZLK,63.097,1.4223,3.924
12,2018,ULK,63.097,1.4223,3.924
12,2018,MSK,63.097,1.4223,3.924
12,2018,LBK,63.097,1.4223,3.924
1,2019,PHA,58.27,1.3836,3.1122
1,2019,HKK,58.27,1.3836,3.1122
1,2019,STC,58.27,1.3836,3.1122
1,2019,PAK,58.27,1.3836,3.1122
1,2019,VYS,58.27,1.3836,3.1122
1,2019,JHC,58.27,1.3836,3.1122
1,2019,JHM,58.27,1.3836,3.1122
1,2019,PLK,58.27,1.3836,3.1122
1,2019,OLK,58.27,1.3836,3.1122
1,2019,KVK,58.27,1.3836,3.1122
1,2019,ZLK,58.27,1.3836,3.1122
1,2019,ULK,58.27,1.3836,3.1122
1,2019,MSK,58.27,1.3836,3.1122
1,2019,LBK,58.27,1.3836,3.1122
2,2019,PHA,55.444,1.3438,2.6873
2,2019,HKK,55.444,1.3438,2.6873
2,2019,STC,55.444,1.3438,2.6873
2,2019,PAK,55.444,1.3438,2.6873
2,2019,VYS,55.444,1.3438,2.6873
2,2019,JHC,55.444,1.3438,2.6873
2,2019,JHM,55.444,1.3438,2.6873
2,2019,PLK,55.444,1.3438,2.6873
2,2019,OLK,55.444,1.3438,2.6873
2,2019,KVK,55.444,1.3438,2.6873
2,2019,ZLK,55.444,1.3438,2.6873
2,2019,ULK,55.444,1.3438,2.6873
2,2019,MSK,55.444,1.3438,2.6873
2,2019,LBK,55.444,1.3438,2.6873
3,2019,PHA,55.564,1.3525,2.8028
3,2019,HKK,55.564,1.3525,2.8028
3,2019,STC,55.564,1.3525,2.8028
3,2019,PAK,55.564,1.3525,2.8028
3,2019,VYS,55.564,1.3525,2.8028
3,2019,JHC,55.564,1.3525,2.8028
3,2019,JHM,55.564,1.3525,2.8028
3,2019,PLK,55.564,1.3525,2.8028
3,2019,OLK,55.564,1.3525,2.8028
3,2019,KVK,55.564,1.3525,2.8028
3,2019,ZLK,55.564,1.3525,2.8028
3,2019,ULK,55.564,1.3525,2.8028
3,2019,MSK,55.564,1.3525,2.8028
3,2019,LBK,55.564,1.3525,2.8028
4,2019,PHA,58.051,1.4161,2.6014
4,2019,HKK,58.051,1.4161,2.6014
4,2019,STC,58.051,1.4161,2.6014
4,2019,PAK,58.051,1.4161,2.6014
4,2019,VYS,58.051,1.4161,2.6014
4,2019,JHC,58.051,1.4161,2.6014
4,2019,JHM,58.051,1.4161,2.6014
4,2019,PLK,58.051,1.4161,2.6014
4,2019,OLK,58.051,1.4161,2.6014
4,2019,KVK,58.051,1.4161,2.6014
4,2019,ZLK,58.051,1.4161,2.6014
4,2019,ULK,58.051,1.4161,2.6014
4,2019,MSK,58.051,1.4161,2.6014
4,2019,LBK,58.051,1.4161,2.6014
5,2019,PHA,57.054,1.4454,2.5913
5,2019,HKK,57.054,1.4454,2.5913
5,2019,STC,57.054,1.4454,2.5913
5,2019,PAK,57.054,1.4454,2.5913
5,2019,VYS,57.054,1.4454,2.5913
5,2019,JHC,57.054,1.4454,2.5913
5,2019,JHM,57.054,1.4454,2.5913
5,2019,PLK,57.054,1.4454,2.5913
5,2019,OLK,57.054,1.4454,2.5913
5,2019,KVK,57.054,1.4454,2.5913
5,2019,ZLK,57.054,1.4454,2.5913
5,2019,ULK,57.054,1.4454,2.5913
5,2019,MSK,57.054,1.4454,2.5913
5,2019,LBK,57.054,1.4454,2.5913
6,2019,PHA,56.832,1.4719,2.3325
6,2019,HKK,56.832,1.4719,2.3325
6,2019,STC,56.832,1.4719,2.3325
6,2019,PAK,56.832,1.4719,2.3325
6,2019,VYS,56.832,1.4719,2.3325
6,2019,JHC,56.832,1.4719,2.3325
6,2019,JHM,56.832,1.4719,2.3325
6,2019,PLK,56.832,1.4719,2.3325
6,2019,OLK,56.832,1.4719,2.3325
6,2019,KVK,56.832,1.4719,2.3325
6,2019,ZLK,56.832,1.4719,2.3325
6,2019,ULK,56.832,1.4719,2.3325
6,2019,MSK,56.832,1.4719,2.3325
6,2019,LBK,56.832,1.4719,2.3325
7,2019,PHA,60.228,1.4483,2.3004
7,2019,HKK,60.228,1.4483,2.3004
7,2019,STC,60.228,1.4483,2.3004
7,2019,PAK,60.228,1.4483,2.3004
7,2019,VYS,60.228,1.4483,2.3004
7,2019,JHC,60.228,1.4483,2.3004
7,2019,JHM,60.228,1.4483,2.3004
7,2019,PLK,60.228,1.4483,2.3004
7,2019,OLK,60.228,1.4483,2.3004
7,2019,KVK,60.228,1.4483,2.3004
7,2019,ZLK,60.228,1.4483,2.3004
7,2019,ULK,60.228,1.4483,2.3004
7,2019,MSK,60.228,1.4483,2.3004
7,2019,LBK,60.228,1.4483,2.3004
8,2019,PHA,57.42,1.4115,2.1731
8,2019,HKK,57.42,1.4115,2.1731
8,2019,STC,57.42,1.4115,2.1731
8,2019,PAK,57.42,1.4115,2.1731
8,2019,VYS,57.42,1.4115,2.1731
8,2019,JHC,57.42,1.4115,2.1731
8,2019,JHM,57.42,1.4115,2.1731
8,2019,PLK,57.42,1.4115,2.1731
8,2019,OLK,57.42,1.4115,2.1731
8,2019,KVK,57.42,1.4115,2.1731
8,2019,ZLK,57.42,1.4115,2.1731
8,2019,ULK,57.42,1.4115,2.1731
8,2019,MSK,57.42,1.4115,2.1731
8,2019,LBK,57.42,1.4115,2.1731
9,2019,PHA,56.991,1.3846,2.51
9,2019,HKK,56.991,1.3846,2.51
9,2019,STC,56.991,1.3846,2.51
9,2019,PAK,56.991,1.3846,2.51
9,2019,VYS,56.991,1.3846,2.51
9,2019,JHC,56.991,1.3846,2.51
9,2019,JHM,56.991,1.3846,2.51
9,2019,PLK,56.991,1.3846,2.51
9,2019,OLK,56.991,1.3846,2.51
9,2019,KVK,56.991,1.3846,2.51
9,2019,ZLK,56.991,1.3846,2.51
9,2019,ULK,56.991,1.3846,2.51
9,2019,MSK,56.991,1.3846,2.51
9,2019,LBK,56.991,1.3846,2.51
10,2019,PHA,55.661,1.3952,2.34
10,2019,HKK,55.661,1.3952,2.34
10,2019,STC,55.661,1.3952,2.34
10,2019,PAK,55.661,1.3952,2.34
10,2019,VYS,55.661,1.3952,2.34
10,2019,JHC,55.661,1.3952,2.34
10,2019,JHM,55.661,1.3952,2.34
10,2019,PLK,55.661,1.3952,2.34
10,2019,OLK,55.661,1.3952,2.34
10,2019,KVK,55.661,1.3952,2.34
10,2019,ZLK,55.661,1.3952,2.34
10,2019,ULK,55.661,1.3952,2.34
10,2019,MSK,55.661,1.3952,2.34
10,2019,LBK,55.661,1.3952,2.34
11,2019,PHA,54.039,1.3938,2.628
11,2019,HKK,54.039,1.3938,2.628
11,2019,STC,54.039,1.3938,2.628
11,2019,PAK,54.039,1.3938,2.628
11,2019,VYS,54.039,1.3938,2.628
11,2019,JHC,54.039,1.3938,2.628
11,2019,JHM,54.039,1.3938,2.628
11,2019,PLK,54.039,1.3938,2.628
11,2019,OLK,54.039,1.3938,2.628
11,2019,KVK,54.039,1.3938,2.628
11,2019,ZLK,54.039,1.3938,2.628
11,2019,ULK,54.039,1.3938,2.628
11,2019,MSK,54.039,1.3938,2.628
11,2019,LBK,54.039,1.3938,2.628
12,2019,PHA,51.397,1.3952,2.2923
12,2019,HKK,51.397,1.3952,2.2923
12,2019,STC,51.397,1.3952,2.2923
12,2019,PAK,51.397,1.3952,2.2923
12,2019,VYS,51.397,1.3952,2.2923
12,2019,JHC,51.397,1.3952,2.2923
12,2019,JHM,51.397,1.3952,2.2923
12,2019,PLK,51.397,1.3952,2.2923
12,2019,OLK,51.397,1.3952,2.2923
12,2019,KVK,51.397,1.3952,2.2923
12,2019,ZLK,51.397,1.3952,2.2923
12,2019,ULK,51.397,1.3952,2.2923
12,2019,MSK,51.397,1.3952,2.2923
12,2019,LBK,51.397,1.3952,2.2923
1,2020,PHA,51.405,1.4205,2.0274
1,2020,HKK,51.405,1.4205,2.0274
1,2020,STC,51.405,1.4205,2.0274
1,2020,PAK,51.405,1.4205,2.0274
1,2020,VYS,51.405,1.4205,2.0274
1,2020,JHC,51.405,1.4205,2.0274
1,2020,JHM,51.405,1.4205,2.0274
1,2020,PLK,51.405,1.4205,2.0274
1,2020,OLK,51.405,1.4205,2.0274
1,2020,KVK,51.405,1.4205,2.0274
1,2020,ZLK,51.405,1.4205,2.0274
1,2020,ULK,51.405,1.4205,2.0274
1,2020,MSK,51.405,1.4205,2.0274
1,2020,LBK,51.405,1.4205,2.0274
2,2020,PHA,49.087,1.3849,1.8558
2,2020,HKK,49.087,1.3849,1.8558
2,2020,STC,49.087,1.3849,1.8558
2,2020,PAK,49.087,1.3849,1.8558
2,2020,VYS,49.087,1.3849,1.8558
2,2020,JHC,49.087,1.3849,1.8558
2,2020,JHM,49.087,1.3849,1.8558
2,2020,PLK,49.087,1.3849,1.8558
2,2020,OLK,49.087,1.3849,1.8558
2,2020,KVK,49.087,1.3849,1.8558
2,2020,ZLK,49.087,1.3849,1.8558
2,2020,ULK,49.087,1.3849,1.8558
2,2020,MSK,49.087,1.3849,1.8558
2,2020,LBK,49.087,1.3849,1.8558
3,2020,PHA,46.625,1.2584,1.7585
3,2020,HKK,46.625,1.2584,1.7585
3,2020,STC,46.625,1.2584,1.7585
3,2020,PAK,46.625,1.2584,1.7585
3,2020,VYS,46.625,1.2584,1.7585
3,2020,JHC,46.625,1.2584,1.7585
3,2020,JHM,46.625,1.2584,1.7585
3,2020,PLK,46.625,1.2584,1.7585
3,2020,OLK,46.625,1.2584,1.7585
3,2020,KVK,46.625,1.2584,1.7585
3,2020,ZLK,46.625,1.2584,1.7585
3,2020,ULK,46.625,1.2584,1.7585
3,2020,MSK,46.625,1.2584,1.7585
3,2020,LBK,46.625,1.2584,1.7585
4,2020,PHA,46.003,1.0732,1.7997
4,2020,HKK,46.003,1.0732,1.7997
4,2020,STC,46.003,1.0732,1.7997
4,2020,PAK,46.003,1.0732,1.7997
4,2020,VYS,46.003,1.0732,1.7997
4,2020,JHC,46.003,1.0732,1.7997
4,2020,JHM,46.003,1.0732,1.7997
4,2020,PLK,46.003,1.0732,1.7997
4,2020,OLK,46.003,1.0732,1.7997
4,2020,KVK,46.003,1.0732,1.7997
4,2020,ZLK,46.003,1.0732,1.7997
4,2020,ULK,46.003,1.0732,1.7997
4,2020,MSK,46.003,1.0732,1.7997
4,2020,LBK,46.003,1.0732,1.7997
5,2020,PHA,45.33,1.0382,1.8392
5,2020,HKK,45.33,1.0382,1.8392
5,2020,STC,45.33,1.0382,1.8392
5,2020,PAK,45.33,1.0382,1.8392
5,2020,VYS,45.33,1.0382,1.8392
5,2020,JHC,45.33,1.0382,1.8392
5,2020,JHM,45.33,1.0382,1.8392
5,2020,PLK,45.33,1.0382,1.8392
5,2020,OLK,45.33,1.0382,1.8392
5,2020,KVK,45.33,1.0382,1.8392
5,2020,ZLK,45.33,1.0382,1.8392
5,2020,ULK,45.33,1.0382,1.8392
5,2020,MSK,45.33,1.0382,1.8392
5,2020,LBK,45.33,1.0382,1.8392
6,2020,PHA,49.241,1.1265,1.7147
6,2020,HKK,49.241,1.1265,1.7147
6,2020,STC,49.241,1.1265,1.7147
6,2020,PAK,49.241,1.1265,1.7147
6,2020,VYS,49.241,1.1265,1.7147
6,2020,JHC,49.241,1.1265,1.7147
6,2020,JHM,49.241,1.1265,1.7147
6,2020,PLK,49.241,1.1265,1.7147
6,2020,OLK,49.241,1.1265,1.7147
6,2020,KVK,49.241,1.1265,1.7147
6,2020,ZLK,49.241,1.1265,1.7147
6,2020,ULK,49.241,1.1265,1.7147
6,2020,MSK,49.241,1.1265,1.7147
6,2020,LBK,49.241,1.1265,1.7147
7,2020,PHA,52.127,1.2033,1.7773
7,2020,HKK,52.127,1.2033,1.7773
7,2020,STC,52.127,1.2033,1.7773
7,2020,PAK,52.127,1.2033,1.7773
7,2020,VYS,52.127,1.2033,1.7773
7,2020,JHC,52.127,1.2033,1.7773
7,2020,JHM,52.127,1.2033,1.7773
7,2020,PLK,52.127,1.2033,1.7773
7,2020,OLK,52.127,1.2033,1.7773
7,2020,KVK,52.127,1.2033,1.7773
7,2020,ZLK,52.127,1.2033,1.7773
7,2020,ULK,52.127,1.2033,1.7773
7,2020,MSK,52.127,1.2033,1.7773
7,2020,LBK,52.127,1.2033,1.7773
8,2020,PHA,52.084,1.2651,2.3762
8,2020,HKK,52.084,1.2651,2.3762
8,2020,STC,52.084,1.2651,2.3762
8,2020,PAK,52.084,1.2651,2.3762
8,2020,VYS,52.084,1.2651,2.3762
8,2020,JHC,52.084,1.2651,2.3762
8,2020,JHM,52.084,1.2651,2.3762
8,2020,PLK,52.084,1.2651,2.3762
8,2020,OLK,52.084,1.2651,2.3762
8,2020,KVK,52.084,1.2651,2.3762
8,2020,ZLK,52.084,1.2651,2.3762
8,2020,ULK,52.084,1.2651,2.3762
8,2020,MSK,52.084,1.2651,2.3762
8,2020,LBK,52.084,1.2651,2.3762
9,2020,PHA,52.451,1.227,2.5243
9,2020,HKK,52.451,1.227,2.5243
9,2020,STC,52.451,1.227,2.5243
9,2020,PAK,52.451,1.227,2.5243
9,2020,VYS,52.451,1.227,2.5243
9,2020,JHC,52.451,1.227,2.5243
9,2020,JHM,52.451,1.227,2.5243
9,2020,PLK,52.451,1.227,2.5243
9,2020,OLK,52.451,1.227,2.5243
9,2020,KVK,52.451,1.227,2.5243
9,2020,ZLK,52.451,1.227,2.5243
9,2020,ULK,52.451,1.227,2.5243
9,2020,MSK,52.451,1.227,2.5243
9,2020,LBK,52.451,1.227,2.5243
10,2020,PHA,49.924,1.2087,2.9103
10,2020,HKK,49.924,1.2087,2.9103
10,2020,STC,49.924,1.2087,2.9103
10,2020,PAK,49.924,1.2087,2.9103
10,2020,VYS,49.924,1.2087,2.9103
10,2020,JHC,49.924,1.2087,2.9103
10,2020,JHM,49.924,1.2087,2.9103
10,2020,PLK,49.924,1.2087,2.9103
10,2020,OLK,49.924,1.2087,2.9103
10,2020,KVK,49.924,1.2087,2.9103
10,2020,ZLK,49.924,1.2087,2.9103
10,2020,ULK,49.924,1.2087,2.9103
10,2020,MSK,49.924,1.2087,2.9103
10,2020,LBK,49.924,1.2087,2.9103
11,2020,PHA,49.531,1.2445,2.8976
11,2020,HKK,49.531,1.2445,2.8976
11,2020,STC,49.531,1.2445,2.8976
11,2020,PAK,49.531,1.2445,2.8976
11,2020,VYS,49.531,1.2445,2.8976
11,2020,JHC,49.531,1.2445,2.8976
11,2020,JHM,49.531,1.2445,2.8976
11,2020,PLK,49.531,1.2445,2.8976
11,2020,OLK,49.531,1.2445,2.8976
11,2020,KVK,49.531,1.2445,2.8976
11,2020,ZLK,49.531,1.2445,2.8976
11,2020,ULK,49.531,1.2445,2.8976
11,2020,MSK,49.531,1.2445,2.8976
11,2020,LBK,49.531,1.2445,2.8976
12,2020,PHA,58.257,1.2916,2.5878
12,2020,HKK,58.257,1.2916,2.5878
12,2020,STC,58.257,1.2916,2.5878
12,2020,PAK,58.257,1.2916,2.5878
12,2020,VYS,58.257,1.2916,2.5878
12,2020,JHC,58.257,1.2916,2.5878
12,2020,JHM,58.257,1.2916,2.5878
12,2020,PLK,58.257,1.2916,2.5878
12,2020,OLK,58.257,1.2916,2.5878
12,2020,KVK,58.257,1.2916,2.5878
12,2020,ZLK,58.257,1.2916,2.5878
12,2020,ULK,58.257,1.2916,2.5878
12,2020,MSK,58.257,1.2916,2.5878
12,2020,LBK,58.257,1.2916,2.5878
1,2021,PHA,63.534,1.3057,2.6414
1,2021,HKK,63.534,1.3057,2.6414
1,2021,STC,63.534,1.3057,2.6414
1,2021,PAK,63.534,1.3057,2.6414
1,2021,VYS,63.534,1.3057,2.6414
1,2021,JHC,63.534,1.3057,2.6414
1,2021,JHM,63.534,1.3057,2.6414
1,2021,PLK,63.534,1.3057,2.6414
1,2021,OLK,63.534,1.3057,2.6414
1,2021,KVK,63.534,1.3057,2.6414
1,2021,ZLK,63.534,1.3057,2.6414
1,2021,ULK,63.534,1.3057,2.6414
1,2021,MSK,63.534,1.3057,2.6414
1,2021,LBK,63.534,1.3057,2.6414
2,2021,PHA,65.185,1.3418,2.91
2,2021,HKK,65.185,1.3418,2.91
2,2021,STC,65.185,1.3418,2.91
2,2021,PAK,65.185,1.3418,2.91
2,2021,VYS,65.185,1.3418,2.91
2,2021,JHC,65.185,1.3418,2.91
2,2021,JHM,65.185,1.3418,2.91
2,2021,PLK,65.185,1.3418,2.91
2,2021,OLK,65.185,1.3418,2.91
2,2021,KVK,65.185,1.3418,2.91
2,2021,ZLK,65.185,1.3418,2.91
2,2021,ULK,65.185,1.3418,2.91
2,2021,MSK,65.185,1.3418,2.91
2,2021,LBK,65.185,1.3418,2.91
3,2021,PHA,66.957,1.3849,2.6315
3,2021,HKK,66.957,1.3849,2.6315
3,2021,STC,66.957,1.3849,2.6315
3,2021,PAK,66.957,1.3849,2.6315
3,2021,VYS,66.957,1.3849,2.6315
3,2021,JHC,66.957,1.3849,2.6315
3,2021,JHM,66.957,1.3849,2.6315
3,2021,PLK,66.957,1.3849,2.6315
3,2021,OLK,66.957,1.3849,2.6315
3,2021,KVK,66.957,1.3849,2.6315
3,2021,ZLK,66.957,1.3849,2.6315
3,2021,ULK,66.957,1.3849,2.6315
3,2021,MSK,66.957,1.3849,2.6315
3,2021,LBK,66.957,1.3849,2.6315
4,2021,PHA,71.258,1.4495,2.6974
4,2021,HKK,71.258,1.4495,2.6974
4,2021,STC,71.258,1.4495,2.6974
4,2021,PAK,71.258,1.4495,2.6974
4,2021,VYS,71.258,1.4495,2.6974
4,2021,JHC,71.258,1.4495,2.6974
4,2021,JHM,71.258,1.4495,2.6974
4,2021,PLK,71.258,1.4495,2.6974
4,2021,OLK,71.258,1.4495,2.6974
4,2021,KVK,71.258,1.4495,2.6974
4,2021,ZLK,71.258,1.4495,2.6974
4,2021,ULK,71.258,1.4495,2.6974
4,2021,MSK,71.258,1.4495,2.6974
4,2021,LBK,71.258,1.4495,2.6974
5,2021,PHA,80.959,1.5142,2.9786
5,2021,HKK,80.959,1.5142,2.9786
5,2021,STC,80.959,1.5142,2.9786
5,2021,PAK,80.959,1.5142,2.9786
5,2021,VYS,80.959,1.5142,2.9786
5,2021,JHC,80.959,1.5142,2.9786
5,2021,JHM,80.959,1.5142,2.9786
5,2021,PLK,80.959,1.5142,2.9786
5,2021,OLK,80.959,1.5142,2.9786
5,2021,KVK,80.959,1.5142,2.9786
5,2021,ZLK,80.959,1.5142,2.9786
5,2021,ULK,80.959,1.5142,2.9786
5,2021,MSK,80.959,1.5142,2.9786
5,2021,LBK,80.959,1.5142,2.9786
6,2021,PHA,83.36,1.5331,3.2811
6,2021,HKK,83.36,1.5331,3.2811
6,2021,STC,83.36,1.5331,3.2811
6,2021,PAK,83.36,1.5331,3.2811
6,2021,VYS,83.36,1.5331,3.2811
6,2021,JHC,83.36,1.5331,3.2811
6,2021,JHM,83.36,1.5331,3.2811
6,2021,PLK,83.36,1.5331,3.2811
6,2021,OLK,83.36,1.5331,3.2811
6,2021,KVK,83.36,1.5331,3.2811
6,2021,ZLK,83.36,1.5331,3.2811
6,2021,ULK,83.36,1.5331,3.2811
6,2021,MSK,83.36,1.5331,3.2811
6,2021,LBK,83.36,1.5331,3.2811
7,2021,PHA,88.146,1.5448,3.8048
7,2021,HKK,88.146,1.5448,3.8048
7,2021,STC,88.146,1.5448,3.8048
7,2021,PAK,88.146,1.5448,3.8048
7,2021,VYS,88.146,1.5448,3.8048
7,2021,JHC,88.146,1.5448,3.8048
7,2021,JHM,88.146,1.5448,3.8048
7,2021,PLK,88.146,1.5448,3.8048
7,2021,OLK,88.146,1.5448,3.8048
7,2021,KVK,88.146,1.5448,3.8048
7,2021,ZLK,88.146,1.5448,3.8048
7,2021,ULK,88.146,1.5448,3.8048
7,2021,MSK,88.146,1.5448,3.8048
7,2021,LBK,88.146,1.5448,3.8048
8,2021,PHA,99.071,1.5604,4.0411
8,2021,HKK,99.071,1.5604,4.0411
8,2021,STC,99.071,1.5604,4.0411
8,2021,PAK,99.071,1.5604,4.0411
8,2021,VYS,99.071,1.5604,4.0411
8,2021,JHC,99.071,1.5604,4.0411
8,2021,JHM,99.071,1.5604,4.0411
8,2021,PLK,99.071,1.5604,4.0411
8,2021,OLK,99.071,1.5604,4.0411
8,2021,KVK,99.071,1.5604,4.0411
8,2021,ZLK,99.071,1.5604,4.0411
8,2021,ULK,99.071,1.5604,4.0411
8,2021,MSK,99.071,1.5604,4.0411
8,2021,LBK,99.071,1.5604,4.0411
9,2021,PHA,123.82,1.5704,5.1078
9,2021,HKK,123.82,1.5704,5.1078
9,2021,STC,123.82,1.5704,5.1078
9,2021,PAK,123.82,1.5704,5.1078
9,2021,VYS,123.82,1.5704,5.1078
9,2021,JHC,123.82,1.5704,5.1078
9,2021,JHM,123.82,1.5704,5.1078
9,2021,PLK,123.82,1.5704,5.1078
9,2021,OLK,123.82,1.5704,5.1078
9,2021,KVK,123.82,1.5704,5.1078
9,2021,ZLK,123.82,1.5704,5.1078
9,2021,ULK,123.82,1.5704,5.1078
9,2021,MSK,123.82,1.5704,5.1078
9,2021,LBK,123.82,1.5704,5.1078
10,2021,PHA,149.98,1.6199,5.5984
10,2021,HKK,149.98,1.6199,5.5984
10,2021,STC,149.98,1.6199,5.5984
10,2021,PAK,149.98,1.6199,5.5984
10,2021,VYS,149.98,1.6199,5.5984
10,2021,JHC,149.98,1.6199,5.5984
10,2021,JHM,149.98,1.6199,5.5984
10,2021,PLK,149.98,1.6199,5.5984
10,2021,OLK,149.98,1.6199,5.5984
10,2021,KVK,149.98,1.6199,5.5984
10,2021,ZLK,149.98,1.6199,5.5984
10,2021,ULK,149.98,1.6199,5.5984
10,2021,MSK,149.98,1.6199,5.5984
10,2021,LBK,149.98,1.6199,5.5984
11,2021,PHA,143.81,1.6668,5.1512
11,2021,HKK,143.81,1.6668,5.1512
11,2021,STC,143.81,1.6668,5.1512
11,2021,PAK,143.81,1.6668,5.1512
11,2021,VYS,143.81,1.6668,5.1512
11,2021,JHC,143.81,1.6668,5.1512
11,2021,JHM,143.81,1.6668,5.1512
11,2021,PLK,143.81,1.6668,5.1512
11,2021,OLK,143.81,1.6668,5.1512
11,2021,KVK,143.81,1.6668,5.1512
11,2021,ZLK,143.81,1.6668,5.1512
11,2021,ULK,143.81,1.6668,5.1512
11,2021,MSK,143.81,1.6668,5.1512
11,2021,LBK,143.81,1.6668,5.1512
12,2021,PHA,238.16,1.6323,3.8459
12,2021,HKK,238.16,1.6323,3.8459
12,2021,STC,238.16,1.6323,3.8459
12,2021,PAK,238.16,1.6323,3.8459
12,2021,VYS,238.16,1.6323,3.8459
12,2021,JHC,238.16,1.6323,3.8459
12,2021,JHM,238.16,1.6323,3.8459
12,2021,PLK,238.16,1.6323,3.8459
12,2021,OLK,238.16,1.6323,3.8459
12,2021,KVK,238.16,1.6323,3.8459
12,2021,ZLK,238.16,1.6323,3.8459
12,2021,ULK,238.16,1.6323,3.8459
12,2021,MSK,238.16,1.6323,3.8459
12,2021,LBK,238.16,1.6323,3.8459
1,2022,PHA,145.73,1.6674,4.134
1,2022,HKK,145.73,1.6674,4.134
1,2022,STC,145.73,1.6674,4.134
1,2022,PAK,145.73,1.6674,4.134
1,2022,VYS,145.73,1.6674,4.134
1,2022,JHC,145.73,1.6674,4.134
1,2022,JHM,145.73,1.6674,4.134
1,2022,PLK,145.73,1.6674,4.134
1,2022,OLK,145.73,1.6674,4.134
1,2022,KVK,145.73,1.6674,4.134
1,2022,ZLK,145.73,1.6674,4.134
1,2022,ULK,145.73,1.6674,4.134
1,2022,MSK,145.73,1.6674,4.134
1,2022,LBK,145.73,1.6674,4.134
2,2022,PHA,164.49,1.7245,4.4782
2,2022,HKK,164.49,1.7245,4.4782
2,2022,STC,164.49,1.7245,4.4782
2,2022,PAK,164.49,1.7245,4.4782
2,2022,VYS,164.49,1.7245,4.4782
2,2022,JHC,164.49,1.7245,4.4782
2,2022,JHM,164.49,1.7245,4.4782
2,2022,PLK,164.49,1.7245,4.4782
2,2022,OLK,164.49,1.7245,4.4782
2,2022,KVK,164.49,1.7245,4.4782
2,2022,ZLK,164.49,1.7245,4.4782
2,2022,ULK,164.49,1.7245,4.4782
2,2022,MSK,164.49,1.7245,4.4782
2,2022,LBK,164.49,1.7245,4.4782
3,2022,PHA,187.1,1.9464,4.9772
3,2022,HKK,187.1,1.9464,4.9772
3,2022,STC,187.1,1.9464,4.9772
3,2022,PAK,187.1,1.9464,4.9772
3,2022,VYS,187.1,1.9464,4.9772
3,2022,JHC,187.1,1.9464,4.9772
3,2022,JHM,187.1,1.9464,4.9772
3,2022,PLK,187.1,1.9464,4.9772
3,2022,OLK,187.1,1.9464,4.9772
3,2022,KVK,187.1,1.9464,4.9772
3,2022,ZLK,187.1,1.9464,4.9772
3,2022,ULK,187.1,1.9464,4.9772
3,2022,MSK,187.1,1.9464,4.9772
3,2022,LBK,187.1,1.9464,4.9772
4,2022,PHA,214.68,1.9054,6.7753
4,2022,HKK,214.68,1.9054,6.7753
4,2022,STC,214.68,1.9054,6.7753
4,2022,PAK,214.68,1.9054,6.7753
4,2022,VYS,214.68,1.9054,6.7753
4,2022,JHC,214.68,1.9054,6.7753
4,2022,JHM,214.68,1.9054,6.7753
4,2022,PLK,214.68,1.9054,6.7753
4,2022,OLK,214.68,1.9054,6.7753
4,2022,KVK,214.68,1.9054,6.7753
4,2022,ZLK,214.68,1.9054,6.7753
4,2022,ULK,214.68,1.9054,6.7753
4,2022,MSK,214.68,1.9054,6.7753
4,2022,LBK,214.68,1.9054,6.7753
5,2022,PHA,239.92,1.9182,8.1694
5,2022,HKK,239.92,1.9182,8.1694
5,2022,STC,239.92,1.9182,8.1694
5,2022,PAK,239.92,1.9182,8.1694
5,2022,VYS,239.92,1.9182,8.1694
5,2022,JHC,239.92,1.9182,8.1694
5,2022,JHM,239.92,1.9182,8.1694
5,2022,PLK,239.92,1.9182,8.1694
5,2022,OLK,239.92,1.9182,8.1694
5,2022,KVK,239.92,1.9182,8.1694
5,2022,ZLK,239.92,1.9182,8.1694
5,2022,ULK,239.92,1.9182,8.1694
5,2022,MSK,239.92,1.9182,8.1694
5,2022,LBK,239.92,1.9182,8.1694
6,2022,PHA,261.98,2.0195,7.5709
6,2022,HKK,261.98,2.0195,7.5709
6,2022,STC,261.98,2.0195,7.5709
6,2022,PAK,261.98,2.0195,7.5709
6,2022,VYS,261.98,2.0195,7.5709
6,2022,JHC,261.98,2.0195,7.5709
6,2022,JHM,261.98,2.0195,7.5709
6,2022,PLK,261.98,2.0195,7.5709
6,2022,OLK,261.98,2.0195,7.5709
6,2022,KVK,261.98,2.0195,7.5709
6,2022,ZLK,261.98,2.0195,7.5709
6,2022,ULK,261.98,2.0195,7.5709
6,2022,MSK,261.98,2.0195,7.5709
6,2022,LBK,261.98,2.0195,7.5709
7,2022,PHA,353.61,1.9516,7.0963
7,2022,HKK,353.61,1.9516,7.0963
7,2022,STC,353.61,1.9516,7.0963
7,2022,PAK,353.61,1.9516,7.0963
7,2022,VYS,353.61,1.9516,7.0963
7,2022,JHC,353.61,1.9516,7.0963
7,2022,JHM,353.61,1.9516,7.0963
7,2022,PLK,353.61,1.9516,7.0963
7,2022,OLK,353.61,1.9516,7.0963
7,2022,KVK,353.61,1.9516,7.0963
7,2022,ZLK,353.61,1.9516,7.0963
7,2022,ULK,353.61,1.9516,7.0963
7,2022,MSK,353.61,1.9516,7.0963
7,2022,LBK,353.61,1.9516,7.0963
8,2022,PHA,541.39,1.7149,8.7705
8,2022,HKK,541.39,1.7149,8.7705
8,2022,STC,541.39,1.7149,8.7705
8,2022,PAK,541.39,1.7149,8.7705
8,2022,VYS,541.39,1.7149,8.7705
8,2022,JHC,541.39,1.7149,8.7705
8,2022,JHM,541.39,1.7149,8.7705
8,2022,PLK,541.39,1.7149,8.7705
8,2022,OLK,541.39,1.7149,8.7705
8,2022,KVK,541.39,1.7149,8.7705
8,2022,ZLK,541.39,1.7149,8.7705
8,2022,ULK,541.39,1.7149,8.7705
8,2022,MSK,541.39,1.7149,8.7705
8,2022,LBK,541.39,1.7149,8.7705
9,2022,PHA,487.53,1.5767,7.8527
9,2022,HKK,487.53,1.5767,7.8527
9,2022,STC,487.53,1.5767,7.8527
9,2022,PAK,487.53,1.5767,7.8527
9,2022,VYS,487.53,1.5767,7.8527
9,2022,JHC,487.53,1.5767,7.8527
9,2022,JHM,487.53,1.5767,7.8527
9,2022,PLK,487.53,1.5767,7.8527
9,2022,OLK,487.53,1.5767,7.8527
9,2022,KVK,487.53,1.5767,7.8527
9,2022,ZLK,487.53,1.5767,7.8527
9,2022,ULK,487.53,1.5767,7.8527
9,2022,MSK,487.53,1.5767,7.8527
9,2022,LBK,487.53,1.5767,7.8527
10,2022,PHA,392.53,1.6652,6.1939
10,2022,HKK,392.53,1.6652,6.1939
10,2022,STC,392.53,1.6652,6.1939
10,2022,PAK,392.53,1.6652,6.1939
10,2022,VYS,392.53,1.6652,6.1939
10,2022,JHC,392.53,1.6652,6.1939
10,2022,JHM,392.53,1.6652,6.1939
10,2022,PLK,392.53,1.6652,6.1939
10,2022,OLK,392.53,1.6652,6.1939
10,2022,KVK,392.53,1.6652,6.1939
10,2022,ZLK,392.53,1.6652,6.1939
10,2022,ULK,392.53,1.6652,6.1939
10,2022,MSK,392.53,1.6652,6.1939
10,2022,LBK,392.53,1.6652,6.1939
11,2022,PHA,346.67,1.7302,6.5922
11,2022,HKK,346.67,1.7302,6.5922
11,2022,STC,346.67,1.7302,6.5922
11,2022,PAK,346.67,1.7302,6.5922
11,2022,VYS,346.67,1.7302,6.5922
11,2022,JHC,346.67,1.7302,6.5922
11,2022,JHM,346.67,1.7302,6.5922
11,2022,PLK,346.67,1.7302,6.5922
11,2022,OLK,346.67,1.7302,6.5922
11,2022,KVK,346.67,1.7302,6.5922
11,2022,ZLK,346.67,1.7302,6.5922
11,2022,ULK,346.67,1.7302,6.5922
11,2022,MSK,346.67,1.7302,6.5922
11,2022,LBK,346.67,1.7302,6.5922
12,2022,PHA,331.3,1.6169,5.7334
12,2022,HKK,331.3,1.6169,5.7334
12,2022,STC,331.3,1.6169,5.7334
12,2022,PAK,331.3,1.6169,5.7334
12,2022,VYS,331.3,1.6169,5.7334
12,2022,JHC,331.3,1.6169,5.7334
12,2022,JHM,331.3,1.6169,5.7334
12,2022,PLK,331.3,1.6169,5.7334
12,2022,OLK,331.3,1.6169,5.7334
12,2022,KVK,331.3,1.6169,5.7334
12,2022,ZLK,331.3,1.6169,5.7334
12,2022,ULK,331.3,1.6169,5.7334
12,2022,MSK,331.3,1.6169,5.7334
12,2022,LBK,331.3,1.6169,5.7334
1,2023,PHA,197.35,1.6441,3.4429
1,2023,HKK,197.35,1.6441,3.4429
1,2023,STC,197.35,1.6441,3.4429
1,2023,PAK,197.35,1.6441,3.4429
1,2023,VYS,197.35,1.6441,3.4429
1,2023,JHC,197.35,1.6441,3.4429
1,2023,JHM,197.35,1.6441,3.4429
1,2023,PLK,197.35,1.6441,3.4429
1,2023,OLK,197.35,1.6441,3.4429
1,2023,KVK,197.35,1.6441,3.4429
1,2023,ZLK,197.35,1.6441,3.4429
1,2023,ULK,197.35,1.6441,3.4429
1,2023,MSK,197.35,1.6441,3.4429
1,2023,LBK,197.35,1.6441,3.4429
2,2023,PHA,175.35,1.7003,2.4691
2,2023,HKK,175.35,1.7003,2.4691
2,2023,STC,175.35,1.7003,2.4691
2,2023,PAK,175.35,1.7003,2.4691
2,2023,VYS,175.35,1.7003,2.4691
2,2023,JHC,175.35,1.7003,2.4691
2,2023,JHM,175.35,1.7003,2.4691
2,2023,PLK,175.35,1.7003,2.4691
2,2023,OLK,175.35,1.7003,2.4691
2,2023,KVK,175.35,1.7003,2.4691
2,2023,ZLK,175.35,1.7003,2.4691
2,2023,ULK,175.35,1.7003,2.4691
2,2023,MSK,175.35,1.7003,2.4691
2,2023,LBK,175.35,1.7003,2.4691
3,2023,PHA,149.29,1.6786,2.4463
3,2023,HKK,149.29,1.6786,2.4463
3,2023,STC,149.29,1.6786,2.4463
3,2023,PAK,149.29,1.6786,2.4463
3,2023,VYS,149.29,1.6786,2.4463
3,2023,JHC,149.29,1.6786,2.4463
3,2023,JHM,149.29,1.6786,2.4463
3,2023,PLK,149.29,1.6786,2.4463
3,2023,OLK,149.29,1.6786,2.4463
3,2023,KVK,149.29,1.6786,2.4463
3,2023,ZLK,149.29,1.6786,2.4463
3,2023,ULK,149.29,1.6786,2.4463
3,2023,MSK,149.29,1.6786,2.4463
3,2023,LBK,149.29,1.6786,2.4463
4,2023,PHA,161.1,1.7564,2.2274
4,2023,HKK,161.1,1.7564,2.2274
4,2023,STC,161.1,1.7564,2.2274
4,2023,PAK,161.1,1.7564,2.2274
4,2023,VYS,161.1,1.7564,2.2274
4,2023,JHC,161.1,1.7564,2.2274
4,2023,JHM,161.1,1.7564,2.2274
4,2023,PLK,161.1,1.7564,2.2274
4,2023,OLK,161.1,1.7564,2.2274
4,2023,KVK,161.1,1.7564,2.2274
4,2023,ZLK,161.1,1.7564,2.2274
4,2023,ULK,161.1,1.7564,2.2274
4,2023,MSK,161.1,1.7564,2.2274
4,2023,LBK,161.1,1.7564,2.2274
5,2023,PHA,150.59,1.6911,2.3395
5,2023,HKK,150.59,1.6911,2.3395
5,2023,STC,150.59,1.6911,2.3395
5,2023,PAK,150.59,1.6911,2.3395
5,2023,VYS,150.59,1.6911,2.3395
5,2023,JHC,150.59,1.6911,2.3395
5,2023,JHM,150.59,1.6911,2.3395
5,2023,PLK,150.59,1.6911,2.3395
5,2023,OLK,150.59,1.6911,2.3395
5,2023,KVK,150.59,1.6911,2.3395
5,2023,ZLK,150.59,1.6911,2.3395
5,2023,ULK,150.59,1.6911,2.3395
5,2023,MSK,150.59,1.6911,2.3395
5,2023,LBK,150.59,1.6911,2.3395
6,2023,PHA,150.19,1.6982,2.4959
6,2023,HKK,150.19,1.6982,2.4959
6,2023,STC,150.19,1.6982,2.4959
6,2023,PAK,150.19,1.6982,2.4959
6,2023,VYS,150.19,1.6982,2.4959
6,2023,JHC,150.19,1.6982,2.4959
6,2023,JHM,150.19,1.6982,2.4959
6,2023,PLK,150.19,1.6982,2.4959
6,2023,OLK,150.19,1.6982,2.4959
6,2023,KVK,150.19,1.6982,2.4959
6,2023,ZLK,150.19,1.6982,2.4959
6,2023,ULK,150.19,1.6982,2.4959
6,2023,MSK,150.19,1.6982,2.4959
6,2023,LBK,150.19,1.6982,2.4959
7,2023,PHA,156.26,1.7325,2.6531
7,2023,HKK,156.26,1.7325,2.6531
7,2023,STC,156.26,1.7325,2.6531
7,2023,PAK,156.26,1.7325,2.6531
7,2023,VYS,156.26,1.7325,2.6531
7,2023,JHC,156.26,1.7325,2.6531
7,2023,JHM,156.26,1.7325,2.6531
7,2023,PLK,156.26,1.7325,2.6531
7,2023,OLK,156.26,1.7325,2.6531
7,2023,KVK,156.26,1.7325,2.6531
7,2023,ZLK,156.26,1.7325,2.6531
7,2023,ULK,156.26,1.7325,2.6531
7,2023,MSK,156.26,1.7325,2.6531
7,2023,LBK,156.26,1.7325,2.6531
8,2023,PHA,152.26,1.7791,2.6613
8,2023,HKK,152.26,1.7791,2.6613
8,2023,STC,152.26,1.7791,2.6613
8,2023,PAK,152.26,1.7791,2.6613
8,2023,VYS,152.26,1.7791,2.6613
8,2023,JHC,152.26,1.7791,2.6613
8,2023,JHM,152.26,1.7791,2.6613
8,2023,PLK,152.26,1.7791,2.6613
8,2023,OLK,152.26,1.7791,2.6613
8,2023,KVK,152.26,1.7791,2.6613
8,2023,ZLK,152.26,1.7791,2.6613
8,2023,ULK,152.26,1.7791,2.6613
8,2023,MSK,152.26,1.7791,2.6613
8,2023,LBK,152.26,1.7791,2.6613
9,2023,PHA,138.98,1.7623,2.7372
9,2023,HKK,138.98,1.7623,2.7372
9,2023,STC,138.98,1.7623,2.7372
9,2023,PAK,138.98,1.7623,2.7372
9,2023,VYS,138.98,1.7623,2.7372
9,2023,JHC,138.98,1.7623,2.7372
9,2023,JHM,138.98,1.7623,2.7372
9,2023,PLK,138.98,1.7623,2.7372
9,2023,OLK,138.98,1.7623,2.7372
9,2023,KVK,138.98,1.7623,2.7372
9,2023,ZLK,138.98,1.7623,2.7372
9,2023,ULK,138.98,1.7623,2.7372
9,2023,MSK,138.98,1.7623,2.7372
9,2023,LBK,138.98,1.7623,2.7372
