month,year,kraj,bilance
1,2008,PHA,2.502
1,2008,STC,2.502
1,2008,JHM,2.502
1,2008,PLK,2.502
1,2008,HKK,2.502
1,2008,VYS,2.502
1,2008,KVK,2.502
1,2008,LBK,2.502
1,2008,PAK,2.502
1,2008,MSK,2.502
1,2008,OLK,2.502
1,2008,ULK,2.502
1,2008,ZLK,2.502
1,2008,JHC,2.502
2,2008,PHA,1.137
2,2008,STC,1.137
2,2008,JHM,1.137
2,2008,PLK,1.137
2,2008,HKK,1.137
2,2008,VYS,1.137
2,2008,KVK,1.137
2,2008,LBK,1.137
2,2008,PAK,1.137
2,2008,MSK,1.137
2,2008,OLK,1.137
2,2008,ULK,1.137
2,2008,ZLK,1.137
2,2008,JHC,1.137
3,2008,PHA,-4.411
3,2008,STC,-4.411
3,2008,JHM,-4.411
3,2008,PLK,-4.411
3,2008,HKK,-4.411
3,2008,VYS,-4.411
3,2008,KVK,-4.411
3,2008,LBK,-4.411
3,2008,PAK,-4.411
3,2008,MSK,-4.411
3,2008,OLK,-4.411
3,2008,ULK,-4.411
3,2008,ZLK,-4.411
3,2008,JHC,-4.411
4,2008,PHA,-2.198
4,2008,STC,-2.198
4,2008,JHM,-2.198
4,2008,PLK,-2.198
4,2008,HKK,-2.198
4,2008,VYS,-2.198
4,2008,KVK,-2.198
4,2008,LBK,-2.198
4,2008,PAK,-2.198
4,2008,MSK,-2.198
4,2008,OLK,-2.198
4,2008,ULK,-2.198
4,2008,ZLK,-2.198
4,2008,JHC,-2.198
5,2008,PHA,707.0
5,2008,STC,707.0
5,2008,JHM,707.0
5,2008,PLK,707.0
5,2008,HKK,707.0
5,2008,VYS,707.0
5,2008,KVK,707.0
5,2008,LBK,707.0
5,2008,PAK,707.0
5,2008,MSK,707.0
5,2008,OLK,707.0
5,2008,ULK,707.0
5,2008,ZLK,707.0
5,2008,JHC,707.0
6,2008,PHA,2.327
6,2008,STC,2.327
6,2008,JHM,2.327
6,2008,PLK,2.327
6,2008,HKK,2.327
6,2008,VYS,2.327
6,2008,KVK,2.327
6,2008,LBK,2.327
6,2008,PAK,2.327
6,2008,MSK,2.327
6,2008,OLK,2.327
6,2008,ULK,2.327
6,2008,ZLK,2.327
6,2008,JHC,2.327
7,2008,PHA,-4.195
7,2008,STC,-4.195
7,2008,JHM,-4.195
7,2008,PLK,-4.195
7,2008,HKK,-4.195
7,2008,VYS,-4.195
7,2008,KVK,-4.195
7,2008,LBK,-4.195
7,2008,PAK,-4.195
7,2008,MSK,-4.195
7,2008,OLK,-4.195
7,2008,ULK,-4.195
7,2008,ZLK,-4.195
7,2008,JHC,-4.195
8,2008,PHA,-5.629
8,2008,STC,-5.629
8,2008,JHM,-5.629
8,2008,PLK,-5.629
8,2008,HKK,-5.629
8,2008,VYS,-5.629
8,2008,KVK,-5.629
8,2008,LBK,-5.629
8,2008,PAK,-5.629
8,2008,MSK,-5.629
8,2008,OLK,-5.629
8,2008,ULK,-5.629
8,2008,ZLK,-5.629
8,2008,JHC,-5.629
9,2008,PHA,-1.77
9,2008,STC,-1.77
9,2008,JHM,-1.77
9,2008,PLK,-1.77
9,2008,HKK,-1.77
9,2008,VYS,-1.77
9,2008,KVK,-1.77
9,2008,LBK,-1.77
9,2008,PAK,-1.77
9,2008,MSK,-1.77
9,2008,OLK,-1.77
9,2008,ULK,-1.77
9,2008,ZLK,-1.77
9,2008,JHC,-1.77
10,2008,PHA,-12.943
10,2008,STC,-12.943
10,2008,JHM,-12.943
10,2008,PLK,-12.943
10,2008,HKK,-12.943
10,2008,VYS,-12.943
10,2008,KVK,-12.943
10,2008,LBK,-12.943
10,2008,PAK,-12.943
10,2008,MSK,-12.943
10,2008,OLK,-12.943
10,2008,ULK,-12.943
10,2008,ZLK,-12.943
10,2008,JHC,-12.943
11,2008,PHA,-5.681
11,2008,STC,-5.681
11,2008,JHM,-5.681
11,2008,PLK,-5.681
11,2008,HKK,-5.681
11,2008,VYS,-5.681
11,2008,KVK,-5.681
11,2008,LBK,-5.681
11,2008,PAK,-5.681
11,2008,MSK,-5.681
11,2008,OLK,-5.681
11,2008,ULK,-5.681
11,2008,ZLK,-5.681
11,2008,JHC,-5.681
12,2008,PHA,-14.178
12,2008,STC,-14.178
12,2008,JHM,-14.178
12,2008,PLK,-14.178
12,2008,HKK,-14.178
12,2008,VYS,-14.178
12,2008,KVK,-14.178
12,2008,LBK,-14.178
12,2008,PAK,-14.178
12,2008,MSK,-14.178
12,2008,OLK,-14.178
12,2008,ULK,-14.178
12,2008,ZLK,-14.178
12,2008,JHC,-14.178
1,2009,PHA,-2.73
1,2009,STC,-2.73
1,2009,JHM,-2.73
1,2009,PLK,-2.73
1,2009,HKK,-2.73
1,2009,VYS,-2.73
1,2009,KVK,-2.73
1,2009,LBK,-2.73
1,2009,PAK,-2.73
1,2009,MSK,-2.73
1,2009,OLK,-2.73
1,2009,ULK,-2.73
1,2009,ZLK,-2.73
1,2009,JHC,-2.73
2,2009,PHA,-74.0
2,2009,STC,-74.0
2,2009,JHM,-74.0
2,2009,PLK,-74.0
2,2009,HKK,-74.0
2,2009,VYS,-74.0
2,2009,KVK,-74.0
2,2009,LBK,-74.0
2,2009,PAK,-74.0
2,2009,MSK,-74.0
2,2009,OLK,-74.0
2,2009,ULK,-74.0
2,2009,ZLK,-74.0
2,2009,JHC,-74.0
3,2009,PHA,9.819
3,2009,STC,9.819
3,2009,JHM,9.819
3,2009,PLK,9.819
3,2009,HKK,9.819
3,2009,VYS,9.819
3,2009,KVK,9.819
3,2009,LBK,9.819
3,2009,PAK,9.819
3,2009,MSK,9.819
3,2009,OLK,9.819
3,2009,ULK,9.819
3,2009,ZLK,9.819
3,2009,JHC,9.819
4,2009,PHA,2.739
4,2009,STC,2.739
4,2009,JHM,2.739
4,2009,PLK,2.739
4,2009,HKK,2.739
4,2009,VYS,2.739
4,2009,KVK,2.739
4,2009,LBK,2.739
4,2009,PAK,2.739
4,2009,MSK,2.739
4,2009,OLK,2.739
4,2009,ULK,2.739
4,2009,ZLK,2.739
4,2009,JHC,2.739
5,2009,PHA,2.499
5,2009,STC,2.499
5,2009,JHM,2.499
5,2009,PLK,2.499
5,2009,HKK,2.499
5,2009,VYS,2.499
5,2009,KVK,2.499
5,2009,LBK,2.499
5,2009,PAK,2.499
5,2009,MSK,2.499
5,2009,OLK,2.499
5,2009,ULK,2.499
5,2009,ZLK,2.499
5,2009,JHC,2.499
6,2009,PHA,9.256
6,2009,STC,9.256
6,2009,JHM,9.256
6,2009,PLK,9.256
6,2009,HKK,9.256
6,2009,VYS,9.256
6,2009,KVK,9.256
6,2009,LBK,9.256
6,2009,PAK,9.256
6,2009,MSK,9.256
6,2009,OLK,9.256
6,2009,ULK,9.256
6,2009,ZLK,9.256
6,2009,JHC,9.256
7,2009,PHA,1.037
7,2009,STC,1.037
7,2009,JHM,1.037
7,2009,PLK,1.037
7,2009,HKK,1.037
7,2009,VYS,1.037
7,2009,KVK,1.037
7,2009,LBK,1.037
7,2009,PAK,1.037
7,2009,MSK,1.037
7,2009,OLK,1.037
7,2009,ULK,1.037
7,2009,ZLK,1.037
7,2009,JHC,1.037
8,2009,PHA,945.0
8,2009,STC,945.0
8,2009,JHM,945.0
8,2009,PLK,945.0
8,2009,HKK,945.0
8,2009,VYS,945.0
8,2009,KVK,945.0
8,2009,LBK,945.0
8,2009,PAK,945.0
8,2009,MSK,945.0
8,2009,OLK,945.0
8,2009,ULK,945.0
8,2009,ZLK,945.0
8,2009,JHC,945.0
9,2009,PHA,4.33
9,2009,STC,4.33
9,2009,JHM,4.33
9,2009,PLK,4.33
9,2009,HKK,4.33
9,2009,VYS,4.33
9,2009,KVK,4.33
9,2009,LBK,4.33
9,2009,PAK,4.33
9,2009,MSK,4.33
9,2009,OLK,4.33
9,2009,ULK,4.33
9,2009,ZLK,4.33
9,2009,JHC,4.33
10,2009,PHA,5.213
10,2009,STC,5.213
10,2009,JHM,5.213
10,2009,PLK,5.213
10,2009,HKK,5.213
10,2009,VYS,5.213
10,2009,KVK,5.213
10,2009,LBK,5.213
10,2009,PAK,5.213
10,2009,MSK,5.213
10,2009,OLK,5.213
10,2009,ULK,5.213
10,2009,ZLK,5.213
10,2009,JHC,5.213
11,2009,PHA,2.99
11,2009,STC,2.99
11,2009,JHM,2.99
11,2009,PLK,2.99
11,2009,HKK,2.99
11,2009,VYS,2.99
11,2009,KVK,2.99
11,2009,LBK,2.99
11,2009,PAK,2.99
11,2009,MSK,2.99
11,2009,OLK,2.99
11,2009,ULK,2.99
11,2009,ZLK,2.99
11,2009,JHC,2.99
12,2009,PHA,-4.957
12,2009,STC,-4.957
12,2009,JHM,-4.957
12,2009,PLK,-4.957
12,2009,HKK,-4.957
12,2009,VYS,-4.957
12,2009,KVK,-4.957
12,2009,LBK,-4.957
12,2009,PAK,-4.957
12,2009,MSK,-4.957
12,2009,OLK,-4.957
12,2009,ULK,-4.957
12,2009,ZLK,-4.957
12,2009,JHC,-4.957
1,2010,PHA,6.318
1,2010,STC,6.318
1,2010,JHM,6.318
1,2010,PLK,6.318
1,2010,HKK,6.318
1,2010,VYS,6.318
1,2010,KVK,6.318
1,2010,LBK,6.318
1,2010,PAK,6.318
1,2010,MSK,6.318
1,2010,OLK,6.318
1,2010,ULK,6.318
1,2010,ZLK,6.318
1,2010,JHC,6.318
2,2010,PHA,4.155
2,2010,STC,4.155
2,2010,JHM,4.155
2,2010,PLK,4.155
2,2010,HKK,4.155
2,2010,VYS,4.155
2,2010,KVK,4.155
2,2010,LBK,4.155
2,2010,PAK,4.155
2,2010,MSK,4.155
2,2010,OLK,4.155
2,2010,ULK,4.155
2,2010,ZLK,4.155
2,2010,JHC,4.155
3,2010,PHA,4.636
3,2010,STC,4.636
3,2010,JHM,4.636
3,2010,PLK,4.636
3,2010,HKK,4.636
3,2010,VYS,4.636
3,2010,KVK,4.636
3,2010,LBK,4.636
3,2010,PAK,4.636
3,2010,MSK,4.636
3,2010,OLK,4.636
3,2010,ULK,4.636
3,2010,ZLK,4.636
3,2010,JHC,4.636
4,2010,PHA,3.018
4,2010,STC,3.018
4,2010,JHM,3.018
4,2010,PLK,3.018
4,2010,HKK,3.018
4,2010,VYS,3.018
4,2010,KVK,3.018
4,2010,LBK,3.018
4,2010,PAK,3.018
4,2010,MSK,3.018
4,2010,OLK,3.018
4,2010,ULK,3.018
4,2010,ZLK,3.018
4,2010,JHC,3.018
5,2010,PHA,2.689
5,2010,STC,2.689
5,2010,JHM,2.689
5,2010,PLK,2.689
5,2010,HKK,2.689
5,2010,VYS,2.689
5,2010,KVK,2.689
5,2010,LBK,2.689
5,2010,PAK,2.689
5,2010,MSK,2.689
5,2010,OLK,2.689
5,2010,ULK,2.689
5,2010,ZLK,2.689
5,2010,JHC,2.689
6,2010,PHA,-1.061
6,2010,STC,-1.061
6,2010,JHM,-1.061
6,2010,PLK,-1.061
6,2010,HKK,-1.061
6,2010,VYS,-1.061
6,2010,KVK,-1.061
6,2010,LBK,-1.061
6,2010,PAK,-1.061
6,2010,MSK,-1.061
6,2010,OLK,-1.061
6,2010,ULK,-1.061
6,2010,ZLK,-1.061
6,2010,JHC,-1.061
7,2010,PHA,-10.935
7,2010,STC,-10.935
7,2010,JHM,-10.935
7,2010,PLK,-10.935
7,2010,HKK,-10.935
7,2010,VYS,-10.935
7,2010,KVK,-10.935
7,2010,LBK,-10.935
7,2010,PAK,-10.935
7,2010,MSK,-10.935
7,2010,OLK,-10.935
7,2010,ULK,-10.935
7,2010,ZLK,-10.935
7,2010,JHC,-10.935
8,2010,PHA,-7.702
8,2010,STC,-7.702
8,2010,JHM,-7.702
8,2010,PLK,-7.702
8,2010,HKK,-7.702
8,2010,VYS,-7.702
8,2010,KVK,-7.702
8,2010,LBK,-7.702
8,2010,PAK,-7.702
8,2010,MSK,-7.702
8,2010,OLK,-7.702
8,2010,ULK,-7.702
8,2010,ZLK,-7.702
8,2010,JHC,-7.702
9,2010,PHA,-4.851
9,2010,STC,-4.851
9,2010,JHM,-4.851
9,2010,PLK,-4.851
9,2010,HKK,-4.851
9,2010,VYS,-4.851
9,2010,KVK,-4.851
9,2010,LBK,-4.851
9,2010,PAK,-4.851
9,2010,MSK,-4.851
9,2010,OLK,-4.851
9,2010,ULK,-4.851
9,2010,ZLK,-4.851
9,2010,JHC,-4.851
10,2010,PHA,-3.749
10,2010,STC,-3.749
10,2010,JHM,-3.749
10,2010,PLK,-3.749
10,2010,HKK,-3.749
10,2010,VYS,-3.749
10,2010,KVK,-3.749
10,2010,LBK,-3.749
10,2010,PAK,-3.749
10,2010,MSK,-3.749
10,2010,OLK,-3.749
10,2010,ULK,-3.749
10,2010,ZLK,-3.749
10,2010,JHC,-3.749
11,2010,PHA,-4.867
11,2010,STC,-4.867
11,2010,JHM,-4.867
11,2010,PLK,-4.867
11,2010,HKK,-4.867
11,2010,VYS,-4.867
11,2010,KVK,-4.867
11,2010,LBK,-4.867
11,2010,PAK,-4.867
11,2010,MSK,-4.867
11,2010,OLK,-4.867
11,2010,ULK,-4.867
11,2010,ZLK,-4.867
11,2010,JHC,-4.867
12,2010,PHA,-8.23
12,2010,STC,-8.23
12,2010,JHM,-8.23
12,2010,PLK,-8.23
12,2010,HKK,-8.23
12,2010,VYS,-8.23
12,2010,KVK,-8.23
12,2010,LBK,-8.23
12,2010,PAK,-8.23
12,2010,MSK,-8.23
12,2010,OLK,-8.23
12,2010,ULK,-8.23
12,2010,ZLK,-8.23
12,2010,JHC,-8.23
1,2011,PHA,3.926
1,2011,STC,3.926
1,2011,JHM,3.926
1,2011,PLK,3.926
1,2011,HKK,3.926
1,2011,VYS,3.926
1,2011,KVK,3.926
1,2011,LBK,3.926
1,2011,PAK,3.926
1,2011,MSK,3.926
1,2011,OLK,3.926
1,2011,ULK,3.926
1,2011,ZLK,3.926
1,2011,JHC,3.926
2,2011,PHA,559.0
2,2011,STC,559.0
2,2011,JHM,559.0
2,2011,PLK,559.0
2,2011,HKK,559.0
2,2011,VYS,559.0
2,2011,KVK,559.0
2,2011,LBK,559.0
2,2011,PAK,559.0
2,2011,MSK,559.0
2,2011,OLK,559.0
2,2011,ULK,559.0
2,2011,ZLK,559.0
2,2011,JHC,559.0
3,2011,PHA,9.384
3,2011,STC,9.384
3,2011,JHM,9.384
3,2011,PLK,9.384
3,2011,HKK,9.384
3,2011,VYS,9.384
3,2011,KVK,9.384
3,2011,LBK,9.384
3,2011,PAK,9.384
3,2011,MSK,9.384
3,2011,OLK,9.384
3,2011,ULK,9.384
3,2011,ZLK,9.384
3,2011,JHC,9.384
4,2011,PHA,2.092
4,2011,STC,2.092
4,2011,JHM,2.092
4,2011,PLK,2.092
4,2011,HKK,2.092
4,2011,VYS,2.092
4,2011,KVK,2.092
4,2011,LBK,2.092
4,2011,PAK,2.092
4,2011,MSK,2.092
4,2011,OLK,2.092
4,2011,ULK,2.092
4,2011,ZLK,2.092
4,2011,JHC,2.092
5,2011,PHA,476.0
5,2011,STC,476.0
5,2011,JHM,476.0
5,2011,PLK,476.0
5,2011,HKK,476.0
5,2011,VYS,476.0
5,2011,KVK,476.0
5,2011,LBK,476.0
5,2011,PAK,476.0
5,2011,MSK,476.0
5,2011,OLK,476.0
5,2011,ULK,476.0
5,2011,ZLK,476.0
5,2011,JHC,476.0
6,2011,PHA,4.983
6,2011,STC,4.983
6,2011,JHM,4.983
6,2011,PLK,4.983
6,2011,HKK,4.983
6,2011,VYS,4.983
6,2011,KVK,4.983
6,2011,LBK,4.983
6,2011,PAK,4.983
6,2011,MSK,4.983
6,2011,OLK,4.983
6,2011,ULK,4.983
6,2011,ZLK,4.983
6,2011,JHC,4.983
7,2011,PHA,-3.777
7,2011,STC,-3.777
7,2011,JHM,-3.777
7,2011,PLK,-3.777
7,2011,HKK,-3.777
7,2011,VYS,-3.777
7,2011,KVK,-3.777
7,2011,LBK,-3.777
7,2011,PAK,-3.777
7,2011,MSK,-3.777
7,2011,OLK,-3.777
7,2011,ULK,-3.777
7,2011,ZLK,-3.777
7,2011,JHC,-3.777
8,2011,PHA,-14.425
8,2011,STC,-14.425
8,2011,JHM,-14.425
8,2011,PLK,-14.425
8,2011,HKK,-14.425
8,2011,VYS,-14.425
8,2011,KVK,-14.425
8,2011,LBK,-14.425
8,2011,PAK,-14.425
8,2011,MSK,-14.425
8,2011,OLK,-14.425
8,2011,ULK,-14.425
8,2011,ZLK,-14.425
8,2011,JHC,-14.425
9,2011,PHA,5.807
9,2011,STC,5.807
9,2011,JHM,5.807
9,2011,PLK,5.807
9,2011,HKK,5.807
9,2011,VYS,5.807
9,2011,KVK,5.807
9,2011,LBK,5.807
9,2011,PAK,5.807
9,2011,MSK,5.807
9,2011,OLK,5.807
9,2011,ULK,5.807
9,2011,ZLK,5.807
9,2011,JHC,5.807
10,2011,PHA,12.802
10,2011,STC,12.802
10,2011,JHM,12.802
10,2011,PLK,12.802
10,2011,HKK,12.802
10,2011,VYS,12.802
10,2011,KVK,12.802
10,2011,LBK,12.802
10,2011,PAK,12.802
10,2011,MSK,12.802
10,2011,OLK,12.802
10,2011,ULK,12.802
10,2011,ZLK,12.802
10,2011,JHC,12.802
11,2011,PHA,-668.0
11,2011,STC,-668.0
11,2011,JHM,-668.0
11,2011,PLK,-668.0
11,2011,HKK,-668.0
11,2011,VYS,-668.0
11,2011,KVK,-668.0
11,2011,LBK,-668.0
11,2011,PAK,-668.0
11,2011,MSK,-668.0
11,2011,OLK,-668.0
11,2011,ULK,-668.0
11,2011,ZLK,-668.0
11,2011,JHC,-668.0
12,2011,PHA,-9.182
12,2011,STC,-9.182
12,2011,JHM,-9.182
12,2011,PLK,-9.182
12,2011,HKK,-9.182
12,2011,VYS,-9.182
12,2011,KVK,-9.182
12,2011,LBK,-9.182
12,2011,PAK,-9.182
12,2011,MSK,-9.182
12,2011,OLK,-9.182
12,2011,ULK,-9.182
12,2011,ZLK,-9.182
12,2011,JHC,-9.182
1,2012,PHA,5.713
1,2012,STC,5.713
1,2012,JHM,5.713
1,2012,PLK,5.713
1,2012,HKK,5.713
1,2012,VYS,5.713
1,2012,KVK,5.713
1,2012,LBK,5.713
1,2012,PAK,5.713
1,2012,MSK,5.713
1,2012,OLK,5.713
1,2012,ULK,5.713
1,2012,ZLK,5.713
1,2012,JHC,5.713
2,2012,PHA,12.215
2,2012,STC,12.215
2,2012,JHM,12.215
2,2012,PLK,12.215
2,2012,HKK,12.215
2,2012,VYS,12.215
2,2012,KVK,12.215
2,2012,LBK,12.215
2,2012,PAK,12.215
2,2012,MSK,12.215
2,2012,OLK,12.215
2,2012,ULK,12.215
2,2012,ZLK,12.215
2,2012,JHC,12.215
3,2012,PHA,13.526
3,2012,STC,13.526
3,2012,JHM,13.526
3,2012,PLK,13.526
3,2012,HKK,13.526
3,2012,VYS,13.526
3,2012,KVK,13.526
3,2012,LBK,13.526
3,2012,PAK,13.526
3,2012,MSK,13.526
3,2012,OLK,13.526
3,2012,ULK,13.526
3,2012,ZLK,13.526
3,2012,JHC,13.526
4,2012,PHA,5.646
4,2012,STC,5.646
4,2012,JHM,5.646
4,2012,PLK,5.646
4,2012,HKK,5.646
4,2012,VYS,5.646
4,2012,KVK,5.646
4,2012,LBK,5.646
4,2012,PAK,5.646
4,2012,MSK,5.646
4,2012,OLK,5.646
4,2012,ULK,5.646
4,2012,ZLK,5.646
4,2012,JHC,5.646
5,2012,PHA,1.833
5,2012,STC,1.833
5,2012,JHM,1.833
5,2012,PLK,1.833
5,2012,HKK,1.833
5,2012,VYS,1.833
5,2012,KVK,1.833
5,2012,LBK,1.833
5,2012,PAK,1.833
5,2012,MSK,1.833
5,2012,OLK,1.833
5,2012,ULK,1.833
5,2012,ZLK,1.833
5,2012,JHC,1.833
6,2012,PHA,11.27
6,2012,STC,11.27
6,2012,JHM,11.27
6,2012,PLK,11.27
6,2012,HKK,11.27
6,2012,VYS,11.27
6,2012,KVK,11.27
6,2012,LBK,11.27
6,2012,PAK,11.27
6,2012,MSK,11.27
6,2012,OLK,11.27
6,2012,ULK,11.27
6,2012,ZLK,11.27
6,2012,JHC,11.27
7,2012,PHA,2.78
7,2012,STC,2.78
7,2012,JHM,2.78
7,2012,PLK,2.78
7,2012,HKK,2.78
7,2012,VYS,2.78
7,2012,KVK,2.78
7,2012,LBK,2.78
7,2012,PAK,2.78
7,2012,MSK,2.78
7,2012,OLK,2.78
7,2012,ULK,2.78
7,2012,ZLK,2.78
7,2012,JHC,2.78
8,2012,PHA,152.0
8,2012,STC,152.0
8,2012,JHM,152.0
8,2012,PLK,152.0
8,2012,HKK,152.0
8,2012,VYS,152.0
8,2012,KVK,152.0
8,2012,LBK,152.0
8,2012,PAK,152.0
8,2012,MSK,152.0
8,2012,OLK,152.0
8,2012,ULK,152.0
8,2012,ZLK,152.0
8,2012,JHC,152.0
9,2012,PHA,9.797
9,2012,STC,9.797
9,2012,JHM,9.797
9,2012,PLK,9.797
9,2012,HKK,9.797
9,2012,VYS,9.797
9,2012,KVK,9.797
9,2012,LBK,9.797
9,2012,PAK,9.797
9,2012,MSK,9.797
9,2012,OLK,9.797
9,2012,ULK,9.797
9,2012,ZLK,9.797
9,2012,JHC,9.797
10,2012,PHA,-110.0
10,2012,STC,-110.0
10,2012,JHM,-110.0
10,2012,PLK,-110.0
10,2012,HKK,-110.0
10,2012,VYS,-110.0
10,2012,KVK,-110.0
10,2012,LBK,-110.0
10,2012,PAK,-110.0
10,2012,MSK,-110.0
10,2012,OLK,-110.0
10,2012,ULK,-110.0
10,2012,ZLK,-110.0
10,2012,JHC,-110.0
11,2012,PHA,8.08
11,2012,STC,8.08
11,2012,JHM,8.08
11,2012,PLK,8.08
11,2012,HKK,8.08
11,2012,VYS,8.08
11,2012,KVK,8.08
11,2012,LBK,8.08
11,2012,PAK,8.08
11,2012,MSK,8.08
11,2012,OLK,8.08
11,2012,ULK,8.08
11,2012,ZLK,8.08
11,2012,JHC,8.08
12,2012,PHA,-6.492
12,2012,STC,-6.492
12,2012,JHM,-6.492
12,2012,PLK,-6.492
12,2012,HKK,-6.492
12,2012,VYS,-6.492
12,2012,KVK,-6.492
12,2012,LBK,-6.492
12,2012,PAK,-6.492
12,2012,MSK,-6.492
12,2012,OLK,-6.492
12,2012,ULK,-6.492
12,2012,ZLK,-6.492
12,2012,JHC,-6.492
1,2013,PHA,3.739
1,2013,STC,3.739
1,2013,JHM,3.739
1,2013,PLK,3.739
1,2013,HKK,3.739
1,2013,VYS,3.739
1,2013,KVK,3.739
1,2013,LBK,3.739
1,2013,PAK,3.739
1,2013,MSK,3.739
1,2013,OLK,3.739
1,2013,ULK,3.739
1,2013,ZLK,3.739
1,2013,JHC,3.739
2,2013,PHA,16.69
2,2013,STC,16.69
2,2013,JHM,16.69
2,2013,PLK,16.69
2,2013,HKK,16.69
2,2013,VYS,16.69
2,2013,KVK,16.69
2,2013,LBK,16.69
2,2013,PAK,16.69
2,2013,MSK,16.69
2,2013,OLK,16.69
2,2013,ULK,16.69
2,2013,ZLK,16.69
2,2013,JHC,16.69
3,2013,PHA,15.22
3,2013,STC,15.22
3,2013,JHM,15.22
3,2013,PLK,15.22
3,2013,HKK,15.22
3,2013,VYS,15.22
3,2013,KVK,15.22
3,2013,LBK,15.22
3,2013,PAK,15.22
3,2013,MSK,15.22
3,2013,OLK,15.22
3,2013,ULK,15.22
3,2013,ZLK,15.22
3,2013,JHC,15.22
4,2013,PHA,15.797
4,2013,STC,15.797
4,2013,JHM,15.797
4,2013,PLK,15.797
4,2013,HKK,15.797
4,2013,VYS,15.797
4,2013,KVK,15.797
4,2013,LBK,15.797
4,2013,PAK,15.797
4,2013,MSK,15.797
4,2013,OLK,15.797
4,2013,ULK,15.797
4,2013,ZLK,15.797
4,2013,JHC,15.797
5,2013,PHA,13.375
5,2013,STC,13.375
5,2013,JHM,13.375
5,2013,PLK,13.375
5,2013,HKK,13.375
5,2013,VYS,13.375
5,2013,KVK,13.375
5,2013,LBK,13.375
5,2013,PAK,13.375
5,2013,MSK,13.375
5,2013,OLK,13.375
5,2013,ULK,13.375
5,2013,ZLK,13.375
5,2013,JHC,13.375
6,2013,PHA,14.898
6,2013,STC,14.898
6,2013,JHM,14.898
6,2013,PLK,14.898
6,2013,HKK,14.898
6,2013,VYS,14.898
6,2013,KVK,14.898
6,2013,LBK,14.898
6,2013,PAK,14.898
6,2013,MSK,14.898
6,2013,OLK,14.898
6,2013,ULK,14.898
6,2013,ZLK,14.898
6,2013,JHC,14.898
7,2013,PHA,4.905
7,2013,STC,4.905
7,2013,JHM,4.905
7,2013,PLK,4.905
7,2013,HKK,4.905
7,2013,VYS,4.905
7,2013,KVK,4.905
7,2013,LBK,4.905
7,2013,PAK,4.905
7,2013,MSK,4.905
7,2013,OLK,4.905
7,2013,ULK,4.905
7,2013,ZLK,4.905
7,2013,JHC,4.905
8,2013,PHA,1.127
8,2013,STC,1.127
8,2013,JHM,1.127
8,2013,PLK,1.127
8,2013,HKK,1.127
8,2013,VYS,1.127
8,2013,KVK,1.127
8,2013,LBK,1.127
8,2013,PAK,1.127
8,2013,MSK,1.127
8,2013,OLK,1.127
8,2013,ULK,1.127
8,2013,ZLK,1.127
8,2013,JHC,1.127
9,2013,PHA,11.065
9,2013,STC,11.065
9,2013,JHM,11.065
9,2013,PLK,11.065
9,2013,HKK,11.065
9,2013,VYS,11.065
9,2013,KVK,11.065
9,2013,LBK,11.065
9,2013,PAK,11.065
9,2013,MSK,11.065
9,2013,OLK,11.065
9,2013,ULK,11.065
9,2013,ZLK,11.065
9,2013,JHC,11.065
10,2013,PHA,8.569
10,2013,STC,8.569
10,2013,JHM,8.569
10,2013,PLK,8.569
10,2013,HKK,8.569
10,2013,VYS,8.569
10,2013,KVK,8.569
10,2013,LBK,8.569
10,2013,PAK,8.569
10,2013,MSK,8.569
10,2013,OLK,8.569
10,2013,ULK,8.569
10,2013,ZLK,8.569
10,2013,JHC,8.569
11,2013,PHA,11.383
11,2013,STC,11.383
11,2013,JHM,11.383
11,2013,PLK,11.383
11,2013,HKK,11.383
11,2013,VYS,11.383
11,2013,KVK,11.383
11,2013,LBK,11.383
11,2013,PAK,11.383
11,2013,MSK,11.383
11,2013,OLK,11.383
11,2013,ULK,11.383
11,2013,ZLK,11.383
11,2013,JHC,11.383
12,2013,PHA,-10.25
12,2013,STC,-10.25
12,2013,JHM,-10.25
12,2013,PLK,-10.25
12,2013,HKK,-10.25
12,2013,VYS,-10.25
12,2013,KVK,-10.25
12,2013,LBK,-10.25
12,2013,PAK,-10.25
12,2013,MSK,-10.25
12,2013,OLK,-10.25
12,2013,ULK,-10.25
12,2013,ZLK,-10.25
12,2013,JHC,-10.25
1,2014,PHA,15.325
1,2014,STC,15.325
1,2014,JHM,15.325
1,2014,PLK,15.325
1,2014,HKK,15.325
1,2014,VYS,15.325
1,2014,KVK,15.325
1,2014,LBK,15.325
1,2014,PAK,15.325
1,2014,MSK,15.325
1,2014,OLK,15.325
1,2014,ULK,15.325
1,2014,ZLK,15.325
1,2014,JHC,15.325
2,2014,PHA,14.299
2,2014,STC,14.299
2,2014,JHM,14.299
2,2014,PLK,14.299
2,2014,HKK,14.299
2,2014,VYS,14.299
2,2014,KVK,14.299
2,2014,LBK,14.299
2,2014,PAK,14.299
2,2014,MSK,14.299
2,2014,OLK,14.299
2,2014,ULK,14.299
2,2014,ZLK,14.299
2,2014,JHC,14.299
3,2014,PHA,24.415
3,2014,STC,24.415
3,2014,JHM,24.415
3,2014,PLK,24.415
3,2014,HKK,24.415
3,2014,VYS,24.415
3,2014,KVK,24.415
3,2014,LBK,24.415
3,2014,PAK,24.415
3,2014,MSK,24.415
3,2014,OLK,24.415
3,2014,ULK,24.415
3,2014,ZLK,24.415
3,2014,JHC,24.415
4,2014,PHA,15.509
4,2014,STC,15.509
4,2014,JHM,15.509
4,2014,PLK,15.509
4,2014,HKK,15.509
4,2014,VYS,15.509
4,2014,KVK,15.509
4,2014,LBK,15.509
4,2014,PAK,15.509
4,2014,MSK,15.509
4,2014,OLK,15.509
4,2014,ULK,15.509
4,2014,ZLK,15.509
4,2014,JHC,15.509
5,2014,PHA,11.809
5,2014,STC,11.809
5,2014,JHM,11.809
5,2014,PLK,11.809
5,2014,HKK,11.809
5,2014,VYS,11.809
5,2014,KVK,11.809
5,2014,LBK,11.809
5,2014,PAK,11.809
5,2014,MSK,11.809
5,2014,OLK,11.809
5,2014,ULK,11.809
5,2014,ZLK,11.809
5,2014,JHC,11.809
6,2014,PHA,16.989
6,2014,STC,16.989
6,2014,JHM,16.989
6,2014,PLK,16.989
6,2014,HKK,16.989
6,2014,VYS,16.989
6,2014,KVK,16.989
6,2014,LBK,16.989
6,2014,PAK,16.989
6,2014,MSK,16.989
6,2014,OLK,16.989
6,2014,ULK,16.989
6,2014,ZLK,16.989
6,2014,JHC,16.989
7,2014,PHA,10.616
7,2014,STC,10.616
7,2014,JHM,10.616
7,2014,PLK,10.616
7,2014,HKK,10.616
7,2014,VYS,10.616
7,2014,KVK,10.616
7,2014,LBK,10.616
7,2014,PAK,10.616
7,2014,MSK,10.616
7,2014,OLK,10.616
7,2014,ULK,10.616
7,2014,ZLK,10.616
7,2014,JHC,10.616
8,2014,PHA,1.143
8,2014,STC,1.143
8,2014,JHM,1.143
8,2014,PLK,1.143
8,2014,HKK,1.143
8,2014,VYS,1.143
8,2014,KVK,1.143
8,2014,LBK,1.143
8,2014,PAK,1.143
8,2014,MSK,1.143
8,2014,OLK,1.143
8,2014,ULK,1.143
8,2014,ZLK,1.143
8,2014,JHC,1.143
9,2014,PHA,19.086
9,2014,STC,19.086
9,2014,JHM,19.086
9,2014,PLK,19.086
9,2014,HKK,19.086
9,2014,VYS,19.086
9,2014,KVK,19.086
9,2014,LBK,19.086
9,2014,PAK,19.086
9,2014,MSK,19.086
9,2014,OLK,19.086
9,2014,ULK,19.086
9,2014,ZLK,19.086
9,2014,JHC,19.086
10,2014,PHA,12.171
10,2014,STC,12.171
10,2014,JHM,12.171
10,2014,PLK,12.171
10,2014,HKK,12.171
10,2014,VYS,12.171
10,2014,KVK,12.171
10,2014,LBK,12.171
10,2014,PAK,12.171
10,2014,MSK,12.171
10,2014,OLK,12.171
10,2014,ULK,12.171
10,2014,ZLK,12.171
10,2014,JHC,12.171
11,2014,PHA,10.249
11,2014,STC,10.249
11,2014,JHM,10.249
11,2014,PLK,10.249
11,2014,HKK,10.249
11,2014,VYS,10.249
11,2014,KVK,10.249
11,2014,LBK,10.249
11,2014,PAK,10.249
11,2014,MSK,10.249
11,2014,OLK,10.249
11,2014,ULK,10.249
11,2014,ZLK,10.249
11,2014,JHC,10.249
12,2014,PHA,-5.602
12,2014,STC,-5.602
12,2014,JHM,-5.602
12,2014,PLK,-5.602
12,2014,HKK,-5.602
12,2014,VYS,-5.602
12,2014,KVK,-5.602
12,2014,LBK,-5.602
12,2014,PAK,-5.602
12,2014,MSK,-5.602
12,2014,OLK,-5.602
12,2014,ULK,-5.602
12,2014,ZLK,-5.602
12,2014,JHC,-5.602
1,2015,PHA,20.141
1,2015,STC,20.141
1,2015,JHM,20.141
1,2015,PLK,20.141
1,2015,HKK,20.141
1,2015,VYS,20.141
1,2015,KVK,20.141
1,2015,LBK,20.141
1,2015,PAK,20.141
1,2015,MSK,20.141
1,2015,OLK,20.141
1,2015,ULK,20.141
1,2015,ZLK,20.141
1,2015,JHC,20.141
2,2015,PHA,16.978
2,2015,STC,16.978
2,2015,JHM,16.978
2,2015,PLK,16.978
2,2015,HKK,16.978
2,2015,VYS,16.978
2,2015,KVK,16.978
2,2015,LBK,16.978
2,2015,PAK,16.978
2,2015,MSK,16.978
2,2015,OLK,16.978
2,2015,ULK,16.978
2,2015,ZLK,16.978
2,2015,JHC,16.978
3,2015,PHA,15.998
3,2015,STC,15.998
3,2015,JHM,15.998
3,2015,PLK,15.998
3,2015,HKK,15.998
3,2015,VYS,15.998
3,2015,KVK,15.998
3,2015,LBK,15.998
3,2015,PAK,15.998
3,2015,MSK,15.998
3,2015,OLK,15.998
3,2015,ULK,15.998
3,2015,ZLK,15.998
3,2015,JHC,15.998
4,2015,PHA,13.558
4,2015,STC,13.558
4,2015,JHM,13.558
4,2015,PLK,13.558
4,2015,HKK,13.558
4,2015,VYS,13.558
4,2015,KVK,13.558
4,2015,LBK,13.558
4,2015,PAK,13.558
4,2015,MSK,13.558
4,2015,OLK,13.558
4,2015,ULK,13.558
4,2015,ZLK,13.558
4,2015,JHC,13.558
5,2015,PHA,7.673
5,2015,STC,7.673
5,2015,JHM,7.673
5,2015,PLK,7.673
5,2015,HKK,7.673
5,2015,VYS,7.673
5,2015,KVK,7.673
5,2015,LBK,7.673
5,2015,PAK,7.673
5,2015,MSK,7.673
5,2015,OLK,7.673
5,2015,ULK,7.673
5,2015,ZLK,7.673
5,2015,JHC,7.673
6,2015,PHA,14.352
6,2015,STC,14.352
6,2015,JHM,14.352
6,2015,PLK,14.352
6,2015,HKK,14.352
6,2015,VYS,14.352
6,2015,KVK,14.352
6,2015,LBK,14.352
6,2015,PAK,14.352
6,2015,MSK,14.352
6,2015,OLK,14.352
6,2015,ULK,14.352
6,2015,ZLK,14.352
6,2015,JHC,14.352
7,2015,PHA,4.362
7,2015,STC,4.362
7,2015,JHM,4.362
7,2015,PLK,4.362
7,2015,HKK,4.362
7,2015,VYS,4.362
7,2015,KVK,4.362
7,2015,LBK,4.362
7,2015,PAK,4.362
7,2015,MSK,4.362
7,2015,OLK,4.362
7,2015,ULK,4.362
7,2015,ZLK,4.362
7,2015,JHC,4.362
8,2015,PHA,-1.726
8,2015,STC,-1.726
8,2015,JHM,-1.726
8,2015,PLK,-1.726
8,2015,HKK,-1.726
8,2015,VYS,-1.726
8,2015,KVK,-1.726
8,2015,LBK,-1.726
8,2015,PAK,-1.726
8,2015,MSK,-1.726
8,2015,OLK,-1.726
8,2015,ULK,-1.726
8,2015,ZLK,-1.726
8,2015,JHC,-1.726
9,2015,PHA,15.976
9,2015,STC,15.976
9,2015,JHM,15.976
9,2015,PLK,15.976
9,2015,HKK,15.976
9,2015,VYS,15.976
9,2015,KVK,15.976
9,2015,LBK,15.976
9,2015,PAK,15.976
9,2015,MSK,15.976
9,2015,OLK,15.976
9,2015,ULK,15.976
9,2015,ZLK,15.976
9,2015,JHC,15.976
10,2015,PHA,15.176
10,2015,STC,15.176
10,2015,JHM,15.176
10,2015,PLK,15.176
10,2015,HKK,15.176
10,2015,VYS,15.176
10,2015,KVK,15.176
10,2015,LBK,15.176
10,2015,PAK,15.176
10,2015,MSK,15.176
10,2015,OLK,15.176
10,2015,ULK,15.176
10,2015,ZLK,15.176
10,2015,JHC,15.176
11,2015,PHA,9.644
11,2015,STC,9.644
11,2015,JHM,9.644
11,2015,PLK,9.644
11,2015,HKK,9.644
11,2015,VYS,9.644
11,2015,KVK,9.644
11,2015,LBK,9.644
11,2015,PAK,9.644
11,2015,MSK,9.644
11,2015,OLK,9.644
11,2015,ULK,9.644
11,2015,ZLK,9.644
11,2015,JHC,9.644
12,2015,PHA,-1.156
12,2015,STC,-1.156
12,2015,JHM,-1.156
12,2015,PLK,-1.156
12,2015,HKK,-1.156
12,2015,VYS,-1.156
12,2015,KVK,-1.156
12,2015,LBK,-1.156
12,2015,PAK,-1.156
12,2015,MSK,-1.156
12,2015,OLK,-1.156
12,2015,ULK,-1.156
12,2015,ZLK,-1.156
12,2015,JHC,-1.156
1,2016,PHA,20.89
1,2016,STC,20.89
1,2016,JHM,20.89
1,2016,PLK,20.89
1,2016,HKK,20.89
1,2016,VYS,20.89
1,2016,KVK,20.89
1,2016,LBK,20.89
1,2016,PAK,20.89
1,2016,MSK,20.89
1,2016,OLK,20.89
1,2016,ULK,20.89
1,2016,ZLK,20.89
1,2016,JHC,20.89
2,2016,PHA,19.896
2,2016,STC,19.896
2,2016,JHM,19.896
2,2016,PLK,19.896
2,2016,HKK,19.896
2,2016,VYS,19.896
2,2016,KVK,19.896
2,2016,LBK,19.896
2,2016,PAK,19.896
2,2016,MSK,19.896
2,2016,OLK,19.896
2,2016,ULK,19.896
2,2016,ZLK,19.896
2,2016,JHC,19.896
3,2016,PHA,20.927
3,2016,STC,20.927
3,2016,JHM,20.927
3,2016,PLK,20.927
3,2016,HKK,20.927
3,2016,VYS,20.927
3,2016,KVK,20.927
3,2016,LBK,20.927
3,2016,PAK,20.927
3,2016,MSK,20.927
3,2016,OLK,20.927
3,2016,ULK,20.927
3,2016,ZLK,20.927
3,2016,JHC,20.927
4,2016,PHA,23.863
4,2016,STC,23.863
4,2016,JHM,23.863
4,2016,PLK,23.863
4,2016,HKK,23.863
4,2016,VYS,23.863
4,2016,KVK,23.863
4,2016,LBK,23.863
4,2016,PAK,23.863
4,2016,MSK,23.863
4,2016,OLK,23.863
4,2016,ULK,23.863
4,2016,ZLK,23.863
4,2016,JHC,23.863
5,2016,PHA,16.877
5,2016,STC,16.877
5,2016,JHM,16.877
5,2016,PLK,16.877
5,2016,HKK,16.877
5,2016,VYS,16.877
5,2016,KVK,16.877
5,2016,LBK,16.877
5,2016,PAK,16.877
5,2016,MSK,16.877
5,2016,OLK,16.877
5,2016,ULK,16.877
5,2016,ZLK,16.877
5,2016,JHC,16.877
6,2016,PHA,20.045
6,2016,STC,20.045
6,2016,JHM,20.045
6,2016,PLK,20.045
6,2016,HKK,20.045
6,2016,VYS,20.045
6,2016,KVK,20.045
6,2016,LBK,20.045
6,2016,PAK,20.045
6,2016,MSK,20.045
6,2016,OLK,20.045
6,2016,ULK,20.045
6,2016,ZLK,20.045
6,2016,JHC,20.045
7,2016,PHA,-209.0
7,2016,STC,-209.0
7,2016,JHM,-209.0
7,2016,PLK,-209.0
7,2016,HKK,-209.0
7,2016,VYS,-209.0
7,2016,KVK,-209.0
7,2016,LBK,-209.0
7,2016,PAK,-209.0
7,2016,MSK,-209.0
7,2016,OLK,-209.0
7,2016,ULK,-209.0
7,2016,ZLK,-209.0
7,2016,JHC,-209.0
8,2016,PHA,7.325
8,2016,STC,7.325
8,2016,JHM,7.325
8,2016,PLK,7.325
8,2016,HKK,7.325
8,2016,VYS,7.325
8,2016,KVK,7.325
8,2016,LBK,7.325
8,2016,PAK,7.325
8,2016,MSK,7.325
8,2016,OLK,7.325
8,2016,ULK,7.325
8,2016,ZLK,7.325
8,2016,JHC,7.325
9,2016,PHA,19.371
9,2016,STC,19.371
9,2016,JHM,19.371
9,2016,PLK,19.371
9,2016,HKK,19.371
9,2016,VYS,19.371
9,2016,KVK,19.371
9,2016,LBK,19.371
9,2016,PAK,19.371
9,2016,MSK,19.371
9,2016,OLK,19.371
9,2016,ULK,19.371
9,2016,ZLK,19.371
9,2016,JHC,19.371
10,2016,PHA,14.699
10,2016,STC,14.699
10,2016,JHM,14.699
10,2016,PLK,14.699
10,2016,HKK,14.699
10,2016,VYS,14.699
10,2016,KVK,14.699
10,2016,LBK,14.699
10,2016,PAK,14.699
10,2016,MSK,14.699
10,2016,OLK,14.699
10,2016,ULK,14.699
10,2016,ZLK,14.699
10,2016,JHC,14.699
11,2016,PHA,8.328
11,2016,STC,8.328
11,2016,JHM,8.328
11,2016,PLK,8.328
11,2016,HKK,8.328
11,2016,VYS,8.328
11,2016,KVK,8.328
11,2016,LBK,8.328
11,2016,PAK,8.328
11,2016,MSK,8.328
11,2016,OLK,8.328
11,2016,ULK,8.328
11,2016,ZLK,8.328
11,2016,JHC,8.328
12,2016,PHA,-8.357
12,2016,STC,-8.357
12,2016,JHM,-8.357
12,2016,PLK,-8.357
12,2016,HKK,-8.357
12,2016,VYS,-8.357
12,2016,KVK,-8.357
12,2016,LBK,-8.357
12,2016,PAK,-8.357
12,2016,MSK,-8.357
12,2016,OLK,-8.357
12,2016,ULK,-8.357
12,2016,ZLK,-8.357
12,2016,JHC,-8.357
1,2017,PHA,23.257
1,2017,STC,23.257
1,2017,JHM,23.257
1,2017,PLK,23.257
1,2017,HKK,23.257
1,2017,VYS,23.257
1,2017,KVK,23.257
1,2017,LBK,23.257
1,2017,PAK,23.257
1,2017,MSK,23.257
1,2017,OLK,23.257
1,2017,ULK,23.257
1,2017,ZLK,23.257
1,2017,JHC,23.257
2,2017,PHA,22.608
2,2017,STC,22.608
2,2017,JHM,22.608
2,2017,PLK,22.608
2,2017,HKK,22.608
2,2017,VYS,22.608
2,2017,KVK,22.608
2,2017,LBK,22.608
2,2017,PAK,22.608
2,2017,MSK,22.608
2,2017,OLK,22.608
2,2017,ULK,22.608
2,2017,ZLK,22.608
2,2017,JHC,22.608
3,2017,PHA,27.435
3,2017,STC,27.435
3,2017,JHM,27.435
3,2017,PLK,27.435
3,2017,HKK,27.435
3,2017,VYS,27.435
3,2017,KVK,27.435
3,2017,LBK,27.435
3,2017,PAK,27.435
3,2017,MSK,27.435
3,2017,OLK,27.435
3,2017,ULK,27.435
3,2017,ZLK,27.435
3,2017,JHC,27.435
4,2017,PHA,14.901
4,2017,STC,14.901
4,2017,JHM,14.901
4,2017,PLK,14.901
4,2017,HKK,14.901
4,2017,VYS,14.901
4,2017,KVK,14.901
4,2017,LBK,14.901
4,2017,PAK,14.901
4,2017,MSK,14.901
4,2017,OLK,14.901
4,2017,ULK,14.901
4,2017,ZLK,14.901
4,2017,JHC,14.901
5,2017,PHA,16.179
5,2017,STC,16.179
5,2017,JHM,16.179
5,2017,PLK,16.179
5,2017,HKK,16.179
5,2017,VYS,16.179
5,2017,KVK,16.179
5,2017,LBK,16.179
5,2017,PAK,16.179
5,2017,MSK,16.179
5,2017,OLK,16.179
5,2017,ULK,16.179
5,2017,ZLK,16.179
5,2017,JHC,16.179
6,2017,PHA,20.706
6,2017,STC,20.706
6,2017,JHM,20.706
6,2017,PLK,20.706
6,2017,HKK,20.706
6,2017,VYS,20.706
6,2017,KVK,20.706
6,2017,LBK,20.706
6,2017,PAK,20.706
6,2017,MSK,20.706
6,2017,OLK,20.706
6,2017,ULK,20.706
6,2017,ZLK,20.706
6,2017,JHC,20.706
7,2017,PHA,-1.944
7,2017,STC,-1.944
7,2017,JHM,-1.944
7,2017,PLK,-1.944
7,2017,HKK,-1.944
7,2017,VYS,-1.944
7,2017,KVK,-1.944
7,2017,LBK,-1.944
7,2017,PAK,-1.944
7,2017,MSK,-1.944
7,2017,OLK,-1.944
7,2017,ULK,-1.944
7,2017,ZLK,-1.944
7,2017,JHC,-1.944
8,2017,PHA,4.916
8,2017,STC,4.916
8,2017,JHM,4.916
8,2017,PLK,4.916
8,2017,HKK,4.916
8,2017,VYS,4.916
8,2017,KVK,4.916
8,2017,LBK,4.916
8,2017,PAK,4.916
8,2017,MSK,4.916
8,2017,OLK,4.916
8,2017,ULK,4.916
8,2017,ZLK,4.916
8,2017,JHC,4.916
9,2017,PHA,18.709
9,2017,STC,18.709
9,2017,JHM,18.709
9,2017,PLK,18.709
9,2017,HKK,18.709
9,2017,VYS,18.709
9,2017,KVK,18.709
9,2017,LBK,18.709
9,2017,PAK,18.709
9,2017,MSK,18.709
9,2017,OLK,18.709
9,2017,ULK,18.709
9,2017,ZLK,18.709
9,2017,JHC,18.709
10,2017,PHA,9.094
10,2017,STC,9.094
10,2017,JHM,9.094
10,2017,PLK,9.094
10,2017,HKK,9.094
10,2017,VYS,9.094
10,2017,KVK,9.094
10,2017,LBK,9.094
10,2017,PAK,9.094
10,2017,MSK,9.094
10,2017,OLK,9.094
10,2017,ULK,9.094
10,2017,ZLK,9.094
10,2017,JHC,9.094
11,2017,PHA,11.264
11,2017,STC,11.264
11,2017,JHM,11.264
11,2017,PLK,11.264
11,2017,HKK,11.264
11,2017,VYS,11.264
11,2017,KVK,11.264
11,2017,LBK,11.264
11,2017,PAK,11.264
11,2017,MSK,11.264
11,2017,OLK,11.264
11,2017,ULK,11.264
11,2017,ZLK,11.264
11,2017,JHC,11.264
12,2017,PHA,-3.659
12,2017,STC,-3.659
12,2017,JHM,-3.659
12,2017,PLK,-3.659
12,2017,HKK,-3.659
12,2017,VYS,-3.659
12,2017,KVK,-3.659
12,2017,LBK,-3.659
12,2017,PAK,-3.659
12,2017,MSK,-3.659
12,2017,OLK,-3.659
12,2017,ULK,-3.659
12,2017,ZLK,-3.659
12,2017,JHC,-3.659
1,2018,PHA,20.146
1,2018,STC,20.146
1,2018,JHM,20.146
1,2018,PLK,20.146
1,2018,HKK,20.146
1,2018,VYS,20.146
1,2018,KVK,20.146
1,2018,LBK,20.146
1,2018,PAK,20.146
1,2018,MSK,20.146
1,2018,OLK,20.146
1,2018,ULK,20.146
1,2018,ZLK,20.146
1,2018,JHC,20.146
2,2018,PHA,18.32
2,2018,STC,18.32
2,2018,JHM,18.32
2,2018,PLK,18.32
2,2018,HKK,18.32
2,2018,VYS,18.32
2,2018,KVK,18.32
2,2018,LBK,18.32
2,2018,PAK,18.32
2,2018,MSK,18.32
2,2018,OLK,18.32
2,2018,ULK,18.32
2,2018,ZLK,18.32
2,2018,JHC,18.32
3,2018,PHA,16.973
3,2018,STC,16.973
3,2018,JHM,16.973
3,2018,PLK,16.973
3,2018,HKK,16.973
3,2018,VYS,16.973
3,2018,KVK,16.973
3,2018,LBK,16.973
3,2018,PAK,16.973
3,2018,MSK,16.973
3,2018,OLK,16.973
3,2018,ULK,16.973
3,2018,ZLK,16.973
3,2018,JHC,16.973
4,2018,PHA,15.486
4,2018,STC,15.486
4,2018,JHM,15.486
4,2018,PLK,15.486
4,2018,HKK,15.486
4,2018,VYS,15.486
4,2018,KVK,15.486
4,2018,LBK,15.486
4,2018,PAK,15.486
4,2018,MSK,15.486
4,2018,OLK,15.486
4,2018,ULK,15.486
4,2018,ZLK,15.486
4,2018,JHC,15.486
5,2018,PHA,6.735
5,2018,STC,6.735
5,2018,JHM,6.735
5,2018,PLK,6.735
5,2018,HKK,6.735
5,2018,VYS,6.735
5,2018,KVK,6.735
5,2018,LBK,6.735
5,2018,PAK,6.735
5,2018,MSK,6.735
5,2018,OLK,6.735
5,2018,ULK,6.735
5,2018,ZLK,6.735
5,2018,JHC,6.735
6,2018,PHA,13.241
6,2018,STC,13.241
6,2018,JHM,13.241
6,2018,PLK,13.241
6,2018,HKK,13.241
6,2018,VYS,13.241
6,2018,KVK,13.241
6,2018,LBK,13.241
6,2018,PAK,13.241
6,2018,MSK,13.241
6,2018,OLK,13.241
6,2018,ULK,13.241
6,2018,ZLK,13.241
6,2018,JHC,13.241
7,2018,PHA,-8.228
7,2018,STC,-8.228
7,2018,JHM,-8.228
7,2018,PLK,-8.228
7,2018,HKK,-8.228
7,2018,VYS,-8.228
7,2018,KVK,-8.228
7,2018,LBK,-8.228
7,2018,PAK,-8.228
7,2018,MSK,-8.228
7,2018,OLK,-8.228
7,2018,ULK,-8.228
7,2018,ZLK,-8.228
7,2018,JHC,-8.228
8,2018,PHA,-6.764
8,2018,STC,-6.764
8,2018,JHM,-6.764
8,2018,PLK,-6.764
8,2018,HKK,-6.764
8,2018,VYS,-6.764
8,2018,KVK,-6.764
8,2018,LBK,-6.764
8,2018,PAK,-6.764
8,2018,MSK,-6.764
8,2018,OLK,-6.764
8,2018,ULK,-6.764
8,2018,ZLK,-6.764
8,2018,JHC,-6.764
9,2018,PHA,10.72
9,2018,STC,10.72
9,2018,JHM,10.72
9,2018,PLK,10.72
9,2018,HKK,10.72
9,2018,VYS,10.72
9,2018,KVK,10.72
9,2018,LBK,10.72
9,2018,PAK,10.72
9,2018,MSK,10.72
9,2018,OLK,10.72
9,2018,ULK,10.72
9,2018,ZLK,10.72
9,2018,JHC,10.72
10,2018,PHA,-645.0
10,2018,STC,-645.0
10,2018,JHM,-645.0
10,2018,PLK,-645.0
10,2018,HKK,-645.0
10,2018,VYS,-645.0
10,2018,KVK,-645.0
10,2018,LBK,-645.0
10,2018,PAK,-645.0
10,2018,MSK,-645.0
10,2018,OLK,-645.0
10,2018,ULK,-645.0
10,2018,ZLK,-645.0
10,2018,JHC,-645.0
11,2018,PHA,17.098
11,2018,STC,17.098
11,2018,JHM,17.098
11,2018,PLK,17.098
11,2018,HKK,17.098
11,2018,VYS,17.098
11,2018,KVK,17.098
11,2018,LBK,17.098
11,2018,PAK,17.098
11,2018,MSK,17.098
11,2018,OLK,17.098
11,2018,ULK,17.098
11,2018,ZLK,17.098
11,2018,JHC,17.098
12,2018,PHA,-4.615
12,2018,STC,-4.615
12,2018,JHM,-4.615
12,2018,PLK,-4.615
12,2018,HKK,-4.615
12,2018,VYS,-4.615
12,2018,KVK,-4.615
12,2018,LBK,-4.615
12,2018,PAK,-4.615
12,2018,MSK,-4.615
12,2018,OLK,-4.615
12,2018,ULK,-4.615
12,2018,ZLK,-4.615
12,2018,JHC,-4.615
1,2019,PHA,16.978
1,2019,STC,16.978
1,2019,JHM,16.978
1,2019,PLK,16.978
1,2019,HKK,16.978
1,2019,VYS,16.978
1,2019,KVK,16.978
1,2019,LBK,16.978
1,2019,PAK,16.978
1,2019,MSK,16.978
1,2019,OLK,16.978
1,2019,ULK,16.978
1,2019,ZLK,16.978
1,2019,JHC,16.978
2,2019,PHA,15.512
2,2019,STC,15.512
2,2019,JHM,15.512
2,2019,PLK,15.512
2,2019,HKK,15.512
2,2019,VYS,15.512
2,2019,KVK,15.512
2,2019,LBK,15.512
2,2019,PAK,15.512
2,2019,MSK,15.512
2,2019,OLK,15.512
2,2019,ULK,15.512
2,2019,ZLK,15.512
2,2019,JHC,15.512
3,2019,PHA,15.755
3,2019,STC,15.755
3,2019,JHM,15.755
3,2019,PLK,15.755
3,2019,HKK,15.755
3,2019,VYS,15.755
3,2019,KVK,15.755
3,2019,LBK,15.755
3,2019,PAK,15.755
3,2019,MSK,15.755
3,2019,OLK,15.755
3,2019,ULK,15.755
3,2019,ZLK,15.755
3,2019,JHC,15.755
4,2019,PHA,15.874
4,2019,STC,15.874
4,2019,JHM,15.874
4,2019,PLK,15.874
4,2019,HKK,15.874
4,2019,VYS,15.874
4,2019,KVK,15.874
4,2019,LBK,15.874
4,2019,PAK,15.874
4,2019,MSK,15.874
4,2019,OLK,15.874
4,2019,ULK,15.874
4,2019,ZLK,15.874
4,2019,JHC,15.874
5,2019,PHA,24.158
5,2019,STC,24.158
5,2019,JHM,24.158
5,2019,PLK,24.158
5,2019,HKK,24.158
5,2019,VYS,24.158
5,2019,KVK,24.158
5,2019,LBK,24.158
5,2019,PAK,24.158
5,2019,MSK,24.158
5,2019,OLK,24.158
5,2019,ULK,24.158
5,2019,ZLK,24.158
5,2019,JHC,24.158
6,2019,PHA,16.962
6,2019,STC,16.962
6,2019,JHM,16.962
6,2019,PLK,16.962
6,2019,HKK,16.962
6,2019,VYS,16.962
6,2019,KVK,16.962
6,2019,LBK,16.962
6,2019,PAK,16.962
6,2019,MSK,16.962
6,2019,OLK,16.962
6,2019,ULK,16.962
6,2019,ZLK,16.962
6,2019,JHC,16.962
7,2019,PHA,-1.743
7,2019,STC,-1.743
7,2019,JHM,-1.743
7,2019,PLK,-1.743
7,2019,HKK,-1.743
7,2019,VYS,-1.743
7,2019,KVK,-1.743
7,2019,LBK,-1.743
7,2019,PAK,-1.743
7,2019,MSK,-1.743
7,2019,OLK,-1.743
7,2019,ULK,-1.743
7,2019,ZLK,-1.743
7,2019,JHC,-1.743
8,2019,PHA,9.233
8,2019,STC,9.233
8,2019,JHM,9.233
8,2019,PLK,9.233
8,2019,HKK,9.233
8,2019,VYS,9.233
8,2019,KVK,9.233
8,2019,LBK,9.233
8,2019,PAK,9.233
8,2019,MSK,9.233
8,2019,OLK,9.233
8,2019,ULK,9.233
8,2019,ZLK,9.233
8,2019,JHC,9.233
9,2019,PHA,20.042
9,2019,STC,20.042
9,2019,JHM,20.042
9,2019,PLK,20.042
9,2019,HKK,20.042
9,2019,VYS,20.042
9,2019,KVK,20.042
9,2019,LBK,20.042
9,2019,PAK,20.042
9,2019,MSK,20.042
9,2019,OLK,20.042
9,2019,ULK,20.042
9,2019,ZLK,20.042
9,2019,JHC,20.042
10,2019,PHA,8.967
10,2019,STC,8.967
10,2019,JHM,8.967
10,2019,PLK,8.967
10,2019,HKK,8.967
10,2019,VYS,8.967
10,2019,KVK,8.967
10,2019,LBK,8.967
10,2019,PAK,8.967
10,2019,MSK,8.967
10,2019,OLK,8.967
10,2019,ULK,8.967
10,2019,ZLK,8.967
10,2019,JHC,8.967
11,2019,PHA,12.182
11,2019,STC,12.182
11,2019,JHM,12.182
11,2019,PLK,12.182
11,2019,HKK,12.182
11,2019,VYS,12.182
11,2019,KVK,12.182
11,2019,LBK,12.182
11,2019,PAK,12.182
11,2019,MSK,12.182
11,2019,OLK,12.182
11,2019,ULK,12.182
11,2019,ZLK,12.182
11,2019,JHC,12.182
12,2019,PHA,-8.225
12,2019,STC,-8.225
12,2019,JHM,-8.225
12,2019,PLK,-8.225
12,2019,HKK,-8.225
12,2019,VYS,-8.225
12,2019,KVK,-8.225
12,2019,LBK,-8.225
12,2019,PAK,-8.225
12,2019,MSK,-8.225
12,2019,OLK,-8.225
12,2019,ULK,-8.225
12,2019,ZLK,-8.225
12,2019,JHC,-8.225
1,2020,PHA,16.739
1,2020,STC,16.739
1,2020,JHM,16.739
1,2020,PLK,16.739
1,2020,HKK,16.739
1,2020,VYS,16.739
1,2020,KVK,16.739
1,2020,LBK,16.739
1,2020,PAK,16.739
1,2020,MSK,16.739
1,2020,OLK,16.739
1,2020,ULK,16.739
1,2020,ZLK,16.739
1,2020,JHC,16.739
2,2020,PHA,19.66
2,2020,STC,19.66
2,2020,JHM,19.66
2,2020,PLK,19.66
2,2020,HKK,19.66
2,2020,VYS,19.66
2,2020,KVK,19.66
2,2020,LBK,19.66
2,2020,PAK,19.66
2,2020,MSK,19.66
2,2020,OLK,19.66
2,2020,ULK,19.66
2,2020,ZLK,19.66
2,2020,JHC,19.66
3,2020,PHA,-216.0
3,2020,STC,-216.0
3,2020,JHM,-216.0
3,2020,PLK,-216.0
3,2020,HKK,-216.0
3,2020,VYS,-216.0
3,2020,KVK,-216.0
3,2020,LBK,-216.0
3,2020,PAK,-216.0
3,2020,MSK,-216.0
3,2020,OLK,-216.0
3,2020,ULK,-216.0
3,2020,ZLK,-216.0
3,2020,JHC,-216.0
4,2020,PHA,-24.102
4,2020,STC,-24.102
4,2020,JHM,-24.102
4,2020,PLK,-24.102
4,2020,HKK,-24.102
4,2020,VYS,-24.102
4,2020,KVK,-24.102
4,2020,LBK,-24.102
4,2020,PAK,-24.102
4,2020,MSK,-24.102
4,2020,OLK,-24.102
4,2020,ULK,-24.102
4,2020,ZLK,-24.102
4,2020,JHC,-24.102
5,2020,PHA,-496.0
5,2020,STC,-496.0
5,2020,JHM,-496.0
5,2020,PLK,-496.0
5,2020,HKK,-496.0
5,2020,VYS,-496.0
5,2020,KVK,-496.0
5,2020,LBK,-496.0
5,2020,PAK,-496.0
5,2020,MSK,-496.0
5,2020,OLK,-496.0
5,2020,ULK,-496.0
5,2020,ZLK,-496.0
5,2020,JHC,-496.0
6,2020,PHA,33.89
6,2020,STC,33.89
6,2020,JHM,33.89
6,2020,PLK,33.89
6,2020,HKK,33.89
6,2020,VYS,33.89
6,2020,KVK,33.89
6,2020,LBK,33.89
6,2020,PAK,33.89
6,2020,MSK,33.89
6,2020,OLK,33.89
6,2020,ULK,33.89
6,2020,ZLK,33.89
6,2020,JHC,33.89
7,2020,PHA,13.95
7,2020,STC,13.95
7,2020,JHM,13.95
7,2020,PLK,13.95
7,2020,HKK,13.95
7,2020,VYS,13.95
7,2020,KVK,13.95
7,2020,LBK,13.95
7,2020,PAK,13.95
7,2020,MSK,13.95
7,2020,OLK,13.95
7,2020,ULK,13.95
7,2020,ZLK,13.95
7,2020,JHC,13.95
8,2020,PHA,7.455
8,2020,STC,7.455
8,2020,JHM,7.455
8,2020,PLK,7.455
8,2020,HKK,7.455
8,2020,VYS,7.455
8,2020,KVK,7.455
8,2020,LBK,7.455
8,2020,PAK,7.455
8,2020,MSK,7.455
8,2020,OLK,7.455
8,2020,ULK,7.455
8,2020,ZLK,7.455
8,2020,JHC,7.455
9,2020,PHA,33.882
9,2020,STC,33.882
9,2020,JHM,33.882
9,2020,PLK,33.882
9,2020,HKK,33.882
9,2020,VYS,33.882
9,2020,KVK,33.882
9,2020,LBK,33.882
9,2020,PAK,33.882
9,2020,MSK,33.882
9,2020,OLK,33.882
9,2020,ULK,33.882
9,2020,ZLK,33.882
9,2020,JHC,33.882
10,2020,PHA,31.042
10,2020,STC,31.042
10,2020,JHM,31.042
10,2020,PLK,31.042
10,2020,HKK,31.042
10,2020,VYS,31.042
10,2020,KVK,31.042
10,2020,LBK,31.042
10,2020,PAK,31.042
10,2020,MSK,31.042
10,2020,OLK,31.042
10,2020,ULK,31.042
10,2020,ZLK,31.042
10,2020,JHC,31.042
11,2020,PHA,32.052
11,2020,STC,32.052
11,2020,JHM,32.052
11,2020,PLK,32.052
11,2020,HKK,32.052
11,2020,VYS,32.052
11,2020,KVK,32.052
11,2020,LBK,32.052
11,2020,PAK,32.052
11,2020,MSK,32.052
11,2020,OLK,32.052
11,2020,ULK,32.052
11,2020,ZLK,32.052
11,2020,JHC,32.052
12,2020,PHA,15.786
12,2020,STC,15.786
12,2020,JHM,15.786
12,2020,PLK,15.786
12,2020,HKK,15.786
12,2020,VYS,15.786
12,2020,KVK,15.786
12,2020,LBK,15.786
12,2020,PAK,15.786
12,2020,MSK,15.786
12,2020,OLK,15.786
12,2020,ULK,15.786
12,2020,ZLK,15.786
12,2020,JHC,15.786
1,2021,PHA,24.415
1,2021,STC,24.415
1,2021,JHM,24.415
1,2021,PLK,24.415
1,2021,HKK,24.415
1,2021,VYS,24.415
1,2021,KVK,24.415
1,2021,LBK,24.415
1,2021,PAK,24.415
1,2021,MSK,24.415
1,2021,OLK,24.415
1,2021,ULK,24.415
1,2021,ZLK,24.415
1,2021,JHC,24.415
2,2021,PHA,20.291
2,2021,STC,20.291
2,2021,JHM,20.291
2,2021,PLK,20.291
2,2021,HKK,20.291
2,2021,VYS,20.291
2,2021,KVK,20.291
2,2021,LBK,20.291
2,2021,PAK,20.291
2,2021,MSK,20.291
2,2021,OLK,20.291
2,2021,ULK,20.291
2,2021,ZLK,20.291
2,2021,JHC,20.291
3,2021,PHA,16.211
3,2021,STC,16.211
3,2021,JHM,16.211
3,2021,PLK,16.211
3,2021,HKK,16.211
3,2021,VYS,16.211
3,2021,KVK,16.211
3,2021,LBK,16.211
3,2021,PAK,16.211
3,2021,MSK,16.211
3,2021,OLK,16.211
3,2021,ULK,16.211
3,2021,ZLK,16.211
3,2021,JHC,16.211
4,2021,PHA,19.309
4,2021,STC,19.309
4,2021,JHM,19.309
4,2021,PLK,19.309
4,2021,HKK,19.309
4,2021,VYS,19.309
4,2021,KVK,19.309
4,2021,LBK,19.309
4,2021,PAK,19.309
4,2021,MSK,19.309
4,2021,OLK,19.309
4,2021,ULK,19.309
4,2021,ZLK,19.309
4,2021,JHC,19.309
5,2021,PHA,3.442
5,2021,STC,3.442
5,2021,JHM,3.442
5,2021,PLK,3.442
5,2021,HKK,3.442
5,2021,VYS,3.442
5,2021,KVK,3.442
5,2021,LBK,3.442
5,2021,PAK,3.442
5,2021,MSK,3.442
5,2021,OLK,3.442
5,2021,ULK,3.442
5,2021,ZLK,3.442
5,2021,JHC,3.442
6,2021,PHA,-8.903
6,2021,STC,-8.903
6,2021,JHM,-8.903
6,2021,PLK,-8.903
6,2021,HKK,-8.903
6,2021,VYS,-8.903
6,2021,KVK,-8.903
6,2021,LBK,-8.903
6,2021,PAK,-8.903
6,2021,MSK,-8.903
6,2021,OLK,-8.903
6,2021,ULK,-8.903
6,2021,ZLK,-8.903
6,2021,JHC,-8.903
7,2021,PHA,-10.451
7,2021,STC,-10.451
7,2021,JHM,-10.451
7,2021,PLK,-10.451
7,2021,HKK,-10.451
7,2021,VYS,-10.451
7,2021,KVK,-10.451
7,2021,LBK,-10.451
7,2021,PAK,-10.451
7,2021,MSK,-10.451
7,2021,OLK,-10.451
7,2021,ULK,-10.451
7,2021,ZLK,-10.451
7,2021,JHC,-10.451
8,2021,PHA,-27.75
8,2021,STC,-27.75
8,2021,JHM,-27.75
8,2021,PLK,-27.75
8,2021,HKK,-27.75
8,2021,VYS,-27.75
8,2021,KVK,-27.75
8,2021,LBK,-27.75
8,2021,PAK,-27.75
8,2021,MSK,-27.75
8,2021,OLK,-27.75
8,2021,ULK,-27.75
8,2021,ZLK,-27.75
8,2021,JHC,-27.75
9,2021,PHA,-16.499
9,2021,STC,-16.499
9,2021,JHM,-16.499
9,2021,PLK,-16.499
9,2021,HKK,-16.499
9,2021,VYS,-16.499
9,2021,KVK,-16.499
9,2021,LBK,-16.499
9,2021,PAK,-16.499
9,2021,MSK,-16.499
9,2021,OLK,-16.499
9,2021,ULK,-16.499
9,2021,ZLK,-16.499
9,2021,JHC,-16.499
10,2021,PHA,-16.852
10,2021,STC,-16.852
10,2021,JHM,-16.852
10,2021,PLK,-16.852
10,2021,HKK,-16.852
10,2021,VYS,-16.852
10,2021,KVK,-16.852
10,2021,LBK,-16.852
10,2021,PAK,-16.852
10,2021,MSK,-16.852
10,2021,OLK,-16.852
10,2021,ULK,-16.852
10,2021,ZLK,-16.852
10,2021,JHC,-16.852
11,2021,PHA,3.822
11,2021,STC,3.822
11,2021,JHM,3.822
11,2021,PLK,3.822
11,2021,HKK,3.822
11,2021,VYS,3.822
11,2021,KVK,3.822
11,2021,LBK,3.822
11,2021,PAK,3.822
11,2021,MSK,3.822
11,2021,OLK,3.822
11,2021,ULK,3.822
11,2021,ZLK,3.822
11,2021,JHC,3.822
12,2021,PHA,-16.24
12,2021,STC,-16.24
12,2021,JHM,-16.24
12,2021,PLK,-16.24
12,2021,HKK,-16.24
12,2021,VYS,-16.24
12,2021,KVK,-16.24
12,2021,LBK,-16.24
12,2021,PAK,-16.24
12,2021,MSK,-16.24
12,2021,OLK,-16.24
12,2021,ULK,-16.24
12,2021,ZLK,-16.24
12,2021,JHC,-16.24
1,2022,PHA,7.578
1,2022,STC,7.578
1,2022,JHM,7.578
1,2022,PLK,7.578
1,2022,HKK,7.578
1,2022,VYS,7.578
1,2022,KVK,7.578
1,2022,LBK,7.578
1,2022,PAK,7.578
1,2022,MSK,7.578
1,2022,OLK,7.578
1,2022,ULK,7.578
1,2022,ZLK,7.578
1,2022,JHC,7.578
2,2022,PHA,-7.474
2,2022,STC,-7.474
2,2022,JHM,-7.474
2,2022,PLK,-7.474
2,2022,HKK,-7.474
2,2022,VYS,-7.474
2,2022,KVK,-7.474
2,2022,LBK,-7.474
2,2022,PAK,-7.474
2,2022,MSK,-7.474
2,2022,OLK,-7.474
2,2022,ULK,-7.474
2,2022,ZLK,-7.474
2,2022,JHC,-7.474
3,2022,PHA,-12.741
3,2022,STC,-12.741
3,2022,JHM,-12.741
3,2022,PLK,-12.741
3,2022,HKK,-12.741
3,2022,VYS,-12.741
3,2022,KVK,-12.741
3,2022,LBK,-12.741
3,2022,PAK,-12.741
3,2022,MSK,-12.741
3,2022,OLK,-12.741
3,2022,ULK,-12.741
3,2022,ZLK,-12.741
3,2022,JHC,-12.741
4,2022,PHA,-29.034
4,2022,STC,-29.034
4,2022,JHM,-29.034
4,2022,PLK,-29.034
4,2022,HKK,-29.034
4,2022,VYS,-29.034
4,2022,KVK,-29.034
4,2022,LBK,-29.034
4,2022,PAK,-29.034
4,2022,MSK,-29.034
4,2022,OLK,-29.034
4,2022,ULK,-29.034
4,2022,ZLK,-29.034
4,2022,JHC,-29.034
5,2022,PHA,-28.389
5,2022,STC,-28.389
5,2022,JHM,-28.389
5,2022,PLK,-28.389
5,2022,HKK,-28.389
5,2022,VYS,-28.389
5,2022,KVK,-28.389
5,2022,LBK,-28.389
5,2022,PAK,-28.389
5,2022,MSK,-28.389
5,2022,OLK,-28.389
5,2022,ULK,-28.389
5,2022,ZLK,-28.389
5,2022,JHC,-28.389
6,2022,PHA,-15.803
6,2022,STC,-15.803
6,2022,JHM,-15.803
6,2022,PLK,-15.803
6,2022,HKK,-15.803
6,2022,VYS,-15.803
6,2022,KVK,-15.803
6,2022,LBK,-15.803
6,2022,PAK,-15.803
6,2022,MSK,-15.803
6,2022,OLK,-15.803
6,2022,ULK,-15.803
6,2022,ZLK,-15.803
6,2022,JHC,-15.803
7,2022,PHA,-22.485
7,2022,STC,-22.485
7,2022,JHM,-22.485
7,2022,PLK,-22.485
7,2022,HKK,-22.485
7,2022,VYS,-22.485
7,2022,KVK,-22.485
7,2022,LBK,-22.485
7,2022,PAK,-22.485
7,2022,MSK,-22.485
7,2022,OLK,-22.485
7,2022,ULK,-22.485
7,2022,ZLK,-22.485
7,2022,JHC,-22.485
8,2022,PHA,-29.259
8,2022,STC,-29.259
8,2022,JHM,-29.259
8,2022,PLK,-29.259
8,2022,HKK,-29.259
8,2022,VYS,-29.259
8,2022,KVK,-29.259
8,2022,LBK,-29.259
8,2022,PAK,-29.259
8,2022,MSK,-29.259
8,2022,OLK,-29.259
8,2022,ULK,-29.259
8,2022,ZLK,-29.259
8,2022,JHC,-29.259
9,2022,PHA,-12.571
9,2022,STC,-12.571
9,2022,JHM,-12.571
9,2022,PLK,-12.571
9,2022,HKK,-12.571
9,2022,VYS,-12.571
9,2022,KVK,-12.571
9,2022,LBK,-12.571
9,2022,PAK,-12.571
9,2022,MSK,-12.571
9,2022,OLK,-12.571
9,2022,ULK,-12.571
9,2022,ZLK,-12.571
9,2022,JHC,-12.571
10,2022,PHA,-25.785
10,2022,STC,-25.785
10,2022,JHM,-25.785
10,2022,PLK,-25.785
10,2022,HKK,-25.785
10,2022,VYS,-25.785
10,2022,KVK,-25.785
10,2022,LBK,-25.785
10,2022,PAK,-25.785
10,2022,MSK,-25.785
10,2022,OLK,-25.785
10,2022,ULK,-25.785
10,2022,ZLK,-25.785
10,2022,JHC,-25.785
11,2022,PHA,-26.426
11,2022,STC,-26.426
11,2022,JHM,-26.426
11,2022,PLK,-26.426
11,2022,HKK,-26.426
11,2022,VYS,-26.426
11,2022,KVK,-26.426
11,2022,LBK,-26.426
11,2022,PAK,-26.426
11,2022,MSK,-26.426
11,2022,OLK,-26.426
11,2022,ULK,-26.426
11,2022,ZLK,-26.426
11,2022,JHC,-26.426
12,2022,PHA,-2.428
12,2022,STC,-2.428
12,2022,JHM,-2.428
12,2022,PLK,-2.428
12,2022,HKK,-2.428
12,2022,VYS,-2.428
12,2022,KVK,-2.428
12,2022,LBK,-2.428
12,2022,PAK,-2.428
12,2022,MSK,-2.428
12,2022,OLK,-2.428
12,2022,ULK,-2.428
12,2022,ZLK,-2.428
12,2022,JHC,-2.428
1,2023,PHA,7.888
1,2023,STC,7.888
1,2023,JHM,7.888
1,2023,PLK,7.888
1,2023,HKK,7.888
1,2023,VYS,7.888
1,2023,KVK,7.888
1,2023,LBK,7.888
1,2023,PAK,7.888
1,2023,MSK,7.888
1,2023,OLK,7.888
1,2023,ULK,7.888
1,2023,ZLK,7.888
1,2023,JHC,7.888
2,2023,PHA,14.275
2,2023,STC,14.275
2,2023,JHM,14.275
2,2023,PLK,14.275
2,2023,HKK,14.275
2,2023,VYS,14.275
2,2023,KVK,14.275
2,2023,LBK,14.275
2,2023,PAK,14.275
2,2023,MSK,14.275
2,2023,OLK,14.275
2,2023,ULK,14.275
2,2023,ZLK,14.275
2,2023,JHC,14.275
3,2023,PHA,16.831
3,2023,STC,16.831
3,2023,JHM,16.831
3,2023,PLK,16.831
3,2023,HKK,16.831
3,2023,VYS,16.831
3,2023,KVK,16.831
3,2023,LBK,16.831
3,2023,PAK,16.831
3,2023,MSK,16.831
3,2023,OLK,16.831
3,2023,ULK,16.831
3,2023,ZLK,16.831
3,2023,JHC,16.831
4,2023,PHA,8.744
4,2023,STC,8.744
4,2023,JHM,8.744
4,2023,PLK,8.744
4,2023,HKK,8.744
4,2023,VYS,8.744
4,2023,KVK,8.744
4,2023,LBK,8.744
4,2023,PAK,8.744
4,2023,MSK,8.744
4,2023,OLK,8.744
4,2023,ULK,8.744
4,2023,ZLK,8.744
4,2023,JHC,8.744
5,2023,PHA,9.37
5,2023,STC,9.37
5,2023,JHM,9.37
5,2023,PLK,9.37
5,2023,HKK,9.37
5,2023,VYS,9.37
5,2023,KVK,9.37
5,2023,LBK,9.37
5,2023,PAK,9.37
5,2023,MSK,9.37
5,2023,OLK,9.37
5,2023,ULK,9.37
5,2023,ZLK,9.37
5,2023,JHC,9.37
6,2023,PHA,19.236
6,2023,STC,19.236
6,2023,JHM,19.236
6,2023,PLK,19.236
6,2023,HKK,19.236
6,2023,VYS,19.236
6,2023,KVK,19.236
6,2023,LBK,19.236
6,2023,PAK,19.236
6,2023,MSK,19.236
6,2023,OLK,19.236
6,2023,ULK,19.236
6,2023,ZLK,19.236
6,2023,JHC,19.236
7,2023,PHA,-6.421
7,2023,STC,-6.421
7,2023,JHM,-6.421
7,2023,PLK,-6.421
7,2023,HKK,-6.421
7,2023,VYS,-6.421
7,2023,KVK,-6.421
7,2023,LBK,-6.421
7,2023,PAK,-6.421
7,2023,MSK,-6.421
7,2023,OLK,-6.421
7,2023,ULK,-6.421
7,2023,ZLK,-6.421
7,2023,JHC,-6.421
8,2023,PHA,-5.628
8,2023,STC,-5.628
8,2023,JHM,-5.628
8,2023,PLK,-5.628
8,2023,HKK,-5.628
8,2023,VYS,-5.628
8,2023,KVK,-5.628
8,2023,LBK,-5.628
8,2023,PAK,-5.628
8,2023,MSK,-5.628
8,2023,OLK,-5.628
8,2023,ULK,-5.628
8,2023,ZLK,-5.628
8,2023,JHC,-5.628
9,2023,PHA,11.874
9,2023,STC,11.874
9,2023,JHM,11.874
9,2023,PLK,11.874
9,2023,HKK,11.874
9,2023,VYS,11.874
9,2023,KVK,11.874
9,2023,LBK,11.874
9,2023,PAK,11.874
9,2023,MSK,11.874
9,2023,OLK,11.874
9,2023,ULK,11.874
9,2023,ZLK,11.874
9,2023,JHC,11.874
