month,year,kraj,uchazeciOZamestnaniUoZ,noveHlaseniUchazeci,noveHlasenaAUvolnenaVPM,obsazenaAZrusenaVPM,absolventiSkolAMladistvi
1,2008,HKK,14818,3092,2300,1551,943
1,2008,JHC,17437,4104,2327,2380,1163
1,2008,JHM,45304,7135,4911,3475,2816
1,2008,KVK,13625,2410,1177,537,763
1,2008,LBK,14895,2813,1536,1515,935
1,2008,MSK,66043,8429,4658,3426,3578
1,2008,OLK,24769,4732,2477,2502,1453
1,2008,PAK,16195,3296,4043,3578,1100
1,2008,PHA,17818,4297,7685,8186,890
1,2008,PLK,15091,3271,3673,3353,878
1,2008,STC,30252,6259,5923,5346,1953
1,2008,ULK,50452,6647,2491,2460,2885
1,2008,VYS,17106,3286,2499,2717,1262
1,2008,ZLK,20739,3383,1688,1507,1340
2,2008,HKK,14250,1873,1659,2016,964
2,2008,JHC,16935,2424,2190,2109,1168
2,2008,JHM,44034,4634,4802,3280,2753
2,2008,KVK,13336,1476,1033,1031,743
2,2008,LBK,14645,2053,1612,1667,950
2,2008,MSK,64367,5793,3385,3287,3554
2,2008,OLK,24119,2569,2022,1863,1421
2,2008,PAK,15620,1760,2409,1487,1036
2,2008,PHA,17510,3166,7833,7009,886
2,2008,PLK,14645,2037,4666,4335,852
2,2008,STC,29489,4131,5420,4401,1897
2,2008,ULK,49235,4166,2300,2238,2820
2,2008,VYS,16567,1768,1680,1691,1214
2,2008,ZLK,20281,2152,1450,1640,1308
3,2008,HKK,13450,1851,1845,1506,881
3,2008,JHC,15645,2300,2124,1543,1106
3,2008,JHM,41670,4425,4166,5300,2560
3,2008,KVK,12524,1334,1039,1116,721
3,2008,LBK,14243,1856,1689,1653,911
3,2008,MSK,61270,5321,3763,3175,3502
3,2008,OLK,22523,2484,2141,2061,1362
3,2008,PAK,14463,1721,1863,3193,976
3,2008,PHA,17113,3032,7914,4542,839
3,2008,PLK,13743,2016,2003,2798,833
3,2008,STC,27729,3859,4358,5149,1778
3,2008,ULK,47254,4087,1801,2097,2672
3,2008,VYS,15428,1718,1528,1582,1126
3,2008,ZLK,19242,2027,1472,1008,1225
4,2008,HKK,12508,2211,2057,1659,822
4,2008,JHC,14235,2487,2058,2086,1007
4,2008,JHM,38927,4821,4223,3183,2361
4,2008,KVK,11863,1470,830,1016,660
4,2008,LBK,13952,2264,1605,1735,927
4,2008,MSK,57923,5858,3880,3178,3269
4,2008,OLK,20959,2883,2233,2128,1295
4,2008,PAK,13301,1896,3113,2959,836
4,2008,PHA,16538,3340,8054,7971,828
4,2008,PLK,12998,2139,3589,3462,814
4,2008,STC,26050,4342,7569,8751,1635
4,2008,ULK,44859,4647,2170,2383,2506
4,2008,VYS,14002,1904,1316,1447,1038
4,2008,ZLK,18003,2253,2044,1827,1146
5,2008,HKK,11834,1882,1687,1617,717
5,2008,JHC,13256,2010,1990,2039,840
5,2008,JHM,37092,4205,4353,3537,2037
5,2008,KVK,11471,1340,839,945,616
5,2008,LBK,13606,1981,1387,1269,847
5,2008,MSK,55575,4963,2852,3370,2803
5,2008,OLK,19768,2314,2048,2109,1114
5,2008,PAK,12752,1700,1775,1563,746
5,2008,PHA,15974,2676,7406,9488,721
5,2008,PLK,12460,1857,3122,2627,712
5,2008,STC,25263,3902,4896,4806,1436
5,2008,ULK,42976,3948,1995,1935,2254
5,2008,VYS,13311,1531,1290,1258,904
5,2008,ZLK,17169,1847,1467,1467,1006
6,2008,HKK,11715,2054,1739,1415,644
6,2008,JHC,12951,2300,1868,2103,818
6,2008,JHM,36409,4514,4544,5534,1804
6,2008,KVK,11217,1317,872,864,596
6,2008,LBK,13554,1968,1483,1394,766
6,2008,MSK,54528,5635,5900,3270,2379
6,2008,OLK,19288,2555,1796,2014,982
6,2008,PAK,12663,1901,2054,1866,712
6,2008,PHA,15866,2918,6693,7332,624
6,2008,PLK,12493,2057,2229,2718,707
6,2008,STC,25265,4116,5821,5676,1387
6,2008,ULK,41772,4346,2236,2185,2032
6,2008,VYS,13368,1890,1134,1532,780
6,2008,ZLK,16791,2124,1417,1346,864
7,2008,HKK,12502,2715,1569,2208,746
7,2008,JHC,13624,2954,1555,1927,956
7,2008,JHM,37961,6030,4398,4267,2105
7,2008,KVK,11559,1745,680,894,599
7,2008,LBK,14352,2618,1655,1705,864
7,2008,MSK,55116,7001,3127,2866,2614
7,2008,OLK,20044,3440,1582,1885,1154
7,2008,PAK,13546,2666,1405,1920,893
7,2008,PHA,17106,4080,7560,6882,718
7,2008,PLK,13365,2668,2561,2588,804
7,2008,STC,26752,5272,6180,6931,1566
7,2008,ULK,42184,5255,2350,1861,2145
7,2008,VYS,14223,2602,1342,1729,929
7,2008,ZLK,17724,3059,1529,1471,1058
8,2008,HKK,12434,2052,1646,1624,857
8,2008,JHC,14022,2550,1861,1559,1125
8,2008,JHM,38270,4828,5575,5184,2485
8,2008,KVK,11689,1429,665,791,645
8,2008,LBK,14485,1986,1474,1392,934
8,2008,MSK,54765,5490,3256,2159,3015
8,2008,OLK,20083,2549,2002,1562,1323
8,2008,PAK,13852,2074,1944,1586,1033
8,2008,PHA,17309,3004,6170,5966,815
8,2008,PLK,13992,2416,2018,3413,993
8,2008,STC,27285,4243,4268,5317,1769
8,2008,ULK,41684,4227,1914,1610,2312
8,2008,VYS,14563,1995,1009,1087,1144
8,2008,ZLK,17900,2315,1497,1382,1268
9,2008,HKK,12395,3201,1909,2321,1373
9,2008,JHC,14452,3922,1643,2138,1650
9,2008,JHM,38779,7649,4117,4510,3534
9,2008,KVK,11893,2282,653,867,971
9,2008,LBK,14648,3061,1579,2017,1274
9,2008,MSK,54473,8491,3083,4773,4370
9,2008,OLK,20223,4162,1638,1825,1913
9,2008,PAK,14193,3362,1684,4222,1596
9,2008,PHA,17136,4370,7390,10405,1158
9,2008,PLK,14239,3368,2930,3542,1498
9,2008,STC,27757,6600,4677,4939,2795
9,2008,ULK,41829,6723,2193,2588,3315
9,2008,VYS,14630,3120,1207,1706,1655
9,2008,ZLK,17911,3576,1313,1513,1783
10,2008,HKK,12609,2748,1596,1969,1310
10,2008,JHC,14506,3031,1382,2094,1482
10,2008,JHM,38254,5396,2964,4693,3253
10,2008,KVK,12005,1862,570,836,959
10,2008,LBK,14724,2520,1375,1883,1211
10,2008,MSK,52991,6218,2767,3873,3907
10,2008,OLK,19964,3177,1628,2402,1703
10,2008,PAK,14104,2448,1639,3104,1454
10,2008,PHA,16866,3750,7706,6873,1103
10,2008,PLK,14130,2591,2491,3137,1358
10,2008,STC,27638,5295,4366,5506,2580
10,2008,ULK,41755,5364,2232,2979,3109
10,2008,VYS,14593,2538,1001,1164,1489
10,2008,ZLK,17566,2465,1406,2043,1586
11,2008,HKK,13126,2607,1193,2010,1196
11,2008,JHC,15121,2934,1037,1985,1390
11,2008,JHM,39124,5584,2231,7165,3005
11,2008,KVK,12391,1761,431,787,890
11,2008,LBK,15281,2518,843,1753,1105
11,2008,MSK,53853,6696,2284,4633,3601
11,2008,OLK,20697,3381,998,1606,1611
11,2008,PAK,14688,2601,795,2159,1300
11,2008,PHA,16784,3265,5996,6730,971
11,2008,PLK,14765,2718,2359,3048,1228
11,2008,STC,28350,5027,3733,6638,2325
11,2008,ULK,42510,5123,1578,2311,2949
11,2008,VYS,15583,2945,558,1128,1375
11,2008,ZLK,18026,2615,757,1657,1475
12,2008,HKK,14728,3213,870,1451,1205
12,2008,JHC,17505,4022,608,1475,1427
12,2008,JHM,43063,7314,1740,3368,3019
12,2008,KVK,13437,2109,387,572,918
12,2008,LBK,16605,2836,617,1205,1112
12,2008,MSK,57455,7939,1216,4062,3623
12,2008,OLK,23470,4751,576,1661,1645
12,2008,PAK,16998,3702,663,1637,1355
12,2008,PHA,17433,3383,4831,7598,904
12,2008,PLK,16757,3593,1545,5046,1228
12,2008,STC,31220,6075,1764,3807,2295
12,2008,ULK,45657,6407,747,1337,2945
12,2008,VYS,17874,3600,485,1358,1425
12,2008,ZLK,20048,3477,518,2108,1533
1,2009,HKK,17240,4781,1417,2948,1221
1,2009,JHC,20611,5538,1053,2289,1512
1,2009,JHM,48155,9824,3140,4985,3078
1,2009,KVK,15399,3325,496,1050,960
1,2009,LBK,19266,4814,1134,1665,1126
1,2009,MSK,64384,12418,1718,5631,3744
1,2009,OLK,27334,6390,1007,2184,1683
1,2009,PAK,19705,4779,1002,1781,1398
1,2009,PHA,18616,4690,6658,9879,858
1,2009,PLK,18936,4566,1411,3654,1197
1,2009,STC,34632,8127,3850,7080,2266
1,2009,ULK,49681,8419,1608,2374,3071
1,2009,VYS,20932,4933,857,1324,1485
1,2009,ZLK,23170,5272,793,1995,1618
2,2009,HKK,18651,3333,904,1415,1240
2,2009,JHC,22356,3999,869,1464,1658
2,2009,JHM,51531,7663,2447,2684,3280
2,2009,KVK,16458,2392,456,534,1006
2,2009,LBK,21106,3641,996,1195,1173
2,2009,MSK,69065,9664,2077,2688,3895
2,2009,OLK,30495,5509,977,1043,1832
2,2009,PAK,21183,3387,927,1065,1460
2,2009,PHA,19845,4566,7786,6675,840
2,2009,PLK,20592,3913,1371,2224,1189
2,2009,STC,37244,6818,3129,2922,2349
2,2009,ULK,52161,6577,970,1527,3108
2,2009,VYS,22956,3731,607,1094,1585
2,2009,ZLK,25205,4016,742,1341,1736
3,2009,HKK,19841,3739,896,1143,1279
3,2009,JHC,23051,4224,1035,1257,1769
3,2009,JHM,53601,7727,2656,3736,3323
3,2009,KVK,16888,2348,513,604,981
3,2009,LBK,22360,3538,783,931,1208
3,2009,MSK,72372,9809,2404,3125,3934
3,2009,OLK,32336,5142,1371,1169,1904
3,2009,PAK,22105,3629,1036,1021,1523
3,2009,PHA,21284,5041,5649,9637,880
3,2009,PLK,21714,3885,1320,2063,1241
3,2009,STC,39204,7405,2698,4443,2404
3,2009,ULK,53292,6520,1250,1695,3078
3,2009,VYS,24065,3414,774,812,1708
3,2009,ZLK,26799,4008,902,1120,1794
4,2009,HKK,20352,3922,971,961,1268
4,2009,JHC,23033,4277,1048,1125,1754
4,2009,JHM,53574,7808,2807,3191,3213
4,2009,KVK,17737,3111,620,631,979
4,2009,LBK,23372,3751,962,829,1237
4,2009,MSK,73360,9649,2164,2128,3875
4,2009,OLK,33198,5599,910,1261,1897
4,2009,PAK,22180,3577,996,1358,1470
4,2009,PHA,22268,4888,4496,6591,871
4,2009,PLK,22267,4140,909,1411,1283
4,2009,STC,39540,6971,1928,2726,2367
4,2009,ULK,54599,7686,1197,1365,3094
4,2009,VYS,23569,3278,455,569,1644
4,2009,ZLK,27677,4395,908,1120,1796
5,2009,HKK,20236,2975,853,898,1149
5,2009,JHC,22511,3080,1085,843,1485
5,2009,JHM,53281,5977,2240,2042,2851
5,2009,KVK,17624,2003,436,570,904
5,2009,LBK,23587,2828,657,915,1151
5,2009,MSK,74020,8085,1875,2125,3414
5,2009,OLK,33361,4171,808,848,1692
5,2009,PAK,21847,2701,773,572,1278
5,2009,PHA,23114,4385,4103,5060,798
5,2009,PLK,22580,3182,688,1071,1167
5,2009,STC,39522,5572,2102,2664,2088
5,2009,ULK,54503,5522,1109,1306,2834
5,2009,VYS,23330,2774,472,558,1416
5,2009,ZLK,28045,3432,728,720,1538
6,2009,HKK,20358,2998,915,1005,992
6,2009,JHC,22589,3542,831,1040,1249
6,2009,JHM,54382,6964,1724,2406,2480
6,2009,KVK,17653,2084,384,482,802
6,2009,LBK,23899,2961,777,631,983
6,2009,MSK,75230,8491,1777,2212,2900
6,2009,OLK,33891,4264,811,1036,1432
6,2009,PAK,21963,2901,993,1346,1117
6,2009,PHA,23984,4664,3365,5285,757
6,2009,PLK,22947,3276,1008,990,977
6,2009,STC,40000,5912,2036,2476,1851
6,2009,ULK,54239,5916,1208,1406,2409
6,2009,VYS,23698,3113,381,578,1169
6,2009,ZLK,28722,3652,740,909,1212
7,2009,HKK,21517,3763,779,900,1052
7,2009,JHC,23293,3797,741,768,1351
7,2009,JHM,56918,7841,1637,1738,2623
7,2009,KVK,18024,2189,400,480,801
7,2009,LBK,24644,3174,762,790,1012
7,2009,MSK,77747,9297,1805,1730,3078
7,2009,OLK,36036,5626,852,976,1571
7,2009,PAK,23250,3709,938,1074,1267
7,2009,PHA,25957,5255,2941,4130,827
7,2009,PLK,24494,4105,1243,1065,995
7,2009,STC,42244,7124,1943,1910,1874
7,2009,ULK,55541,6350,1030,1083,2386
7,2009,VYS,25167,3659,486,435,1313
7,2009,ZLK,30487,4333,579,696,1329
8,2009,HKK,21713,2879,1028,774,1295
8,2009,JHC,23497,3262,932,917,1540
8,2009,JHM,58508,6720,1903,1819,3417
8,2009,KVK,17966,1891,552,459,910
8,2009,LBK,24758,2704,887,814,1141
8,2009,MSK,77970,7532,1925,1758,3839
8,2009,OLK,36546,3868,845,780,1997
8,2009,PAK,23556,2840,984,884,1510
8,2009,PHA,27247,4668,2766,4048,953
8,2009,PLK,25249,3593,1021,884,1168
8,2009,STC,43664,6240,1601,1880,2290
8,2009,ULK,56388,6000,1089,942,2802
8,2009,VYS,25762,2920,672,547,1658
8,2009,ZLK,30927,3285,772,937,1604
9,2009,HKK,21825,3953,965,1229,1982
9,2009,JHC,23848,4859,783,899,2259
9,2009,JHM,59487,9319,1806,1977,4820
9,2009,KVK,18160,2647,347,450,1269
9,2009,LBK,24879,3752,789,806,1533
9,2009,MSK,77907,10243,2060,1929,5352
9,2009,OLK,37395,5888,822,841,2917
9,2009,PAK,24060,4235,825,994,2242
9,2009,PHA,27979,6007,2972,3818,1436
9,2009,PLK,25526,4432,848,1271,1754
9,2009,STC,44842,8626,1577,1676,3424
9,2009,ULK,57451,7807,927,994,4033
9,2009,VYS,25870,4190,415,631,2499
9,2009,ZLK,31583,4867,722,796,2506
10,2009,HKK,21471,2975,1004,1049,1952
10,2009,JHC,24110,3803,750,1154,2211
10,2009,JHM,59478,6712,1825,2099,4920
10,2009,KVK,18212,2122,295,366,1288
10,2009,LBK,24866,2876,644,818,1646
10,2009,MSK,76877,7593,2220,2335,5097
10,2009,OLK,37293,4072,724,673,2869
10,2009,PAK,23965,3018,847,961,2157
10,2009,PHA,28183,4998,2936,3784,1685
10,2009,PLK,25236,3279,931,1187,1713
10,2009,STC,45312,6719,1584,1858,3598
10,2009,ULK,56847,5595,805,949,3947
10,2009,VYS,25523,2699,441,655,2433
10,2009,ZLK,31387,3102,592,751,2439
11,2009,HKK,21809,3293,813,853,1824
11,2009,JHC,25351,4248,650,670,2079
11,2009,JHM,61288,7678,1869,2143,4735
11,2009,KVK,18351,1981,322,387,1200
11,2009,LBK,25225,2896,653,694,1595
11,2009,MSK,77443,8438,1347,1848,4754
11,2009,OLK,38275,4662,744,699,2769
11,2009,PAK,24649,3304,806,835,2063
11,2009,PHA,28973,5088,3067,4015,1665
11,2009,PLK,25514,3320,827,1197,1588
11,2009,STC,46294,6692,1626,2027,3405
11,2009,ULK,57503,6088,869,1055,3740
11,2009,VYS,26318,3491,425,414,2381
11,2009,ZLK,31916,3457,680,740,2322
12,2009,HKK,23373,3815,612,701,1769
12,2009,JHC,27530,4800,561,584,2084
12,2009,JHM,65944,8933,1289,1736,4730
12,2009,KVK,19337,2399,261,326,1211
12,2009,LBK,26273,3062,534,568,1560
12,2009,MSK,80581,8931,1138,1040,4699
12,2009,OLK,41092,5931,350,637,2768
12,2009,PAK,26817,4273,413,490,2011
12,2009,PHA,29865,4319,2463,2774,1601
12,2009,PLK,26802,3736,510,554,1564
12,2009,STC,49144,7151,1114,1629,3270
12,2009,ULK,59976,6437,556,686,3657
12,2009,VYS,28566,4299,293,313,2351
12,2009,ZLK,33836,4264,380,433,2337
1,2010,HKK,25216,4720,1067,931,1712
1,2010,JHC,30035,5931,1007,1010,2032
1,2010,JHM,71044,10721,2019,1738,4713
1,2010,KVK,20479,2899,356,387,1195
1,2010,LBK,27219,3824,580,746,1529
1,2010,MSK,84918,11134,1990,2049,4731
1,2010,OLK,44166,6665,815,641,2733
1,2010,PAK,29208,4838,635,751,1973
1,2010,PHA,31137,5664,2924,2443,1500
1,2010,PLK,28580,4896,778,1052,1532
1,2010,STC,52428,8894,1548,1382,3217
1,2010,ULK,62809,8090,803,843,3722
1,2010,VYS,30876,4807,512,445,2335
1,2010,ZLK,36111,4993,796,782,2309
2,2010,HKK,25672,2880,840,797,1692
2,2010,JHC,30884,3732,857,799,2095
2,2010,JHM,71884,6483,2049,2216,4782
2,2010,KVK,20697,2018,500,374,1182
2,2010,LBK,27278,2662,669,697,1534
2,2010,MSK,86152,7688,1738,1582,4883
2,2010,OLK,44863,3790,896,740,2759
2,2010,PAK,29597,2904,783,1021,1946
2,2010,PHA,31961,4907,3941,3984,1488
2,2010,PLK,28869,3065,806,911,1513
2,2010,STC,53749,6473,2048,1866,3241
2,2010,ULK,63792,5503,1034,775,3712
2,2010,VYS,31194,2691,513,447,2335
2,2010,ZLK,36543,3148,685,587,2322
3,2010,HKK,25092,2780,1221,1090,1663
3,2010,JHC,29695,3306,1085,991,2097
3,2010,JHM,70239,6251,2406,2299,4634
3,2010,KVK,20358,1959,468,479,1152
3,2010,LBK,27185,2793,873,775,1571
3,2010,MSK,85112,7515,2977,2452,4824
3,2010,OLK,43263,3489,1797,1111,2657
3,2010,PAK,28793,2649,1119,834,1896
3,2010,PHA,32562,5108,4123,4763,1505
3,2010,PLK,28377,3220,1044,973,1498
3,2010,STC,53319,6387,1793,1997,3210
3,2010,ULK,63052,5734,1161,1289,3621
3,2010,VYS,30096,2588,570,629,2346
3,2010,ZLK,35681,2946,835,773,2218
4,2010,HKK,23366,2769,1210,1040,1525
4,2010,JHC,26923,3246,1194,996,1962
4,2010,JHM,65713,5807,2162,2225,4355
4,2010,KVK,19421,1733,514,437,1089
4,2010,LBK,26354,2643,952,866,1496
4,2010,MSK,80989,7295,2342,2268,4630
4,2010,OLK,39587,3281,1193,1394,2451
4,2010,PAK,26207,2451,1753,1034,1727
4,2010,PHA,32755,4880,2367,4088,1463
4,2010,PLK,26616,2921,933,844,1388
4,2010,STC,50706,5779,1546,1362,2975
4,2010,ULK,60966,5326,1080,1067,3439
4,2010,VYS,27030,2324,509,484,2207
4,2010,ZLK,33495,2851,809,683,2098
5,2010,HKK,21736,2383,1120,1196,1317
5,2010,JHC,24903,2784,1225,1107,1654
5,2010,JHM,62340,5086,1884,2207,3717
5,2010,KVK,18646,1618,574,570,1012
5,2010,LBK,25225,2235,858,584,1359
5,2010,MSK,77753,6394,2064,2092,3965
5,2010,OLK,37662,3430,1201,1377,2045
5,2010,PAK,24183,2264,1227,1029,1437
5,2010,PHA,32139,4030,2818,2787,1315
5,2010,PLK,25518,2633,982,858,1195
5,2010,STC,48886,5515,1521,1464,2555
5,2010,ULK,59150,5054,1021,974,3033
5,2010,VYS,24979,2091,560,520,1814
5,2010,ZLK,31659,2544,799,897,1759
6,2010,HKK,20937,2421,934,858,1100
6,2010,JHC,23721,2834,1215,1275,1397
6,2010,JHM,60486,5361,2014,1957,3053
6,2010,KVK,18092,1628,485,420,881
6,2010,LBK,24538,2345,736,694,1183
6,2010,MSK,75779,6543,2019,2186,3404
6,2010,OLK,36289,3031,1083,1037,1677
6,2010,PAK,23052,2304,1425,1472,1176
6,2010,PHA,31794,4389,2823,3187,1253
6,2010,PLK,24802,2775,1210,1029,1043
6,2010,STC,48278,5600,1826,1667,2275
6,2010,ULK,57867,4660,866,977,2654
6,2010,VYS,24133,2240,500,419,1455
6,2010,ZLK,30732,2657,1026,1162,1454
7,2010,HKK,21154,2810,921,953,1144
7,2010,JHC,23846,3187,1146,944,1484
7,2010,JHM,61046,6490,2013,1683,3201
7,2010,KVK,18090,1731,493,521,875
7,2010,LBK,24789,2563,605,572,1183
7,2010,MSK,76205,7344,1708,1584,3622
7,2010,OLK,36494,3698,943,908,1761
7,2010,PAK,23318,2819,1103,1118,1276
7,2010,PHA,32856,4824,2182,2477,1278
7,2010,PLK,25086,3078,706,878,1136
7,2010,STC,49109,6002,1443,1529,2267
7,2010,ULK,57944,5136,864,638,2589
7,2010,VYS,24494,2865,530,359,1545
7,2010,ZLK,30853,3087,833,774,1500
8,2010,HKK,20915,2408,1052,1059,1363
8,2010,JHC,23674,3013,970,996,1673
8,2010,JHM,60720,5935,2772,2091,3788
8,2010,KVK,17750,1619,562,560,903
8,2010,LBK,24372,2389,901,813,1244
8,2010,MSK,75988,6957,2193,1858,4227
8,2010,OLK,36125,3362,949,929,2062
8,2010,PAK,22965,2365,1192,1061,1478
8,2010,PHA,33059,4433,3200,1854,1428
8,2010,PLK,24689,2682,1026,880,1304
8,2010,STC,48926,5595,2522,2264,2582
8,2010,ULK,57587,4937,1036,1037,2885
8,2010,VYS,24326,2339,622,631,1838
8,2010,ZLK,30398,2707,930,806,1808
9,2010,HKK,20961,3837,1100,1119,1999
9,2010,JHC,23646,4442,1266,1255,2280
9,2010,JHM,60612,8670,2428,2471,5064
9,2010,KVK,17773,2445,455,528,1257
9,2010,LBK,24008,3500,743,716,1549
9,2010,MSK,76146,9933,2015,2056,5855
9,2010,OLK,36104,5115,956,1096,2902
9,2010,PAK,22829,3795,1072,1360,2026
9,2010,PHA,32876,5877,2677,3472,1864
9,2010,PLK,24369,4096,975,905,1915
9,2010,STC,49197,8334,1675,1754,3618
9,2010,ULK,57734,7385,1008,951,3953
9,2010,VYS,24046,3494,635,688,2415
9,2010,ZLK,30180,4155,816,917,2615
10,2010,HKK,20730,2800,1144,1218,1912
10,2010,JHC,23694,3443,1048,1194,2213
10,2010,JHM,59929,6072,2305,2191,4872
10,2010,KVK,17725,1815,350,469,1242
10,2010,LBK,23726,2618,709,640,1551
10,2010,MSK,75423,6861,1561,1781,5658
10,2010,OLK,35694,3449,815,917,2789
10,2010,PAK,22654,2630,1110,1024,1949
10,2010,PHA,32386,4731,2590,3447,1918
10,2010,PLK,23718,2889,848,921,1765
10,2010,STC,48772,6001,1466,1824,3675
10,2010,ULK,57015,5005,1148,939,3793
10,2010,VYS,24084,2652,506,524,2358
10,2010,ZLK,29611,2758,780,740,2432
11,2010,HKK,21450,3482,938,1088,1748
11,2010,JHC,24957,4272,946,1084,2098
11,2010,JHM,61873,7752,2888,3154,4639
11,2010,KVK,18521,2425,339,369,1191
11,2010,LBK,23814,3039,700,916,1412
11,2010,MSK,76470,8291,1788,1813,5386
11,2010,OLK,37096,4842,926,948,2660
11,2010,PAK,23243,3391,1176,1252,1805
11,2010,PHA,32213,4591,2563,2470,1801
11,2010,PLK,24131,3553,878,897,1625
11,2010,STC,49730,7064,1234,1397,3404
11,2010,ULK,58295,6945,846,861,3636
11,2010,VYS,24825,3318,508,587,2215
11,2010,ZLK,30022,3606,686,894,2198
12,2010,HKK,24678,5510,725,891,1703
12,2010,JHC,29545,6857,727,701,2084
12,2010,JHM,69342,11825,1156,1949,4644
12,2010,KVK,19922,2803,181,245,1173
12,2010,LBK,25653,3924,440,531,1390
12,2010,MSK,82776,11795,1145,1384,5224
12,2010,OLK,42117,7726,559,646,2703
12,2010,PAK,27359,6059,675,962,1784
12,2010,PHA,33433,5203,2244,2245,1717
12,2010,PLK,27267,5417,620,575,1608
12,2010,STC,54716,9435,1599,1412,3332
12,2010,ULK,61947,8044,580,579,3606
12,2010,VYS,29410,6454,326,404,2196
12,2010,ZLK,33386,5469,574,561,2193
1,2011,HKK,24862,3313,1046,864,1612
1,2011,JHC,30920,4742,880,1025,1996
1,2011,JHM,70119,7538,2403,2184,4435
1,2011,KVK,20642,2438,416,347,1192
1,2011,LBK,25821,3107,791,666,1331
1,2011,MSK,83829,8651,1933,1925,5086
1,2011,OLK,43214,4799,1104,964,2600
1,2011,PAK,27968,3535,932,849,1742
1,2011,PHA,33663,4864,2570,3257,1646
1,2011,PLK,28003,3792,879,995,1573
1,2011,STC,55923,7392,1803,1404,3249
1,2011,ULK,62760,6174,972,923,3597
1,2011,VYS,30205,3406,714,513,2153
1,2011,ZLK,33934,3773,912,849,2113
2,2011,HKK,24575,2214,1150,868,1597
2,2011,JHC,30823,2917,854,681,2023
2,2011,JHM,69486,5348,1874,2075,4433
2,2011,KVK,20344,1513,447,336,1177
2,2011,LBK,25672,2433,561,655,1355
2,2011,MSK,83251,6209,1736,1702,5150
2,2011,OLK,42731,2952,1138,943,2594
2,2011,PAK,27585,2129,1220,1083,1744
2,2011,PHA,33814,4464,2718,2226,1702
2,2011,PLK,27352,2500,924,1074,1554
2,2011,STC,55396,5244,1387,1506,3261
2,2011,ULK,62561,4768,795,897,3551
2,2011,VYS,29725,1994,531,628,2179
2,2011,ZLK,33581,2471,756,646,2146
3,2011,HKK,23721,2489,1139,1191,1540
3,2011,JHC,29197,3094,1062,1032,2014
3,2011,JHM,66984,5410,1865,2132,4322
3,2011,KVK,19539,1660,528,425,1131
3,2011,LBK,25200,2487,796,719,1376
3,2011,MSK,81278,6449,2504,1983,5026
3,2011,OLK,40766,3002,1414,1171,2539
3,2011,PAK,25977,2195,1180,971,1678
3,2011,PHA,33713,4638,3403,3020,1717
3,2011,PLK,25821,2695,951,933,1434
3,2011,STC,53876,5727,1925,1757,3206
3,2011,ULK,60902,4847,1057,882,3486
3,2011,VYS,28273,2157,617,564,2157
3,2011,ZLK,32515,2613,888,782,2125
4,2011,HKK,21703,2406,1173,1038,1407
4,2011,JHC,26318,2800,1090,864,1892
4,2011,JHM,62958,5273,1892,1635,4132
4,2011,KVK,18603,1545,392,318,1083
4,2011,LBK,24459,2501,915,864,1336
4,2011,MSK,77378,6193,1978,1673,4756
4,2011,OLK,37707,2880,1154,1037,2427
4,2011,PAK,23464,2210,1075,969,1591
4,2011,PHA,33104,4206,2891,2523,1649
4,2011,PLK,23843,2484,866,684,1313
4,2011,STC,50784,5167,1302,1407,3029
4,2011,ULK,58508,4596,814,736,3355
4,2011,VYS,24834,1924,683,646,1998
4,2011,ZLK,30179,2494,857,566,1990
5,2011,HKK,20357,2216,1148,1105,1232
5,2011,JHC,24390,2654,1037,971,1636
5,2011,JHM,59963,5030,2167,1937,3509
5,2011,KVK,17811,1565,475,346,967
5,2011,LBK,23381,2084,1098,883,1185
5,2011,MSK,74549,6114,2678,2003,4069
5,2011,OLK,35599,2672,1248,1393,2008
5,2011,PAK,21879,2173,1166,1144,1380
5,2011,PHA,32295,3887,2611,2853,1417
5,2011,PLK,22494,2417,883,862,1106
5,2011,STC,49000,5037,1633,1388,2579
5,2011,ULK,56716,4521,1009,844,3001
5,2011,VYS,23003,1877,771,655,1692
5,2011,ZLK,28519,2380,952,896,1675
6,2011,HKK,19943,2326,1238,1095,1085
6,2011,JHC,23648,2827,945,878,1368
6,2011,JHM,58431,5207,1865,2229,3030
6,2011,KVK,17381,1562,386,546,819
6,2011,LBK,22771,2235,752,738,1041
6,2011,MSK,72766,6159,2842,2037,3572
6,2011,OLK,34359,2844,1039,1084,1627
6,2011,PAK,21202,2266,1065,1074,1158
6,2011,PHA,32101,4175,2684,2514,1314
6,2011,PLK,22099,2495,992,866,948
6,2011,STC,48517,5161,1667,1570,2244
6,2011,ULK,55615,4461,942,946,2559
6,2011,VYS,22386,2115,530,480,1444
6,2011,ZLK,27556,2362,768,891,1462
7,2011,HKK,20466,2811,901,914,1163
7,2011,JHC,24028,3204,769,627,1501
7,2011,JHM,59139,6690,1451,1327,3094
7,2011,KVK,17343,1798,372,259,785
7,2011,LBK,23167,2513,522,547,1085
7,2011,MSK,72975,7106,1597,1959,3673
7,2011,OLK,34726,3629,897,972,1775
7,2011,PAK,21626,2824,766,569,1239
7,2011,PHA,33084,4590,2175,2025,1241
7,2011,PLK,22411,2820,685,570,1030
7,2011,STC,49290,5746,1592,1665,2288
7,2011,ULK,56207,5703,753,697,2480
7,2011,VYS,23188,2935,490,377,1520
7,2011,ZLK,27934,3040,646,626,1588
8,2011,HKK,20249,2486,1157,1147,1343
8,2011,JHC,23500,2913,994,734,1616
8,2011,JHM,58753,6337,2097,2038,3724
8,2011,KVK,17044,1689,670,434,869
8,2011,LBK,23053,2663,699,671,1266
8,2011,MSK,72342,6823,2236,2061,4143
8,2011,OLK,34089,3241,963,1045,2029
8,2011,PAK,21433,2506,920,692,1426
8,2011,PHA,33406,4531,2601,2131,1378
8,2011,PLK,22041,2575,888,847,1187
8,2011,STC,48999,5700,1640,1314,2541
8,2011,ULK,55764,5099,922,717,2728
8,2011,VYS,23040,2418,566,685,1777
8,2011,ZLK,27822,2862,770,747,1936
9,2011,HKK,19799,3488,1013,1069,1783
9,2011,JHC,22810,4035,824,1138,1963
9,2011,JHM,57811,8106,1726,1797,4607
9,2011,KVK,17067,2445,422,597,1194
9,2011,LBK,22776,3433,690,706,1601
9,2011,MSK,71514,9243,2137,2275,4895
9,2011,OLK,33946,4897,940,1052,2691
9,2011,PAK,20917,3440,1151,1121,1904
9,2011,PHA,32904,5467,2325,2298,1635
9,2011,PLK,21574,3575,975,855,1517
9,2011,STC,48512,7838,1156,1256,3372
9,2011,ULK,55682,7122,727,1020,3479
9,2011,VYS,22419,3406,675,504,2251
9,2011,ZLK,27384,3962,778,814,2421
10,2011,HKK,19757,2670,870,1078,1799
10,2011,JHC,22880,3199,838,928,2045
10,2011,JHM,57087,5729,1883,1790,4649
10,2011,KVK,16857,1787,367,442,1216
10,2011,LBK,22410,2527,722,566,1620
10,2011,MSK,70662,7007,1503,2180,4807
10,2011,OLK,33740,3280,812,836,2740
10,2011,PAK,20670,2563,844,962,1871
10,2011,PHA,32786,4583,2366,1993,1751
10,2011,PLK,21259,2754,1105,1181,1493
10,2011,STC,47900,5690,1244,1397,3548
10,2011,ULK,55435,5514,760,786,3524
10,2011,VYS,22243,2467,505,598,2228
10,2011,ZLK,26932,2691,600,745,2376
11,2011,HKK,20294,2776,846,995,1701
11,2011,JHC,23650,3604,682,775,1921
11,2011,JHM,58322,6658,1544,1737,4486
11,2011,KVK,16762,1879,299,333,1112
11,2011,LBK,22509,2518,755,852,1507
11,2011,MSK,71034,7236,1533,1868,4495
11,2011,OLK,34561,3954,695,780,2640
11,2011,PAK,21060,2760,659,886,1761
11,2011,PHA,32698,4324,1830,1857,1715
11,2011,PLK,21269,2742,808,1051,1357
11,2011,STC,48248,5921,1299,1220,3378
11,2011,ULK,55768,5216,702,879,3404
11,2011,VYS,22862,2906,421,665,2156
11,2011,ZLK,27367,3161,544,619,2281
12,2011,HKK,22185,3791,862,920,1707
12,2011,JHC,26450,5014,455,554,1910
12,2011,JHM,62722,8297,906,972,4461
12,2011,KVK,17447,2303,200,251,1071
12,2011,LBK,23286,2717,474,545,1456
12,2011,MSK,75019,9054,1047,1086,4435
12,2011,OLK,38119,5960,449,721,2657
12,2011,PAK,23631,4281,409,623,1777
12,2011,PHA,32580,3801,1967,1722,1622
12,2011,PLK,23308,4103,952,548,1331
12,2011,STC,50594,6708,811,1120,3215
12,2011,ULK,58087,5742,356,746,3401
12,2011,VYS,25605,4427,293,476,2185
12,2011,ZLK,29418,4050,453,398,2280
1,2012,HKK,23588,3900,1114,946,1560
1,2012,JHC,29042,5566,738,713,1885
1,2012,JHM,65642,8748,1327,1300,4336
1,2012,KVK,18357,2610,407,364,1049
1,2012,LBK,24083,3345,651,726,1269
1,2012,MSK,78090,9710,1485,1741,4487
1,2012,OLK,40361,5364,928,649,2457
1,2012,PAK,25195,3973,693,924,1651
1,2012,PHA,33323,5278,1707,2310,1458
1,2012,PLK,24457,4026,851,975,1177
1,2012,STC,53329,8240,1087,1469,2912
1,2012,ULK,60896,7111,650,700,3238
1,2012,VYS,27055,3774,397,343,1984
1,2012,ZLK,30671,4066,604,792,2017
2,2012,HKK,23974,2606,852,910,1539
2,2012,JHC,29396,3249,705,629,1983
2,2012,JHM,66201,6254,1562,1135,4483
2,2012,KVK,18595,1775,332,340,1046
2,2012,LBK,24427,2461,675,533,1162
2,2012,MSK,79390,7680,1576,1374,4824
2,2012,OLK,40946,3517,656,665,2325
2,2012,PAK,25348,2560,603,734,1572
2,2012,PHA,34101,4591,2309,1131,1476
2,2012,PLK,24344,2771,753,908,1090
2,2012,STC,54257,6059,1594,1158,2816
2,2012,ULK,62386,5560,860,758,3131
2,2012,VYS,27275,2444,368,377,1918
2,2012,ZLK,31045,2994,560,553,1931
3,2012,HKK,23039,1746,922,911,1435
3,2012,JHC,28059,2275,964,857,1572
3,2012,JHM,64346,4813,1618,1762,3802
3,2012,KVK,17999,1323,414,252,1018
3,2012,LBK,24016,2059,1385,1076,1250
3,2012,MSK,78223,5910,1428,1461,3985
3,2012,OLK,39249,2257,1062,688,2252
3,2012,PAK,24119,1727,1153,628,1533
3,2012,PHA,33049,2529,2464,1376,1190
3,2012,PLK,22885,1743,1115,864,1202
3,2012,STC,52472,4182,1432,1150,2858
3,2012,ULK,61564,4080,772,576,3020
3,2012,VYS,25847,1593,412,386,1941
3,2012,ZLK,30313,2222,682,601,1867
4,2012,HKK,21691,2042,943,782,1292
4,2012,JHC,25664,2472,1053,650,1383
4,2012,JHM,60332,4558,1459,1657,3459
4,2012,KVK,17200,1384,350,256,936
4,2012,LBK,23050,1818,684,871,1133
4,2012,MSK,74911,5995,1793,1566,3740
4,2012,OLK,36724,2510,857,769,2109
4,2012,PAK,22152,1717,793,723,1381
4,2012,PHA,33059,3248,1973,1528,1107
4,2012,PLK,21482,1939,1069,888,1163
4,2012,STC,49790,4155,1324,959,2582
4,2012,ULK,59272,4062,742,669,2805
4,2012,VYS,23475,1682,386,397,1764
4,2012,ZLK,28520,2297,543,453,1673
5,2012,HKK,20843,1850,941,817,1179
5,2012,JHC,24259,2185,890,778,1335
5,2012,JHM,57943,4280,1840,1620,3106
5,2012,KVK,16815,1250,411,339,781
5,2012,LBK,22604,1873,665,558,1052
5,2012,MSK,73512,5585,1770,1613,3512
5,2012,OLK,35288,2580,840,1109,1808
5,2012,PAK,20935,1670,774,842,1148
5,2012,PHA,33205,3456,2388,1793,972
5,2012,PLK,20424,1647,1098,874,843
5,2012,STC,48639,4125,1428,1073,2178
5,2012,ULK,58025,3636,653,578,2443
5,2012,VYS,22139,1570,398,348,1460
5,2012,ZLK,27468,2169,768,564,1422
6,2012,HKK,20340,1436,740,860,944
6,2012,JHC,23729,1885,764,708,1150
6,2012,JHM,57019,3811,1274,1503,2590
6,2012,KVK,16598,965,369,417,700
6,2012,LBK,22264,1385,645,706,972
6,2012,MSK,72559,4169,1439,1731,2947
6,2012,OLK,34197,1868,713,795,1497
6,2012,PAK,20326,1355,737,851,985
6,2012,PHA,33499,3038,1816,1845,894
6,2012,PLK,20156,1606,926,952,794
6,2012,STC,48074,3505,1280,1084,1939
6,2012,ULK,57410,3132,803,912,2110
6,2012,VYS,21609,1253,434,350,1165
6,2012,ZLK,26806,1608,700,812,1182
7,2012,HKK,20975,2478,644,711,963
7,2012,JHC,24156,2867,591,692,1212
7,2012,JHM,58997,6249,1272,1230,2581
7,2012,KVK,16981,1660,289,243,758
7,2012,LBK,22637,2051,575,561,1189
7,2012,MSK,73675,6809,1457,1091,3130
7,2012,OLK,34591,2846,826,670,1666
7,2012,PAK,21129,2380,488,860,1027
7,2012,PHA,34948,3858,1318,1804,872
7,2012,PLK,20701,2286,690,688,926
7,2012,STC,49168,4983,818,2059,2021
7,2012,ULK,57941,4683,678,675,2106
7,2012,VYS,22260,2301,359,365,1281
7,2012,ZLK,27438,2972,580,622,1310
8,2012,HKK,21119,2059,682,803,1088
8,2012,JHC,23903,2493,796,792,1425
8,2012,JHM,59099,5106,1714,1340,3109
8,2012,KVK,16964,1491,298,284,855
8,2012,LBK,22641,1818,705,689,1307
8,2012,MSK,73396,5817,1388,1306,3524
8,2012,OLK,34567,2697,688,697,2072
8,2012,PAK,21084,1873,807,697,1180
8,2012,PHA,35922,3592,1696,1572,1006
8,2012,PLK,20907,2136,930,686,1158
8,2012,STC,49452,4789,1221,840,2411
8,2012,ULK,57480,4076,737,586,2335
8,2012,VYS,22328,1865,335,372,1552
8,2012,ZLK,27831,2631,636,503,1641
9,2012,HKK,21697,3166,776,804,1615
9,2012,JHC,24361,3685,808,1091,2158
9,2012,JHM,60061,7583,1301,1492,4482
9,2012,KVK,17136,1887,257,316,1218
9,2012,LBK,22783,2708,716,687,1608
9,2012,MSK,75185,8848,1510,1849,4885
9,2012,OLK,35036,3884,760,983,2901
9,2012,PAK,21467,2859,480,729,1779
9,2012,PHA,35831,4248,2729,2284,1212
9,2012,PLK,20547,2706,837,1006,1429
9,2012,STC,50170,6605,1109,1241,3408
9,2012,ULK,58300,6134,750,941,3278
9,2012,VYS,22508,2907,424,478,2221
9,2012,ZLK,28103,3553,535,841,2405
10,2012,HKK,22034,2561,896,1104,1736
10,2012,JHC,24644,3186,1171,1101,2279
10,2012,JHM,60109,5640,1379,1790,4682
10,2012,KVK,17203,1700,438,380,1282
10,2012,LBK,22847,2235,609,507,1740
10,2012,MSK,75419,6967,1270,882,5147
10,2012,OLK,35595,3259,693,1089,3112
10,2012,PAK,21744,2303,617,764,1928
10,2012,PHA,36094,4273,1655,619,1267
10,2012,PLK,21204,2975,926,1434,1645
10,2012,STC,50526,5681,1485,1526,3578
10,2012,ULK,58286,4879,751,1053,3540
10,2012,VYS,22528,2169,559,507,2238
10,2012,ZLK,28529,2991,637,410,2409
11,2012,HKK,22872,2610,650,773,1710
11,2012,JHC,25867,3382,684,596,2040
11,2012,JHM,61640,5812,1133,1435,4558
11,2012,KVK,17477,1649,247,493,1297
11,2012,LBK,23197,2184,474,720,1762
11,2012,MSK,76590,6560,1113,2065,4972
11,2012,OLK,36954,3474,649,676,3109
11,2012,PAK,22405,2271,682,552,1942
11,2012,PHA,36122,3461,1348,451,1301
11,2012,PLK,21829,2557,550,678,1601
11,2012,STC,51492,5148,1295,1523,3425
11,2012,ULK,59101,4764,587,657,3601
11,2012,VYS,23650,2536,414,738,2222
11,2012,ZLK,29302,2795,389,781,2310
12,2012,HKK,25210,3527,454,696,1717
12,2012,JHC,28767,4444,418,598,2024
12,2012,JHM,66435,7308,1010,1111,4579
12,2012,KVK,18411,1770,142,331,1281
12,2012,LBK,24185,2240,375,474,1788
12,2012,MSK,81099,7974,681,1059,4940
12,2012,OLK,40342,4700,297,435,3110
12,2012,PAK,25264,3648,314,589,2012
12,2012,PHA,36771,2955,1004,3165,1295
12,2012,PLK,23724,3030,407,385,1676
12,2012,STC,54451,5576,587,588,3426
12,2012,ULK,61589,5036,395,461,3655
12,2012,VYS,26963,4112,210,292,2308
12,2012,ZLK,32100,3925,258,281,2309
1,2013,HKK,27300,4333,978,677,1706
1,2013,JHC,32225,6050,795,760,1959
1,2013,JHM,70687,9536,1684,1319,4366
1,2013,KVK,19663,2648,297,376,1243
1,2013,LBK,25716,3503,752,745,1648
1,2013,MSK,86089,11154,1634,1768,4891
1,2013,OLK,43974,5965,776,459,3177
1,2013,PAK,27583,4206,880,981,2046
1,2013,PHA,38771,5610,1845,3973,1276
1,2013,PLK,26271,4764,789,665,1652
1,2013,STC,58247,8548,1628,1403,3330
1,2013,ULK,65262,7931,810,1002,3732
1,2013,VYS,29176,4069,519,426,2261
1,2013,ZLK,34845,5188,657,589,2237
2,2013,HKK,27697,2189,0,0,1722
2,2013,JHC,32662,2771,0,0,2012
2,2013,JHM,71215,5104,0,0,4390
2,2013,KVK,19865,1453,0,0,1200
2,2013,LBK,26028,2033,0,0,1662
2,2013,MSK,87580,6156,0,0,5087
2,2013,OLK,44555,2848,0,0,3179
2,2013,PAK,27978,1963,0,0,2053
2,2013,PHA,39949,4070,0,0,1285
2,2013,PLK,26531,2431,0,0,1398
2,2013,STC,59135,4918,0,0,3263
2,2013,ULK,66012,4315,0,0,3756
2,2013,VYS,29186,1886,0,0,2262
2,2013,ZLK,35290,2623,0,0,2211
3,2013,HKK,27480,2129,0,0,1707
3,2013,JHC,31435,2496,0,0,2030
3,2013,JHM,69491,4714,0,0,4441
3,2013,KVK,19665,1426,0,0,1148
3,2013,LBK,26087,2331,0,0,1632
3,2013,MSK,87347,5958,0,0,5134
3,2013,OLK,43809,2769,0,0,3098
3,2013,PAK,27379,2065,0,0,2051
3,2013,PHA,40762,3967,0,0,1293
3,2013,PLK,25992,2408,0,0,1444
3,2013,STC,58744,4722,0,0,3207
3,2013,ULK,66106,4542,0,0,3788
3,2013,VYS,28558,1953,0,0,2293
3,2013,ZLK,34913,2419,0,0,2172
4,2013,HKK,26164,2339,0,0,1639
4,2013,JHC,29101,2712,0,0,1986
4,2013,JHM,66273,5054,0,0,4295
4,2013,KVK,19154,1634,0,0,1078
4,2013,LBK,25600,2305,0,0,1582
4,2013,MSK,85002,6245,0,0,5096
4,2013,OLK,41231,3101,0,0,2955
4,2013,PAK,25614,2264,0,0,1919
4,2013,PHA,40928,4017,0,0,1274
4,2013,PLK,24724,2379,0,0,1513
4,2013,STC,57162,4948,0,0,3079
4,2013,ULK,65103,4882,0,0,3721
4,2013,VYS,26031,1979,0,0,2157
4,2013,ZLK,33141,2711,0,0,2057
5,2013,HKK,25076,2047,0,0,1544
5,2013,JHC,27497,2383,0,0,1854
5,2013,JHM,64150,4417,0,0,4125
5,2013,KVK,18645,1337,0,0,1057
5,2013,LBK,24833,1863,0,0,1498
5,2013,MSK,83118,5618,0,0,4885
5,2013,OLK,39265,2610,0,0,2768
5,2013,PAK,24133,1934,0,0,1746
5,2013,PHA,40893,3629,0,0,1251
5,2013,PLK,24138,2288,0,0,1467
5,2013,STC,55975,4574,0,0,2898
5,2013,ULK,63779,3891,0,0,3540
5,2013,VYS,24507,1675,0,0,2035
5,2013,ZLK,31454,2231,0,0,1940
6,2013,HKK,24598,1803,0,0,1280
6,2013,JHC,26749,2270,0,0,1513
6,2013,JHM,63427,4357,0,0,3396
6,2013,KVK,18514,1360,0,0,895
6,2013,LBK,24390,1731,0,0,1234
6,2013,MSK,82556,5343,0,0,4039
6,2013,OLK,38323,2541,0,0,2184
6,2013,PAK,23312,1678,0,0,1432
6,2013,PHA,41690,3558,0,0,1172
6,2013,PLK,23580,1948,0,0,1177
6,2013,STC,55399,4114,0,0,2449
6,2013,ULK,63038,3906,0,0,2908
6,2013,VYS,24189,1776,0,0,1628
6,2013,ZLK,30708,2149,0,0,1589
7,2013,HKK,25221,2583,0,0,1339
7,2013,JHC,27346,3100,0,0,1662
7,2013,JHM,64813,6362,0,0,3630
7,2013,KVK,18541,1623,0,0,925
7,2013,LBK,24915,2325,0,0,1365
7,2013,MSK,83726,7146,0,0,4399
7,2013,OLK,38833,3411,0,0,2389
7,2013,PAK,23733,2492,0,0,1577
7,2013,PHA,43529,4747,0,0,1273
7,2013,PLK,24011,2546,0,0,1336
7,2013,STC,57190,5956,0,0,2645
7,2013,ULK,63392,5004,0,0,2954
7,2013,VYS,24863,2606,0,0,1871
7,2013,ZLK,30983,2962,0,0,1777
8,2013,HKK,25136,1944,0,0,1468
8,2013,JHC,27112,2510,0,0,1751
8,2013,JHM,65030,5015,0,0,4034
8,2013,KVK,18599,1416,0,0,1026
8,2013,LBK,24752,1820,0,0,1453
8,2013,MSK,83854,5787,0,0,4826
8,2013,OLK,38823,2616,0,0,2654
8,2013,PAK,23674,1867,0,0,1715
8,2013,PHA,44032,3580,0,0,1387
8,2013,PLK,24203,2208,0,0,1489
8,2013,STC,57377,4612,0,0,2823
8,2013,ULK,63226,4050,0,0,3033
8,2013,VYS,24870,1894,0,0,2145
8,2013,ZLK,31043,2515,0,0,2107
9,2013,HKK,25432,3301,0,0,1930
9,2013,JHC,27386,3809,0,0,2164
9,2013,JHM,65727,7916,0,0,5368
9,2013,KVK,18808,2040,0,0,1369
9,2013,LBK,24905,2903,0,0,1857
9,2013,MSK,84980,9109,0,0,6058
9,2013,OLK,39313,4507,0,0,3397
9,2013,PAK,23510,2787,0,0,2195
9,2013,PHA,44508,5154,0,0,1779
9,2013,PLK,24451,3385,0,0,1885
9,2013,STC,58282,7226,0,0,3831
9,2013,ULK,64019,6357,0,0,3950
9,2013,VYS,24500,2847,0,0,2567
9,2013,ZLK,31237,3779,0,0,2831
10,2013,HKK,25515,2328,0,0,2018
10,2013,JHC,27732,2955,0,0,2245
10,2013,JHM,65325,5150,0,0,5286
10,2013,KVK,18817,1501,0,0,1394
10,2013,LBK,24733,2098,0,0,1796
10,2013,MSK,84580,6083,0,0,6021
10,2013,OLK,39347,3224,0,0,3384
10,2013,PAK,23562,2060,0,0,2177
10,2013,PHA,44785,4320,0,0,1892
10,2013,PLK,24182,2331,0,0,1834
10,2013,STC,58367,5135,0,0,3984
10,2013,ULK,64242,4583,0,0,4156
10,2013,VYS,24469,2021,0,0,2505
10,2013,ZLK,31025,2554,0,0,2761
11,2013,HKK,25927,2496,0,0,1968
11,2013,JHC,28771,3392,0,0,2199
11,2013,JHM,67337,6456,0,0,5186
11,2013,KVK,19050,1673,0,0,1253
11,2013,LBK,25024,2242,0,0,1734
11,2013,MSK,85810,6635,0,0,5871
11,2013,OLK,40228,3843,0,0,3220
11,2013,PAK,24041,2454,0,0,2110
11,2013,PHA,44664,3618,0,0,1869
11,2013,PLK,24296,2462,0,0,1730
11,2013,STC,58912,5533,0,0,3779
11,2013,ULK,64494,4573,0,0,4064
11,2013,VYS,25240,2578,0,0,2383
11,2013,ZLK,31519,2880,0,0,2613
12,2013,HKK,27678,3253,0,0,1926
12,2013,JHC,31551,4382,0,0,2181
12,2013,JHM,71970,7555,0,0,5139
12,2013,KVK,19600,1584,0,0,1201
12,2013,LBK,25909,2296,0,0,1674
12,2013,MSK,89976,7884,0,0,5814
12,2013,OLK,43364,5068,0,0,3218
12,2013,PAK,26371,3497,0,0,2099
12,2013,PHA,44922,2882,0,0,1846
12,2013,PLK,25709,2982,0,0,1668
12,2013,STC,61681,5711,0,0,3742
12,2013,ULK,65820,4410,0,0,3999
12,2013,VYS,28304,4212,0,0,2431
12,2013,ZLK,33978,4029,0,0,2608
1,2014,HKK,29126,4231,0,0,1914
1,2014,JHC,35093,6422,0,0,2110
1,2014,JHM,75378,8716,0,0,4899
1,2014,KVK,20340,2715,0,0,1183
1,2014,LBK,27068,3685,0,0,1557
1,2014,MSK,93714,10019,0,0,5760
1,2014,OLK,46404,5533,0,0,3295
1,2014,PAK,28605,4713,0,0,2136
1,2014,PHA,46842,5584,0,0,1819
1,2014,PLK,27624,4961,0,0,1669
1,2014,STC,64993,8743,0,0,3639
1,2014,ULK,68393,7416,0,0,4082
1,2014,VYS,30208,3973,0,0,2376
1,2014,ZLK,35486,4735,0,0,2530
2,2014,HKK,29037,2517,1053,968,1906
2,2014,JHC,34694,2986,1157,1290,2044
2,2014,JHM,74823,5142,1770,1710,4672
2,2014,KVK,20001,1451,610,195,1167
2,2014,LBK,27006,2327,966,935,1468
2,2014,MSK,93619,6384,1873,1647,5709
2,2014,OLK,46314,3291,1245,743,3396
2,2014,PAK,28129,2049,1079,785,2174
2,2014,PHA,46907,4924,1382,2276,1792
2,2014,PLK,26990,2308,966,829,1683
2,2014,STC,65119,5838,1654,1259,3540
2,2014,ULK,67977,4261,1196,804,4172
2,2014,VYS,29681,1919,604,442,2324
2,2014,ZLK,35093,2473,861,626,2454
3,2014,HKK,28020,2327,1202,1133,1481
3,2014,JHC,32738,2993,1357,1029,1904
3,2014,JHM,73200,5953,2225,1872,4383
3,2014,KVK,19276,1654,438,458,842
3,2014,LBK,26692,2682,1044,946,1317
3,2014,MSK,91837,6285,2443,1717,4626
3,2014,OLK,44645,3315,1298,1280,2524
3,2014,PAK,27206,2496,1145,1772,1699
3,2014,PHA,46768,4680,1498,1798,1477
3,2014,PLK,25545,2394,1250,840,1244
3,2014,STC,63264,5597,1821,1181,3050
3,2014,ULK,66951,5102,1133,1004,3035
3,2014,VYS,28252,2221,798,446,1889
3,2014,ZLK,33921,2631,1039,708,1963
4,2014,HKK,25999,2508,1179,1155,1294
4,2014,JHC,30074,3036,1530,1035,1813
4,2014,JHM,68885,5157,2064,1652,4222
4,2014,KVK,18260,1561,456,581,799
4,2014,LBK,25603,2469,967,1010,1205
4,2014,MSK,88369,6424,2140,1944,4403
4,2014,OLK,41402,3134,1490,1213,2313
4,2014,PAK,24438,2083,1628,1066,1515
4,2014,PHA,46318,4662,1394,1402,1408
4,2014,PLK,23567,2239,1434,1108,1130
4,2014,STC,60198,5505,2171,1432,2838
4,2014,ULK,64820,4958,1201,1156,2829
4,2014,VYS,25417,1987,794,471,1711
4,2014,ZLK,31558,2657,927,712,1851
5,2014,HKK,24435,2048,1107,1035,1182
5,2014,JHC,27935,2524,1624,1314,1615
5,2014,JHM,65880,4444,2115,1861,3808
5,2014,KVK,17405,1294,507,254,701
5,2014,LBK,24607,1990,1170,853,1138
5,2014,MSK,85588,5425,1790,1710,4097
5,2014,OLK,39131,2515,1459,1258,2034
5,2014,PAK,22545,1751,1327,1039,1292
5,2014,PHA,45874,4265,1358,1365,1312
5,2014,PLK,22400,2255,1509,1138,1029
5,2014,STC,57942,4757,2433,1702,2546
5,2014,ULK,62960,4190,1355,815,2601
5,2014,VYS,23697,1770,799,550,1556
5,2014,ZLK,29574,2204,956,838,1659
6,2014,HKK,23540,2023,1210,1032,1024
6,2014,JHC,26682,2503,1253,1399,1357
6,2014,JHM,64359,5004,2255,2101,3237
6,2014,KVK,16985,1357,552,699,583
6,2014,LBK,23995,2101,996,967,1033
6,2014,MSK,84254,5961,2169,2316,3519
6,2014,OLK,38079,2864,1554,1394,1679
6,2014,PAK,21601,1968,1595,1188,1089
6,2014,PHA,45507,4382,1962,2234,1184
6,2014,PLK,21814,2259,1455,1013,936
6,2014,STC,56699,5126,2320,1795,2278
6,2014,ULK,61845,4316,1264,1129,2263
6,2014,VYS,22920,1903,1037,938,1235
6,2014,ZLK,28899,2537,897,858,1340
7,2014,HKK,23881,2839,1394,1045,1127
7,2014,JHC,26438,3234,1598,1152,1428
7,2014,JHM,65040,6660,2394,2646,3275
7,2014,KVK,17266,1839,530,324,606
7,2014,LBK,24100,2538,1279,879,1061
7,2014,MSK,84341,7125,2191,1601,3628
7,2014,OLK,38166,3605,1643,1489,1812
7,2014,PAK,21959,2854,1600,1263,1152
7,2014,PHA,46397,5298,1151,1212,1227
7,2014,PLK,22333,3128,1360,1248,1060
7,2014,STC,57536,6428,2281,2885,2376
7,2014,ULK,61681,5103,1281,1311,2229
7,2014,VYS,23302,2656,792,669,1327
7,2014,ZLK,28924,3171,980,1114,1440
8,2014,HKK,23470,1996,951,933,1219
8,2014,JHC,25772,2444,1498,1290,1486
8,2014,JHM,64428,4809,2402,1753,3547
8,2014,KVK,17086,1316,634,669,644
8,2014,LBK,23813,1832,860,659,1107
8,2014,MSK,83586,5520,2066,1732,3847
8,2014,OLK,37529,2639,1376,1241,1889
8,2014,PAK,21520,1882,1402,1211,1234
8,2014,PHA,46031,3923,1754,1021,1258
8,2014,PLK,22222,2221,1430,934,1165
8,2014,STC,57137,4840,2226,1723,2532
8,2014,ULK,60779,3964,1221,1106,2317
8,2014,VYS,23245,1940,712,627,1522
8,2014,ZLK,28607,2361,904,892,1618
9,2014,HKK,23225,3530,1342,1426,1757
9,2014,JHC,25224,3887,1263,1457,1853
9,2014,JHM,63575,7854,2784,2498,4462
9,2014,KVK,17147,2227,638,466,955
9,2014,LBK,23576,3089,1009,840,1448
9,2014,MSK,83301,9084,2655,2167,4782
9,2014,OLK,37133,4528,1800,1731,2485
9,2014,PAK,20972,3242,1338,1247,1680
9,2014,PHA,44962,5523,1747,1363,1470
9,2014,PLK,21750,3432,1362,1365,1508
9,2014,STC,56629,7540,2317,2089,3460
9,2014,ULK,60709,6744,1509,1558,3075
9,2014,VYS,22881,3132,1148,1031,1922
9,2014,ZLK,28014,3668,1132,974,2182
10,2014,HKK,22486,2416,1414,1325,1615
10,2014,JHC,24932,3270,1295,1367,1819
10,2014,JHM,62547,5563,2609,2743,4223
10,2014,KVK,16881,1646,672,485,912
10,2014,LBK,22989,2344,926,966,1395
10,2014,MSK,81971,6516,2341,1984,4546
10,2014,OLK,36531,3240,1592,1487,2452
10,2014,PAK,20349,2352,1179,1184,1558
10,2014,PHA,44307,5031,2204,1398,1528
10,2014,PLK,21113,2624,1790,1506,1483
10,2014,STC,55385,5791,2232,1937,3312
10,2014,ULK,60018,4986,1401,1504,2979
10,2014,VYS,22630,2292,826,965,1817
10,2014,ZLK,27499,2672,1007,976,2038
11,2014,HKK,22412,2525,1449,1209,1447
11,2014,JHC,25196,3470,1309,1093,1650
11,2014,JHM,62592,5665,2267,2147,3872
11,2014,KVK,16850,1630,498,639,820
11,2014,LBK,22831,2207,887,830,1275
11,2014,MSK,81171,5844,1974,1874,4087
11,2014,OLK,36529,3293,1310,1381,2230
11,2014,PAK,20408,2560,1046,1198,1416
11,2014,PHA,43597,4243,1741,1061,1465
11,2014,PLK,21151,2641,1161,1269,1279
11,2014,STC,54840,5392,2151,2007,3000
11,2014,ULK,59674,4739,1220,1018,2686
11,2014,VYS,22814,2445,699,832,1660
11,2014,ZLK,27443,2771,953,927,1834
12,2014,HKK,23866,3545,767,854,1394
12,2014,JHC,27645,4730,899,1327,1552
12,2014,JHM,66203,7630,1597,2044,3764
12,2014,KVK,17290,1784,325,437,784
12,2014,LBK,23496,2544,723,750,1245
12,2014,MSK,83877,7929,1454,1812,3909
12,2014,OLK,38990,5084,1124,1155,2104
12,2014,PAK,21938,3485,773,1129,1343
12,2014,PHA,43499,3696,1769,947,1419
12,2014,PLK,22641,3505,809,994,1223
12,2014,STC,56674,6398,1898,1347,2839
12,2014,ULK,60824,5068,1033,995,2577
12,2014,VYS,25532,4298,536,807,1610
12,2014,ZLK,29439,4088,742,509,1741
1,2015,HKK,24236,3587,1544,1227,1288
1,2015,JHC,29666,5396,1792,1159,1470
1,2015,JHM,67613,7946,3101,2362,3581
1,2015,KVK,17787,2252,646,636,748
1,2015,LBK,23778,3094,1240,965,1166
1,2015,MSK,85181,8714,2658,2434,3787
1,2015,OLK,40555,5212,1852,1301,1998
1,2015,PAK,22982,3707,1501,1181,1297
1,2015,PHA,43978,5626,1939,2344,1370
1,2015,PLK,23383,3871,1709,1420,1118
1,2015,STC,58214,7754,2450,2212,2726
1,2015,ULK,62140,6410,1734,1946,2516
1,2015,VYS,26431,3448,1047,792,1511
1,2015,ZLK,30247,4027,1266,982,1609
2,2015,HKK,23564,1927,1372,820,1222
2,2015,JHC,29372,2736,1821,1331,1445
2,2015,JHM,66460,4894,2941,2133,3553
2,2015,KVK,17433,1357,660,451,696
2,2015,LBK,23365,2007,991,1040,1132
2,2015,MSK,84465,5479,2580,1841,3911
2,2015,OLK,39868,2750,1965,1188,1922
2,2015,PAK,22521,1919,1358,1107,1302
2,2015,PHA,43876,4255,2233,1146,1660
2,2015,PLK,22697,2076,1615,1669,1064
2,2015,STC,57329,4912,2559,2256,2662
2,2015,ULK,61284,4150,1778,1020,2509
2,2015,VYS,26048,2003,1106,794,1513
2,2015,ZLK,29835,2325,1483,952,1550
3,2015,HKK,22440,2176,1398,892,1231
3,2015,JHC,27025,2626,2241,1709,1346
3,2015,JHM,63858,5313,3716,2989,3437
3,2015,KVK,16785,1549,880,522,674
3,2015,LBK,22552,2429,1386,1137,1094
3,2015,MSK,82118,5896,3609,2599,3773
3,2015,OLK,37642,2879,2445,2030,1833
3,2015,PAK,21048,2158,1915,1456,1224
3,2015,PHA,43125,4431,1980,1656,1773
3,2015,PLK,21210,2217,1897,1571,977
3,2015,STC,55149,5354,2985,1883,2524
3,2015,ULK,59574,4714,2055,1841,2373
3,2015,VYS,24453,1878,1467,976,1450
3,2015,ZLK,28336,2214,1605,1239,1468
4,2015,HKK,20506,2366,1842,1068,1143
4,2015,JHC,23997,2865,2097,1516,1226
4,2015,JHM,59592,5481,3776,3197,3152
4,2015,KVK,16067,1596,783,618,604
4,2015,LBK,21641,2444,1470,924,1054
4,2015,MSK,78390,6169,3157,2590,3589
4,2015,OLK,34274,2918,2330,1541,1695
4,2015,PAK,18676,2142,1659,1202,1101
4,2015,PHA,42038,4172,1367,1206,1652
4,2015,PLK,19650,2348,1894,1436,925
4,2015,STC,52100,5249,2987,2077,2376
4,2015,ULK,56940,5106,1914,1504,2252
4,2015,VYS,21527,1925,1345,878,1304
4,2015,ZLK,26187,2577,1663,885,1378
5,2015,HKK,18985,1963,1624,1107,997
5,2015,JHC,21737,2286,1978,1555,1075
5,2015,JHM,56195,4195,4078,2549,2742
5,2015,KVK,15389,1272,845,516,548
5,2015,LBK,20601,1867,1408,1014,932
5,2015,MSK,75213,5181,3355,2225,3089
5,2015,OLK,31852,2559,2189,1682,1400
5,2015,PAK,17218,1787,1565,1054,945
5,2015,PHA,40679,3511,1481,1120,1403
5,2015,PLK,18678,2038,1834,976,814
5,2015,STC,49826,4454,2933,2317,2060
5,2015,ULK,55073,4145,2074,1256,2014
5,2015,VYS,19948,1658,1372,969,1140
5,2015,ZLK,24295,2003,1565,952,1200
6,2015,HKK,18132,2041,1914,2162,925
6,2015,JHC,20689,2593,1806,1497,942
6,2015,JHM,54569,4708,4014,3743,2426
6,2015,KVK,14884,1340,791,652,478
6,2015,LBK,19905,1892,1511,1105,822
6,2015,MSK,73265,5770,3880,2556,2671
6,2015,OLK,30506,2774,2444,2442,1240
6,2015,PAK,16438,1809,1643,1177,812
6,2015,PHA,39764,4043,1453,812,1287
6,2015,PLK,18244,2155,1545,1506,797
6,2015,STC,48614,4981,3173,2529,1900
6,2015,ULK,53678,4336,2224,2181,1840
6,2015,VYS,19294,1874,1109,1184,923
6,2015,ZLK,23413,2320,1656,1335,1079
7,2015,HKK,18552,2649,1604,1935,970
7,2015,JHC,20790,3083,1769,1640,1085
7,2015,JHM,55346,6321,3526,3718,2566
7,2015,KVK,14685,1465,643,430,453
7,2015,LBK,20026,2386,1209,1061,891
7,2015,MSK,73489,6857,3216,2580,2958
7,2015,OLK,30507,3339,1890,2025,1393
7,2015,PAK,17282,2822,1809,2074,926
7,2015,PHA,40707,5067,1682,1252,1350
7,2015,PLK,18630,2691,1595,1150,888
7,2015,STC,49184,5944,2721,2093,2058
7,2015,ULK,53411,5044,1817,1811,1887
7,2015,VYS,19863,2681,836,1130,1108
7,2015,ZLK,23869,3117,1517,1863,1242
8,2015,HKK,18284,1990,1820,2124,1072
8,2015,JHC,20375,2361,1836,1122,1187
8,2015,JHM,54982,4908,3915,3224,2908
8,2015,KVK,14492,1332,753,634,460
8,2015,LBK,19915,1997,1217,893,943
8,2015,MSK,72392,5609,3769,2831,3203
8,2015,OLK,30029,2717,1985,1498,1525
8,2015,PAK,17140,1974,2011,1555,1050
8,2015,PHA,40401,3768,1439,1217,1517
8,2015,PLK,18363,2062,1886,1160,959
8,2015,STC,48594,4675,3020,2944,2211
8,2015,ULK,52511,4167,1933,1420,1965
8,2015,VYS,19696,1927,1151,740,1242
8,2015,ZLK,23492,2281,1668,1328,1391
9,2015,HKK,17852,2915,2085,1587,1408
9,2015,JHC,19747,3469,1645,1845,1345
9,2015,JHM,53691,6996,3777,3378,3521
9,2015,KVK,14280,1821,885,648,600
9,2015,LBK,19652,2837,1283,1265,1149
9,2015,MSK,71913,8194,4787,4557,3978
9,2015,OLK,29612,4085,2742,2430,1960
9,2015,PAK,16582,2886,1599,1030,1286
9,2015,PHA,39165,4849,2012,1051,1692
9,2015,PLK,17720,2928,1928,1792,1167
9,2015,STC,47854,6839,3160,2342,2837
9,2015,ULK,51782,5813,2185,1966,2448
9,2015,VYS,19220,2744,1276,1085,1517
9,2015,ZLK,22822,3216,1668,1251,1685
10,2015,HKK,17238,2248,1644,2256,1301
10,2015,JHC,19391,2991,1648,1876,1257
10,2015,JHM,52233,4889,3604,3995,3221
10,2015,KVK,14338,1778,687,829,625
10,2015,LBK,19127,2226,1545,1626,1103
10,2015,MSK,70674,6179,3011,3781,3773
10,2015,OLK,28596,2829,2159,2033,1776
10,2015,PAK,15973,2114,1508,1526,1196
10,2015,PHA,37876,4099,1853,865,1681
10,2015,PLK,17149,2334,1485,1548,1138
10,2015,STC,46484,5197,3601,2929,2756
10,2015,ULK,50655,4580,2091,2429,2389
10,2015,VYS,18690,1974,1091,1275,1433
10,2015,ZLK,22008,2289,1522,1730,1589
11,2015,HKK,17404,2687,1489,1325,1168
11,2015,JHC,20136,3777,1408,1505,1115
11,2015,JHM,52629,6070,2794,3582,2981
11,2015,KVK,14547,2010,594,601,575
11,2015,LBK,18865,2353,1679,1346,1023
11,2015,MSK,70312,6701,2691,3133,3471
11,2015,OLK,28759,3704,1513,2097,1590
11,2015,PAK,16280,2551,1373,1704,1060
11,2015,PHA,37127,4068,2012,1443,1597
11,2015,PLK,17272,2633,1299,1406,979
11,2015,STC,46555,6456,2628,3353,2448
11,2015,ULK,50166,5416,1901,1828,2231
11,2015,VYS,18946,2569,1023,1117,1258
11,2015,ZLK,22366,3019,1264,1503,1445
12,2015,HKK,18574,2990,1104,1774,1114
12,2015,JHC,22576,4528,1057,1107,1112
12,2015,JHM,56032,7201,2256,3054,2917
12,2015,KVK,14896,1652,504,505,574
12,2015,LBK,19507,2406,1019,1231,974
12,2015,MSK,72573,7243,2605,3266,3325
12,2015,OLK,31058,4770,974,1123,1507
12,2015,PAK,18075,3434,1081,1253,1008
12,2015,PHA,37218,3450,1065,814,1495
12,2015,PLK,18587,3091,1318,840,934
12,2015,STC,48102,5928,2183,2129,2319
12,2015,ULK,50778,4731,1044,1438,2134
12,2015,VYS,21268,3933,615,999,1205
12,2015,ZLK,23874,3446,903,699,1405
1,2016,HKK,19083,3131,2102,1478,1023
1,2016,JHC,24707,5026,1854,1473,1088
1,2016,JHM,57704,7497,4306,2851,2771
1,2016,KVK,15334,1962,679,680,569
1,2016,LBK,19974,2866,1329,1454,968
1,2016,MSK,73586,7715,3279,3226,3163
1,2016,OLK,32267,4547,2089,1440,1436
1,2016,PAK,19237,3429,1848,1807,984
1,2016,PHA,37651,4842,1869,1227,1440
1,2016,PLK,19356,3377,1291,1287,861
1,2016,STC,49219,6735,3776,3214,2176
1,2016,ULK,52244,5985,2338,1942,2129
1,2016,VYS,22278,3288,1094,871,1124
1,2016,ZLK,24763,3692,1569,1239,1343
2,2016,HKK,18534,1856,2215,1716,990
2,2016,JHC,24308,2694,2036,1675,1090
2,2016,JHM,57124,5118,3950,4013,2676
2,2016,KVK,15097,1408,866,526,530
2,2016,LBK,19586,1987,1121,1153,924
2,2016,MSK,72573,5541,3829,3448,3094
2,2016,OLK,31860,2708,2478,1823,1415
2,2016,PAK,18965,1912,2002,1032,980
2,2016,PHA,37389,4026,1950,875,1428
2,2016,PLK,18786,2082,1434,1221,812
2,2016,STC,48427,4901,3351,2313,2190
2,2016,ULK,52367,4672,2449,1820,2151
2,2016,VYS,21878,1949,1415,947,1121
2,2016,ZLK,24360,2237,1822,1309,1307
3,2016,HKK,17494,1925,1939,1687,965
3,2016,JHC,22786,2529,1857,1702,1092
3,2016,JHM,54977,4772,4381,3823,2652
3,2016,KVK,14530,1300,1148,1244,525
3,2016,LBK,18989,2061,1400,1256,928
3,2016,MSK,70801,5478,3941,4162,3040
3,2016,OLK,30127,2652,2383,2443,1321
3,2016,PAK,17868,1959,2103,1904,930
3,2016,PHA,36538,3660,2191,1847,1381
3,2016,PLK,17730,2058,1876,1724,788
3,2016,STC,46417,4683,3318,3148,2111
3,2016,ULK,51237,4474,2383,1914,2076
3,2016,VYS,20436,1778,1384,1280,1055
3,2016,ZLK,23179,2031,1621,1282,1257
4,2016,HKK,15876,2178,2029,1814,903
4,2016,JHC,20086,2617,2125,1567,972
4,2016,JHM,51776,5219,4881,3820,2462
4,2016,KVK,13657,1207,1046,795,507
4,2016,LBK,18110,2145,1432,1329,890
4,2016,MSK,67576,5809,3492,2481,2874
4,2016,OLK,27464,3070,2499,2376,1197
4,2016,PAK,15673,1979,2722,1675,826
4,2016,PHA,35728,3942,2042,1014,1334
4,2016,PLK,16293,2079,2476,1679,753
4,2016,STC,43528,4547,3637,3598,1955
4,2016,ULK,49979,4846,2370,2387,1980
4,2016,VYS,17972,1807,1620,1166,951
4,2016,ZLK,21242,2163,1785,1510,1176
5,2016,HKK,14737,1775,2508,2144,762
5,2016,JHC,18371,2441,2323,1670,821
5,2016,JHM,49133,4496,4738,4718,2060
5,2016,KVK,13023,1275,977,984,450
5,2016,LBK,17088,1839,1486,1501,785
5,2016,MSK,65436,5820,3767,3293,2462
5,2016,OLK,26034,2896,2764,2428,1026
5,2016,PAK,14245,1797,2236,1895,700
5,2016,PHA,34717,3683,2639,4117,1110
5,2016,PLK,15384,2008,2916,1735,647
5,2016,STC,41564,4703,4203,2591,1672
5,2016,ULK,48520,4360,2510,2148,1777
5,2016,VYS,16663,1721,1367,1041,768
5,2016,ZLK,19874,2123,1626,1021,970
6,2016,HKK,14289,1803,2450,1680,735
6,2016,JHC,17623,2370,1992,1676,721
6,2016,JHM,47766,4688,4431,3770,1900
6,2016,KVK,12476,1232,997,847,397
6,2016,LBK,16488,1840,1310,1442,691
6,2016,MSK,64359,5664,4125,4622,2183
6,2016,OLK,25401,2762,2185,2213,955
6,2016,PAK,13490,1741,2487,1806,616
6,2016,PHA,33963,3722,2872,1284,1058
6,2016,PLK,15031,2048,2546,1749,607
6,2016,STC,40638,4764,3275,3223,1538
6,2016,ULK,47412,4156,2136,1986,1628
6,2016,VYS,16249,1791,1299,1204,706
6,2016,ZLK,19143,2237,1650,1368,883
7,2016,HKK,14770,2222,1687,1902,803
7,2016,JHC,18097,2727,1302,1298,855
7,2016,JHM,48995,5852,3424,3392,2087
7,2016,KVK,12444,1315,757,907,383
7,2016,LBK,16835,2205,1211,1057,698
7,2016,MSK,65615,6647,2684,2385,2479
7,2016,OLK,25755,3016,1292,1464,1055
7,2016,PAK,14420,2643,1677,1348,705
7,2016,PHA,34835,4407,2208,1234,1085
7,2016,PLK,15544,2375,1470,1277,707
7,2016,STC,41295,5267,2892,2520,1593
7,2016,ULK,47397,4445,1506,1484,1633
7,2016,VYS,16958,2405,974,786,839
7,2016,ZLK,19707,2754,1233,1444,1003
8,2016,HKK,14572,1931,2197,1989,858
8,2016,JHC,17760,2410,1961,1487,904
8,2016,JHM,48661,4866,4420,4253,2284
8,2016,KVK,12017,1274,981,882,352
8,2016,LBK,16662,1913,1473,1183,733
8,2016,MSK,65156,5807,3439,2934,2707
8,2016,OLK,25405,2784,1939,2415,1144
8,2016,PAK,14162,2027,2131,1676,772
8,2016,PHA,34610,4078,2733,2087,1178
8,2016,PLK,15363,2009,2335,2371,791
8,2016,STC,40834,4945,3315,3144,1724
8,2016,ULK,46819,4170,2307,1824,1730
8,2016,VYS,16933,1918,1795,1228,971
8,2016,ZLK,19520,2342,1774,1817,1126
9,2016,HKK,14079,2465,2151,1864,1002
9,2016,JHC,17265,3220,2571,2188,1132
9,2016,JHM,47249,6287,3856,3802,2724
9,2016,KVK,11783,1672,912,674,493
9,2016,LBK,16225,2631,1286,1497,919
9,2016,MSK,64297,7693,3766,3530,3265
9,2016,OLK,24974,3560,1713,1852,1452
9,2016,PAK,13434,2565,2261,2393,954
9,2016,PHA,33069,4294,2668,1920,1243
9,2016,PLK,14723,2605,1967,2086,960
9,2016,STC,39811,6252,3754,3057,2176
9,2016,ULK,46086,5435,1862,2059,2204
9,2016,VYS,16358,2640,1446,1284,1159
9,2016,ZLK,18905,3007,1418,1700,1371
10,2016,HKK,13606,2108,1818,2377,958
10,2016,JHC,16873,2770,1778,1941,1050
10,2016,JHM,45924,4760,3723,3742,2500
10,2016,KVK,11419,1333,749,786,496
10,2016,LBK,15638,2056,949,1062,899
10,2016,MSK,62633,5711,2993,3108,3030
10,2016,OLK,24333,2887,2001,2075,1336
10,2016,PAK,12829,1940,1758,1911,904
10,2016,PHA,32024,4050,2501,1962,1283
10,2016,PLK,13971,2069,2363,2294,886
10,2016,STC,38062,4823,2998,3594,2076
10,2016,ULK,44742,4428,2097,2048,2163
10,2016,VYS,15757,1928,1479,1933,1033
10,2016,ZLK,18433,2412,1561,1865,1231
11,2016,HKK,13516,2258,1740,1680,834
11,2016,JHC,17225,3224,1789,2170,931
11,2016,JHM,46155,5641,3479,3848,2254
11,2016,KVK,11267,1583,634,1009,472
11,2016,LBK,15618,2172,1145,1295,853
11,2016,MSK,61907,6222,2692,3744,2726
11,2016,OLK,24524,3404,1670,1876,1177
11,2016,PAK,12999,2467,1866,1801,795
11,2016,PHA,30663,3563,2529,2326,1159
11,2016,PLK,13643,2243,1518,2976,776
11,2016,STC,37511,5309,3967,3259,1864
11,2016,ULK,43717,4480,2168,2038,1970
11,2016,VYS,15588,2234,1080,1328,932
11,2016,ZLK,18422,2631,1303,1993,1069
12,2016,HKK,14270,2462,1195,1481,768
12,2016,JHC,19385,4245,1315,1465,884
12,2016,JHM,49032,6577,2674,3100,2188
12,2016,KVK,11796,1744,523,534,456
12,2016,LBK,16104,2297,854,1107,811
12,2016,MSK,64036,6941,2340,2827,2635
12,2016,OLK,26495,4330,1221,1459,1129
12,2016,PAK,14407,2963,2113,2437,767
12,2016,PHA,30179,3053,2377,2648,1096
12,2016,PLK,14655,2850,1175,1216,699
12,2016,STC,38966,5710,2195,1921,1729
12,2016,ULK,44528,4659,1510,1950,1891
12,2016,VYS,17672,3566,933,988,911
12,2016,ZLK,19848,3295,933,1029,1012
1,2017,HKK,14640,2792,2719,2062,720
1,2017,JHC,20861,4690,2095,1808,859
1,2017,JHM,49881,7067,4305,3907,2047
1,2017,KVK,11943,1845,994,755,427
1,2017,LBK,16387,2628,1421,1285,787
1,2017,MSK,64671,7798,3438,3835,2509
1,2017,OLK,27414,4355,1815,1755,1101
1,2017,PAK,14998,3062,3461,2628,714
1,2017,PHA,30128,4667,3287,2410,997
1,2017,PLK,15062,3118,2440,2665,614
1,2017,STC,39670,6653,3663,4042,1580
1,2017,ULK,45188,6011,2395,2121,1809
1,2017,VYS,18178,3170,1495,1306,821
1,2017,ZLK,20395,3461,1906,1815,924
2,2017,HKK,14186,1634,2161,2021,667
2,2017,JHC,20189,2467,1780,1809,821
2,2017,JHM,48859,4603,4464,3423,2026
2,2017,KVK,11631,1371,777,516,415
2,2017,LBK,16089,1763,1209,1351,739
2,2017,MSK,63448,5179,3106,2550,2482
2,2017,OLK,26745,2486,1743,1424,1030
2,2017,PAK,14494,1730,2768,2270,669
2,2017,PHA,29423,3463,3469,1021,934
2,2017,PLK,14457,1810,1459,1578,578
2,2017,STC,38810,4421,4077,2774,1552
2,2017,ULK,44624,4214,2252,1772,1788
2,2017,VYS,17382,1592,1404,1047,745
2,2017,ZLK,19871,2013,1562,1113,906
3,2017,HKK,13204,1750,2185,2092,629
3,2017,JHC,17779,2409,2433,2182,764
3,2017,JHM,45829,4458,4644,3952,1905
3,2017,KVK,10814,1276,1040,733,380
3,2017,LBK,15413,2022,2034,1222,696
3,2017,MSK,60988,5647,3518,3331,2324
3,2017,OLK,24846,2582,1889,1389,925
3,2017,PAK,13078,1713,3211,1988,608
3,2017,PHA,28670,3851,4916,2864,944
3,2017,PLK,13045,1953,3268,1790,552
3,2017,STC,36274,4566,3651,4127,1440
3,2017,ULK,42556,4484,2386,2323,1709
3,2017,VYS,15399,1711,1714,1353,652
3,2017,ZLK,18217,1925,2217,1941,804
4,2017,HKK,11690,1717,1828,1682,562
4,2017,JHC,15045,2097,1889,1431,663
4,2017,JHM,42056,4193,3675,3235,1752
4,2017,KVK,9920,1135,872,570,323
4,2017,LBK,14347,1841,1256,1035,648
4,2017,MSK,58147,5875,2559,2318,2165
4,2017,OLK,22495,2487,1909,1354,830
4,2017,PAK,11043,1689,2389,1535,577
4,2017,PHA,27662,3264,3879,1422,901
4,2017,PLK,11664,1676,2579,1626,500
4,2017,STC,33522,4065,3053,2533,1317
4,2017,ULK,40377,3800,2003,1410,1605
4,2017,VYS,13054,1493,1080,1023,586
4,2017,ZLK,16177,1821,1643,1285,699
5,2017,HKK,10888,1649,2341,1746,494
5,2017,JHC,13650,2143,2900,1830,559
5,2017,JHM,39456,4136,5075,3843,1509
5,2017,KVK,9197,1164,1188,707,298
5,2017,LBK,13442,1670,1825,1470,560
5,2017,MSK,55795,5511,3398,2424,1951
5,2017,OLK,20945,2430,1905,1328,721
5,2017,PAK,10071,1591,2451,1659,475
5,2017,PHA,26863,3461,6130,1319,793
5,2017,PLK,10980,1747,2812,2241,439
5,2017,STC,31835,4158,5769,3149,1153
5,2017,ULK,38364,3784,2545,2162,1435
5,2017,VYS,12205,1607,1417,1292,508
5,2017,ZLK,14830,1836,2017,1632,607
6,2017,HKK,10562,1611,2284,1729,473
6,2017,JHC,12938,2074,2264,1449,532
6,2017,JHM,38043,4170,4625,4175,1335
6,2017,KVK,8674,1066,957,746,263
6,2017,LBK,12821,1705,2033,1348,496
6,2017,MSK,54008,5135,3497,3033,1782
6,2017,OLK,19902,2316,1881,1502,693
6,2017,PAK,9783,1691,2635,2015,437
6,2017,PHA,26208,3453,4970,3186,721
6,2017,PLK,10687,1790,2725,1656,415
6,2017,STC,30861,4095,4604,3169,1052
6,2017,ULK,36723,3657,2368,1726,1266
6,2017,VYS,11966,1649,1254,995,450
6,2017,ZLK,14263,1893,1700,1611,594
7,2017,HKK,11031,1914,1771,2202,525
7,2017,JHC,13270,2404,1652,1504,604
7,2017,JHM,38901,4945,3219,3130,1516
7,2017,KVK,8456,1091,580,403,267
7,2017,LBK,12999,1862,1544,1381,517
7,2017,MSK,54456,5931,2699,2357,2051
7,2017,OLK,20128,2732,1363,1130,800
7,2017,PAK,10407,2074,2177,1160,525
7,2017,PHA,26878,3915,3552,1661,762
7,2017,PLK,10983,1927,2197,1110,448
7,2017,STC,31819,4722,3096,3289,1124
7,2017,ULK,36533,3932,1578,1810,1267
7,2017,VYS,12442,1963,894,871,553
7,2017,ZLK,14771,2357,1183,931,705
8,2017,HKK,10872,1558,2255,1833,584
8,2017,JHC,13119,2139,2554,2149,662
8,2017,JHM,38258,4254,4661,3318,1656
8,2017,KVK,8180,1073,1027,627,274
8,2017,LBK,12797,1726,1833,1679,537
8,2017,MSK,53383,5083,3159,2141,2020
8,2017,OLK,19499,2273,1815,1353,805
8,2017,PAK,10221,1638,3466,2522,545
8,2017,PHA,26299,3368,3748,2347,777
8,2017,PLK,10831,1747,3127,1512,454
8,2017,STC,31254,4168,5772,3442,1191
8,2017,ULK,35303,3452,2329,1942,1253
8,2017,VYS,12437,1713,1207,1104,637
8,2017,ZLK,14373,1896,1619,1396,712
9,2017,HKK,10375,2104,1979,1738,771
9,2017,JHC,12590,2586,2391,1541,763
9,2017,JHM,36921,5568,4181,3796,2106
9,2017,KVK,7881,1300,668,481,386
9,2017,LBK,12413,2231,1894,1289,696
9,2017,MSK,51537,6589,2706,2522,2466
9,2017,OLK,18728,3033,1264,1506,1075
9,2017,PAK,9447,2098,3311,1214,721
9,2017,PHA,24767,3755,2820,3192,824
9,2017,PLK,10339,2174,3077,2409,631
9,2017,STC,30255,5372,4645,3448,1566
9,2017,ULK,34103,4541,1955,1563,1700
9,2017,VYS,11831,2142,1288,997,808
9,2017,ZLK,13728,2473,1347,1022,877
10,2017,HKK,9963,1861,2185,1895,702
10,2017,JHC,12139,2479,1842,1907,726
10,2017,JHM,35442,4588,4646,4821,1862
10,2017,KVK,7420,1166,1175,861,368
10,2017,LBK,11860,1921,1517,1800,662
10,2017,MSK,49020,5442,2867,2981,2135
10,2017,OLK,18133,2754,1437,1596,971
10,2017,PAK,8863,1725,2468,2393,637
10,2017,PHA,23471,3630,3437,2379,801
10,2017,PLK,9732,1886,4324,2960,565
10,2017,STC,28697,4482,6070,4375,1495
10,2017,ULK,32184,4040,2845,2803,1585
10,2017,VYS,11260,1692,1478,1315,730
10,2017,ZLK,12989,1886,1533,1953,770
11,2017,HKK,9780,1824,1787,1782,585
11,2017,JHC,12377,2704,1708,1638,633
11,2017,JHM,35037,4894,3448,4101,1617
11,2017,KVK,7251,1257,939,952,290
11,2017,LBK,11490,1821,1463,1554,582
11,2017,MSK,47779,5510,2541,3005,1852
11,2017,OLK,17898,2826,1457,1537,832
11,2017,PAK,8866,1955,2495,1685,520
11,2017,PHA,22194,3199,3600,1680,706
11,2017,PLK,9637,2055,3409,2019,443
11,2017,STC,27993,4471,4098,3211,1306
11,2017,ULK,31023,4121,2188,1934,1437
11,2017,VYS,11278,1997,1443,1273,628
11,2017,ZLK,12866,2142,1300,1581,627
12,2017,HKK,10483,2047,1376,1424,561
12,2017,JHC,14112,3440,1242,1127,606
12,2017,JHM,37290,5653,2707,2351,1554
12,2017,KVK,7488,1269,613,654,255
12,2017,LBK,11861,1810,1613,1161,548
12,2017,MSK,49487,6029,1654,1583,1777
12,2017,OLK,19519,3682,799,989,783
12,2017,PAK,10152,2500,2510,2007,505
12,2017,PHA,21787,2536,2841,1842,653
12,2017,PLK,10517,2319,2072,1737,400
12,2017,STC,29370,4687,3382,2650,1227
12,2017,ULK,31522,3802,1502,1606,1370
12,2017,VYS,12992,2854,1101,1142,598
12,2017,ZLK,14040,2650,838,1138,603
1,2018,HKK,10850,2436,2664,2075,527
1,2018,JHC,15535,4216,2905,2188,577
1,2018,JHM,38683,6816,6403,4442,1469
1,2018,KVK,7685,1601,1450,889,248
1,2018,LBK,12127,2454,2409,2048,558
1,2018,MSK,50011,7260,3378,2745,1733
1,2018,OLK,20035,3815,1788,1384,736
1,2018,PAK,10735,2721,4336,2137,459
1,2018,PHA,21729,4173,4771,2931,607
1,2018,PLK,11108,2792,4588,2665,386
1,2018,STC,30303,6002,7060,5148,1191
1,2018,ULK,32479,5641,2690,2546,1308
1,2018,VYS,13442,2706,1528,1356,529
1,2018,ZLK,14506,2990,1849,1166,550
2,2018,HKK,10469,1401,2584,2050,495
2,2018,JHC,14958,2045,2202,2055,583
2,2018,JHM,37744,3825,4704,3723,1398
2,2018,KVK,7493,1103,787,854,238
2,2018,LBK,11867,1532,2252,1897,540
2,2018,MSK,48512,4356,2707,2605,1651
2,2018,OLK,19172,2047,1695,1213,682
2,2018,PAK,10271,1464,3538,3310,447
2,2018,PHA,21263,3025,4619,2761,575
2,2018,PLK,10667,1610,3136,2982,374
2,2018,STC,29412,3684,5183,3316,1137
2,2018,ULK,32147,3886,2241,1522,1293
2,2018,VYS,12978,1508,1988,1092,527
2,2018,ZLK,13946,1592,1520,1250,548
3,2018,HKK,9711,1377,2523,1953,468
3,2018,JHC,13124,1886,2523,2221,540
3,2018,JHM,35497,3735,5571,4407,1393
3,2018,KVK,7021,1072,1179,705,212
3,2018,LBK,11317,1586,2508,1910,529
3,2018,MSK,46563,4651,3071,2433,1601
3,2018,OLK,17618,2022,1697,1365,632
3,2018,PAK,9165,1347,4546,2597,420
3,2018,PHA,20449,2925,5949,3560,559
3,2018,PLK,9683,1574,5258,3521,336
3,2018,STC,27847,3778,8133,5197,1137
3,2018,ULK,30880,3685,2667,2125,1253
3,2018,VYS,11751,1419,1711,1620,558
3,2018,ZLK,12982,1656,1640,1094,520
4,2018,HKK,8812,1563,2493,1413,452
4,2018,JHC,11124,2049,3017,1971,486
4,2018,JHM,32658,4106,5465,4228,1318
4,2018,KVK,6499,1087,929,569,200
4,2018,LBK,10583,1783,2539,2266,489
4,2018,MSK,43887,5362,3065,2025,1521
4,2018,OLK,15727,2447,2268,1475,577
4,2018,PAK,7615,1515,4061,2663,405
4,2018,PHA,19917,3050,5249,2693,534
4,2018,PLK,8755,1656,4158,2819,329
4,2018,STC,25984,3755,6803,4734,1047
4,2018,ULK,29481,3796,2563,2562,1212
4,2018,VYS,10175,1463,1739,1432,498
4,2018,ZLK,11581,1773,1477,1391,460
5,2018,HKK,8349,1443,2525,2262,391
5,2018,JHC,9842,1790,3268,2392,397
5,2018,JHM,30940,3815,5959,4792,1148
5,2018,KVK,6126,996,993,648,182
5,2018,LBK,10055,1586,2893,2520,432
5,2018,MSK,41976,5005,4104,3635,1362
5,2018,OLK,14533,2118,2319,1843,485
5,2018,PAK,6927,1380,5051,2515,331
5,2018,PHA,19545,3104,6406,2729,479
5,2018,PLK,8158,1628,5932,2945,318
5,2018,STC,24921,3720,7293,7332,922
5,2018,ULK,28147,3648,2648,1973,1070
5,2018,VYS,9441,1400,2424,1218,403
5,2018,ZLK,10672,1598,2402,1277,404
6,2018,HKK,8167,1466,2628,1474,354
6,2018,JHC,9163,1719,3588,2028,368
6,2018,JHM,30406,3845,5952,5439,1044
6,2018,KVK,5889,954,1075,1012,165
6,2018,LBK,9769,1504,2934,2511,387
6,2018,MSK,40787,4892,3685,3154,1264
6,2018,OLK,14059,2130,2175,1985,464
6,2018,PAK,6743,1433,4466,2595,302
6,2018,PHA,19255,3084,6829,2104,453
6,2018,PLK,8010,1613,6558,3472,293
6,2018,STC,24455,3598,7830,4958,834
6,2018,ULK,27324,3410,3143,2187,989
6,2018,VYS,9339,1468,1674,1596,377
6,2018,ZLK,10420,1726,1889,1638,389
7,2018,HKK,8643,1829,1920,2320,418
7,2018,JHC,9519,2195,2566,2200,477
7,2018,JHM,31455,4767,5347,4493,1194
7,2018,KVK,6034,1134,955,570,170
7,2018,LBK,10054,1799,2322,2216,404
7,2018,MSK,41492,5712,2812,2567,1464
7,2018,OLK,14262,2417,1526,1220,563
7,2018,PAK,7229,1918,4304,2172,352
7,2018,PHA,20301,3848,5390,2531,495
7,2018,PLK,8505,1925,4020,2945,351
7,2018,STC,25636,4451,7223,7596,914
7,2018,ULK,27594,3777,2202,1913,1023
7,2018,VYS,9856,1932,1853,1620,465
7,2018,ZLK,10985,2181,1359,956,516
8,2018,HKK,8696,1572,2497,2584,475
8,2018,JHC,9471,1959,2943,2713,519
8,2018,JHM,31335,4187,5479,5517,1372
8,2018,KVK,5927,989,1446,1355,191
8,2018,LBK,9977,1647,2293,2151,438
8,2018,MSK,40645,4764,3494,3014,1508
8,2018,OLK,14151,2342,1614,1631,607
8,2018,PAK,7210,1673,4726,4089,410
8,2018,PHA,20410,3382,5621,5002,551
8,2018,PLK,8692,1842,5574,5825,438
8,2018,STC,25701,4010,7389,6774,997
8,2018,ULK,27427,3742,2829,2318,1066
8,2018,VYS,9915,1659,1751,1809,551
8,2018,ZLK,10942,1897,2020,1666,546
9,2018,HKK,8397,2080,2248,1749,667
9,2018,JHC,9352,2510,2574,2815,726
9,2018,JHM,30496,5271,4649,4446,1857
9,2018,KVK,5803,1214,963,1185,355
9,2018,LBK,9874,2164,2263,2322,604
9,2018,MSK,39515,5967,3179,3070,2012
9,2018,OLK,13667,2786,1737,1834,852
9,2018,PAK,6876,1976,3878,2054,575
9,2018,PHA,19658,3615,4340,5553,712
9,2018,PLK,8423,2097,4499,4143,567
9,2018,STC,25134,5006,7121,6003,1462
9,2018,ULK,26885,4403,3039,2604,1502
9,2018,VYS,9651,2119,1448,1333,755
9,2018,ZLK,10600,2416,1444,1363,771
10,2018,HKK,8115,1904,2362,1943,608
10,2018,JHC,9143,2388,2642,3367,657
10,2018,JHM,29508,4478,5356,5485,1698
10,2018,KVK,5741,1354,919,1168,365
10,2018,LBK,9529,1960,2110,2517,584
10,2018,MSK,38082,5652,3659,3941,1798
10,2018,OLK,13235,2737,1864,2175,771
10,2018,PAK,6498,1781,4654,4351,524
10,2018,PHA,18994,3685,5567,4076,702
10,2018,PLK,7974,1929,5251,5155,515
10,2018,STC,23979,4469,7490,6635,1386
10,2018,ULK,25666,4126,3335,3137,1413
10,2018,VYS,9164,1746,1917,2059,623
10,2018,ZLK,9994,1984,1687,2052,662
11,2018,HKK,8101,1890,1945,2358,538
11,2018,JHC,9500,2531,2428,2527,561
11,2018,JHM,29623,4872,4880,4557,1518
11,2018,KVK,5792,1258,1021,921,309
11,2018,LBK,9497,1944,2452,2280,535
11,2018,MSK,37658,5606,2689,2875,1521
11,2018,OLK,13346,2894,1617,1690,665
11,2018,PAK,6740,2022,4461,2771,435
11,2018,PHA,18387,3276,4755,2927,637
11,2018,PLK,8052,2019,5644,4198,422
11,2018,STC,23752,4481,6914,5377,1183
11,2018,ULK,25362,4216,2703,2362,1296
11,2018,VYS,9290,1917,1305,1404,528
11,2018,ZLK,9910,2216,2276,2185,536
12,2018,HKK,8968,1953,1201,1377,497
12,2018,JHC,11060,2900,1799,2236,562
12,2018,JHM,32042,5385,2844,3892,1464
12,2018,KVK,6229,1244,544,745,299
12,2018,LBK,10091,1862,1952,1933,518
12,2018,MSK,39789,5680,2078,2603,1461
12,2018,OLK,14801,3212,1028,1313,644
12,2018,PAK,7914,2203,3514,4644,420
12,2018,PHA,18476,2600,4830,2516,592
12,2018,PLK,9009,2172,4049,3527,409
12,2018,STC,25238,4375,6514,4133,1144
12,2018,ULK,26335,3795,2330,2969,1228
12,2018,VYS,10628,2402,1054,1330,514
12,2018,ZLK,10954,2284,1328,979,505
1,2019,HKK,9654,2587,2590,2717,495
1,2019,JHC,12701,4110,3352,2787,536
1,2019,JHM,33768,6764,5786,4572,1371
1,2019,KVK,6795,1808,1140,989,294
1,2019,LBK,10557,2494,2531,2486,505
1,2019,MSK,41462,7468,3900,3957,1434
1,2019,OLK,15474,3698,1708,1497,620
1,2019,PAK,8899,2702,5068,7735,436
1,2019,PHA,18908,4284,7043,5141,552
1,2019,PLK,9799,2793,7049,4812,377
1,2019,STC,26465,5866,8725,6940,1118
1,2019,ULK,27600,5496,4284,3516,1247
1,2019,VYS,11266,2649,2294,1906,476
1,2019,ZLK,11709,2949,2213,1585,501
2,2019,HKK,9449,1474,2115,1862,491
2,2019,JHC,12525,2032,3167,2541,498
2,2019,JHM,33245,4120,5858,6027,1382
2,2019,KVK,6714,1119,791,1032,272
2,2019,LBK,10474,1671,2538,2683,508
2,2019,MSK,40944,4648,3336,3010,1433
2,2019,OLK,15050,2223,1597,1942,611
2,2019,PAK,8751,1507,4510,5085,418
2,2019,PHA,18592,3075,6395,8136,516
2,2019,PLK,9621,1651,4936,5877,370
2,2019,STC,26224,3848,10106,6221,1114
2,2019,ULK,27610,3934,3803,3718,1217
2,2019,VYS,10902,1428,2029,1547,496
2,2019,ZLK,11316,1659,2024,1866,464
3,2019,HKK,8849,1552,2290,1922,457
3,2019,JHC,10863,1881,2751,3051,471
3,2019,JHM,31224,3878,5430,5221,1379
3,2019,KVK,6356,1137,1032,1088,258
3,2019,LBK,10021,1672,2571,2171,476
3,2019,MSK,39456,5070,3230,3592,1394
3,2019,OLK,13723,2034,1839,1892,571
3,2019,PAK,7732,1394,4184,4601,390
3,2019,PHA,18254,3241,6140,4678,501
3,2019,PLK,8951,1622,6990,5441,353
3,2019,STC,24736,3804,10068,7423,1062
3,2019,ULK,26925,4065,3836,3666,1153
3,2019,VYS,9818,1491,1868,1842,486
3,2019,ZLK,10145,1571,2254,1675,426
4,2019,HKK,8101,1741,2085,2004,419
4,2019,JHC,9364,2073,3127,2388,405
4,2019,JHM,28698,4215,5046,5413,1257
4,2019,KVK,6042,1153,1019,976,258
4,2019,LBK,9304,1761,2763,2387,457
4,2019,MSK,37364,5129,3686,3501,1390
4,2019,OLK,12231,2255,1823,2011,521
4,2019,PAK,6668,1535,4594,8997,361
4,2019,PHA,17913,3302,5785,4091,457
4,2019,PLK,8419,1800,4982,4923,344
4,2019,STC,22935,3905,9064,7336,947
4,2019,ULK,25128,3741,3511,3288,1092
4,2019,VYS,8556,1467,1513,1483,446
4,2019,ZLK,9105,1740,2415,2027,400
5,2019,HKK,7736,1556,2497,2170,358
5,2019,JHC,8505,1795,3380,2907,386
5,2019,JHM,27073,3696,5674,5414,1050
5,2019,KVK,5750,1114,1258,959,217
5,2019,LBK,8940,1698,2868,2805,418
5,2019,MSK,36272,4980,3718,3252,1260
5,2019,OLK,11601,2267,2031,1809,459
5,2019,PAK,6291,1433,3932,4991,300
5,2019,PHA,17821,3178,5417,3367,440
5,2019,PLK,8137,1655,7292,5563,332
5,2019,STC,22072,3714,10283,9218,847
5,2019,ULK,23676,3628,3994,4012,944
5,2019,VYS,8099,1460,1956,1789,379
5,2019,ZLK,8702,1714,2534,1945,353
6,2019,HKK,7518,1410,2102,1743,332
6,2019,JHC,8234,1721,2599,2925,348
6,2019,JHM,26232,3483,5729,4074,951
6,2019,KVK,5531,1006,1063,1258,189
6,2019,LBK,8647,1484,2133,2143,359
6,2019,MSK,35363,4498,3088,3049,1142
6,2019,OLK,11043,1957,1859,1728,386
6,2019,PAK,6192,1402,4492,4831,289
6,2019,PHA,17771,2988,4441,4426,432
6,2019,PLK,8247,1663,4726,6816,311
6,2019,STC,21929,3772,9276,12343,781
6,2019,ULK,22398,3293,3084,2738,806
6,2019,VYS,8078,1386,1741,1545,315
6,2019,ZLK,8540,1623,2067,2823,318
7,2019,HKK,8109,1973,2259,2172,414
7,2019,JHC,8757,2421,3053,2875,408
7,2019,JHM,27628,5123,6011,5465,1099
7,2019,KVK,5587,1223,810,1032,178
7,2019,LBK,9077,1978,2692,2653,365
7,2019,MSK,36144,5857,4105,3766,1261
7,2019,OLK,11432,2645,1664,1858,468
7,2019,PAK,6832,2032,4235,4187,332
7,2019,PHA,18895,3969,4491,2900,488
7,2019,PLK,8755,2070,6832,6252,354
7,2019,STC,23139,4826,11064,10947,823
7,2019,ULK,22906,4050,2841,2480,854
7,2019,VYS,8736,1999,1628,1736,398
7,2019,ZLK,9123,2317,2493,1802,419
8,2019,HKK,8213,1585,2570,2291,443
8,2019,JHC,8831,1884,3316,2481,446
8,2019,JHM,27584,3965,4566,4301,1216
8,2019,KVK,5329,1019,892,927,189
8,2019,LBK,9016,1521,2478,2549,384
8,2019,MSK,35784,4664,2747,3254,1224
8,2019,OLK,11357,2153,1633,1605,511
8,2019,PAK,6877,1522,4437,3839,360
8,2019,PHA,19089,3213,3597,3187,545
8,2019,PLK,8973,1810,5314,4876,386
8,2019,STC,23319,4012,10490,8294,861
8,2019,ULK,22369,3388,3324,3496,854
8,2019,VYS,8865,1581,1669,1755,492
8,2019,ZLK,9183,1788,2258,2435,474
9,2019,HKK,8219,2355,2464,2360,656
9,2019,JHC,8701,2557,3073,2838,618
9,2019,JHM,27013,5578,4554,5574,1696
9,2019,KVK,5336,1434,731,1084,319
9,2019,LBK,8788,2187,2427,2655,578
9,2019,MSK,35596,6643,3589,3702,1855
9,2019,OLK,11379,3225,1850,2360,821
9,2019,PAK,6813,2194,3734,6218,550
9,2019,PHA,18515,3764,3288,2267,661
9,2019,PLK,8658,2174,5827,4933,547
9,2019,STC,23128,5487,10025,12372,1389
9,2019,ULK,22007,4944,3293,3200,1409
9,2019,VYS,8582,2096,1348,1866,672
9,2019,ZLK,9172,2485,2440,2424,721
10,2019,HKK,8100,1740,1991,2142,619
10,2019,JHC,8592,2226,2575,2784,550
10,2019,JHM,26228,4248,4077,3634,1533
10,2019,KVK,5389,1332,744,974,353
10,2019,LBK,8564,1836,2487,2189,556
10,2019,MSK,34813,5298,2828,3633,1651
10,2019,OLK,10981,2512,1529,1449,693
10,2019,PAK,6600,1688,2929,3691,494
10,2019,PHA,17985,3431,4180,7676,634
10,2019,PLK,8553,2093,4854,6969,531
10,2019,STC,22366,4319,8381,7763,1319
10,2019,ULK,21384,4103,2762,3318,1302
10,2019,VYS,8203,1586,1365,1513,577
10,2019,ZLK,8760,1861,1890,2758,582
11,2019,HKK,8171,1780,2098,1992,508
11,2019,JHC,8886,2323,2176,2543,486
11,2019,JHM,26532,4554,4320,4179,1397
11,2019,KVK,5372,1185,763,679,306
11,2019,LBK,8604,1823,2680,2828,484
11,2019,MSK,34818,5054,2716,2930,1464
11,2019,OLK,11128,2539,1546,1497,628
11,2019,PAK,6759,1757,3344,2955,420
11,2019,PHA,17666,3206,4582,2091,575
11,2019,PLK,8732,1996,5380,5164,495
11,2019,STC,22089,4013,8087,7593,1125
11,2019,ULK,21370,3965,2874,3999,1161
11,2019,VYS,8301,1739,1501,1399,503
11,2019,ZLK,8861,1952,1935,2936,510
12,2019,HKK,9076,2102,1716,1564,510
12,2019,JHC,10537,3034,1700,2339,488
12,2019,JHM,29087,5393,3514,3556,1367
12,2019,KVK,5799,1214,526,840,286
12,2019,LBK,9341,1915,1898,1697,426
12,2019,MSK,37307,5817,2525,2736,1431
12,2019,OLK,12818,3324,1032,1707,622
12,2019,PAK,7930,2229,3251,2588,410
12,2019,PHA,17955,2737,4890,4707,531
12,2019,PLK,9811,2327,3950,3496,481
12,2019,STC,23592,4433,6349,4500,1080
12,2019,ULK,22637,4060,2698,2162,1132
12,2019,VYS,9642,2438,1170,1084,489
12,2019,ZLK,10000,2392,1669,1625,476
1,2020,HKK,9684,2507,2443,2383,510
1,2020,JHC,12043,3806,2927,2453,479
1,2020,JHM,31016,6512,5385,5145,1313
1,2020,KVK,6338,1751,826,1294,267
1,2020,LBK,9801,2328,2661,2950,423
1,2020,MSK,38896,6985,3154,3133,1393
1,2020,OLK,13970,3598,1629,1605,646
1,2020,PAK,8622,2444,4767,4572,394
1,2020,PHA,18390,4108,4985,5903,501
1,2020,PLK,10790,3040,5288,4633,451
1,2020,STC,24923,5584,10351,9401,1040
1,2020,ULK,24717,5768,3301,4225,1127
1,2020,VYS,10210,2359,1826,1429,464
1,2020,ZLK,10622,2530,2380,2363,459
2,2020,HKK,9573,1572,2477,2626,512
2,2020,JHC,11759,1898,2900,3057,502
2,2020,JHM,30559,3785,4850,4506,1314
2,2020,KVK,6246,1111,899,1166,259
2,2020,LBK,9753,1592,2569,2789,435
2,2020,MSK,38605,4398,2987,3312,1373
2,2020,OLK,13781,2149,1545,1256,616
2,2020,PAK,8441,1468,4185,3808,384
2,2020,PHA,18423,3292,5790,2654,482
2,2020,PLK,10689,1902,5646,4345,457
2,2020,STC,24566,3760,11488,6732,1038
2,2020,ULK,24705,3604,3699,2736,1115
2,2020,VYS,9981,1474,1487,1875,483
2,2020,ZLK,10288,1669,2393,1820,419
3,2020,HKK,9466,1676,1660,2459,476
3,2020,JHC,10958,1970,1447,2814,470
3,2020,JHM,30104,4344,2776,4056,1348
3,2020,KVK,6481,1233,649,1008,251
3,2020,LBK,9791,1558,1434,2118,456
3,2020,MSK,38553,4666,1944,2790,1361
3,2020,OLK,13411,2111,949,1223,612
3,2020,PAK,8117,1552,2179,2246,376
3,2020,PHA,18788,3218,3299,3171,448
3,2020,PLK,10814,2245,3125,6487,465
3,2020,STC,24602,4224,5446,5794,1000
3,2020,ULK,24540,3297,2713,2557,1069
3,2020,VYS,9656,1645,1165,1403,478
3,2020,ZLK,10397,1975,1536,1533,431
4,2020,HKK,10532,2293,1002,2125,554
4,2020,JHC,12887,3745,1025,1515,553
4,2020,JHM,33432,6297,2286,2403,1540
4,2020,KVK,8591,2776,395,800,293
4,2020,LBK,10927,2232,520,949,486
4,2020,MSK,41651,6420,1243,1365,1452
4,2020,OLK,14790,3029,578,1483,697
4,2020,PAK,8996,2162,959,2231,455
4,2020,PHA,22421,5385,2029,601,510
4,2020,PLK,12335,2874,1547,3116,505
4,2020,STC,28230,6180,3830,7495,1124
4,2020,ULK,26951,4606,946,1399,1129
4,2020,VYS,10602,2423,448,785,568
4,2020,ZLK,11695,2573,1345,1425,517
5,2020,HKK,10855,1604,1595,1276,552
5,2020,JHC,12966,1943,1794,1624,563
5,2020,JHM,34131,4361,3545,2641,1454
5,2020,KVK,9828,1964,444,652,316
5,2020,LBK,11663,1785,1407,1248,471
5,2020,MSK,43238,4888,2146,2414,1378
5,2020,OLK,15046,2029,1111,1465,636
5,2020,PAK,9192,1524,3081,2635,437
5,2020,PHA,25424,4916,2921,858,524
5,2020,PLK,13142,2123,2427,6765,467
5,2020,STC,29627,4313,6402,5786,1100
5,2020,ULK,28404,3778,2870,3055,1092
5,2020,VYS,10789,1524,919,922,524
5,2020,ZLK,11839,1633,1503,2522,533
6,2020,HKK,10790,1671,2311,2994,464
6,2020,JHC,12559,1948,3002,2612,491
6,2020,JHM,33497,3980,5417,3839,1264
6,2020,KVK,10155,1514,696,1026,291
6,2020,LBK,11942,1856,2375,3195,453
6,2020,MSK,44197,5364,2704,3244,1298
6,2020,OLK,15005,2223,1480,2099,540
6,2020,PAK,9112,1494,5603,4451,369
6,2020,PHA,27405,4842,5452,2225,505
6,2020,PLK,13171,1953,4011,7881,423
6,2020,STC,30198,4512,11447,7118,987
6,2020,ULK,29191,3843,3400,2783,1005
6,2020,VYS,10588,1513,1706,1531,407
6,2020,ZLK,11827,1791,2398,3150,420
7,2020,HKK,11190,2009,1618,2108,454
7,2020,JHC,12718,2296,2315,2869,515
7,2020,JHM,34409,4870,5210,5007,1310
7,2020,KVK,10459,1596,953,797,302
7,2020,LBK,12400,2076,1928,1811,458
7,2020,MSK,45401,5761,2127,2318,1364
7,2020,OLK,15603,2765,1326,1377,595
7,2020,PAK,9539,1853,5131,3786,346
7,2020,PHA,29567,5216,5570,5867,545
7,2020,PLK,13553,2286,4335,3356,458
7,2020,STC,31448,4898,9532,12372,983
7,2020,ULK,30339,4246,3767,3535,1056
7,2020,VYS,11006,1907,1639,1454,418
7,2020,ZLK,12041,2115,2065,1480,417
8,2020,HKK,11089,1569,1771,1964,506
8,2020,JHC,12384,1696,2847,2197,561
8,2020,JHM,34520,3877,4444,4503,1433
8,2020,KVK,10243,1102,892,705,305
8,2020,LBK,12315,1587,2510,1766,497
8,2020,MSK,44987,4428,2571,1957,1454
8,2020,OLK,15606,2139,1410,1158,663
8,2020,PAK,9423,1399,3912,4406,375
8,2020,PHA,30556,4327,5249,2177,604
8,2020,PLK,13455,1885,4566,3542,530
8,2020,STC,31241,3904,9861,8971,1085
8,2020,ULK,30506,3563,3188,3149,1164
8,2020,VYS,10879,1488,1271,1432,524
8,2020,ZLK,11874,1702,1734,1759,500
9,2020,HKK,10879,2313,2123,2072,771
9,2020,JHC,12133,2656,3148,3747,823
9,2020,JHM,34240,5790,5612,5297,2136
9,2020,KVK,10008,1748,1404,1531,523
9,2020,LBK,12090,2319,3383,3303,719
9,2020,MSK,44665,6756,3407,3751,2238
9,2020,OLK,15448,3196,1489,1627,1060
9,2020,PAK,9111,2188,3528,8680,658
9,2020,PHA,31056,5368,4251,11034,871
9,2020,PLK,13173,2560,6354,9155,803
9,2020,STC,31424,6275,11224,17285,1944
9,2020,ULK,30465,5000,3902,5077,1771
9,2020,VYS,10527,2189,1809,2543,824
9,2020,ZLK,11796,2516,1928,2625,827
10,2020,HKK,10565,1653,1766,1546,716
10,2020,JHC,11928,1998,2044,2455,781
10,2020,JHM,33916,4200,4021,4314,2034
10,2020,KVK,10024,1434,734,1378,527
10,2020,LBK,11729,1642,1734,2222,707
10,2020,MSK,43355,4371,1818,2518,2051
10,2020,OLK,15255,2161,1131,1289,962
10,2020,PAK,8869,1556,2379,4088,633
10,2020,PHA,31302,4523,4367,2849,907
10,2020,PLK,12555,1771,4106,5405,706
10,2020,STC,31043,4355,7751,8647,1929
10,2020,ULK,29498,3378,1839,2366,1725
10,2020,VYS,10096,1420,1280,1300,753
10,2020,ZLK,11550,1777,2021,2542,711
11,2020,HKK,10670,1593,1442,1663,647
11,2020,JHC,12450,2138,2792,2005,745
11,2020,JHM,34607,4227,3860,3281,1904
11,2020,KVK,10198,1310,707,704,509
11,2020,LBK,11787,1611,2335,2023,652
11,2020,MSK,43192,4236,2152,2039,1828
11,2020,OLK,15797,2368,1045,1260,951
11,2020,PAK,9178,1597,3405,2528,603
11,2020,PHA,31473,3891,4538,2191,856
11,2020,PLK,12589,1822,4167,3047,618
11,2020,STC,31362,4089,7681,6536,1766
11,2020,ULK,29249,3139,2837,2844,1555
11,2020,VYS,10243,1577,1190,1095,708
11,2020,ZLK,11731,1762,1748,1441,637
12,2020,HKK,11483,1911,1478,1575,626
12,2020,JHC,14096,2800,2785,2449,737
12,2020,JHM,36883,4780,3909,4204,1910
12,2020,KVK,10797,1468,650,824,476
12,2020,LBK,12364,1664,1936,2153,626
12,2020,MSK,45157,4905,2081,2375,1781
12,2020,OLK,17270,2790,945,1325,907
12,2020,PAK,10219,2005,4090,3807,595
12,2020,PHA,32107,3331,4375,6482,840
12,2020,PLK,13673,2166,4362,2314,611
12,2020,STC,33114,4401,9192,7479,1707
12,2020,ULK,30552,3558,2351,2894,1511
12,2020,VYS,11443,2257,1394,1333,681
12,2020,ZLK,12819,2107,1877,1601,639
1,2021,HKK,12184,2070,1985,1739,598
1,2021,JHC,15598,3207,3200,2885,739
1,2021,JHM,38707,5576,5422,3953,1831
1,2021,KVK,11538,1667,877,1058,478
1,2021,LBK,13018,2001,2526,2346,621
1,2021,MSK,47317,6017,2456,2613,1784
1,2021,OLK,18493,2966,1319,1213,877
1,2021,PAK,11078,2209,4766,3897,606
1,2021,PHA,33217,4420,5966,3950,855
1,2021,PLK,14596,2549,4828,4452,611
1,2021,STC,34983,5271,9230,8028,1640
1,2021,ULK,32237,4318,3225,2665,1476
1,2021,VYS,12272,2136,1504,1473,648
1,2021,ZLK,13621,2373,1949,2138,596
2,2021,HKK,12233,1476,1806,1813,576
2,2021,JHC,15698,1780,3098,2969,708
2,2021,JHM,38530,3549,4688,5173,1764
2,2021,KVK,11852,1194,955,851,472
2,2021,LBK,13240,1511,2119,2759,597
2,2021,MSK,48057,4597,2286,2461,1713
2,2021,OLK,18653,1985,1251,1098,871
2,2021,PAK,11097,1335,4227,4225,596
2,2021,PHA,33565,3555,5623,3834,858
2,2021,PLK,14518,1699,5880,4453,587
2,2021,STC,35239,3730,9703,8226,1636
2,2021,ULK,33006,3363,3446,2682,1463
2,2021,VYS,12141,1200,1663,1450,616
2,2021,ZLK,13634,1549,1751,1192,589
3,2021,HKK,11905,1412,2091,1775,555
3,2021,JHC,15116,1852,3097,2820,727
3,2021,JHM,37434,3620,5790,5105,1751
3,2021,KVK,11948,1166,1241,1148,457
3,2021,LBK,13208,1547,2858,2790,601
3,2021,MSK,47583,4529,2839,2574,1685
3,2021,OLK,18261,2046,1537,1470,841
3,2021,PAK,10512,1289,4449,6274,565
3,2021,PHA,33612,3447,6886,3025,867
3,2021,PLK,14098,1653,5687,3887,566
3,2021,STC,34714,3799,11537,10516,1575
3,2021,ULK,33248,3351,3724,2473,1429
3,2021,VYS,11591,1315,1851,1759,590
3,2021,ZLK,13386,1601,2189,2033,576
4,2021,HKK,11518,1355,2025,1574,528
4,2021,JHC,14243,1486,3115,2508,687
4,2021,JHM,35902,3064,4824,5430,1721
4,2021,KVK,11705,919,1158,898,459
4,2021,LBK,12926,1377,2404,2260,586
4,2021,MSK,47039,4450,2497,2609,1660
4,2021,OLK,17433,1651,1482,1002,807
4,2021,PAK,9750,1154,3819,3730,539
4,2021,PHA,33352,2890,4504,3199,855
4,2021,PLK,13363,1390,6197,4725,523
4,2021,STC,33981,3368,9627,9493,1518
4,2021,ULK,32913,3057,3620,3887,1377
4,2021,VYS,10809,1133,2089,1742,564
4,2021,ZLK,12942,1355,2205,1964,573
5,2021,HKK,10915,1284,2592,2075,462
5,2021,JHC,13391,1459,3305,3186,595
5,2021,JHM,34108,3181,5420,5893,1483
5,2021,KVK,11228,901,953,919,398
5,2021,LBK,12558,1297,2254,2228,539
5,2021,MSK,45684,3990,3683,3231,1452
5,2021,OLK,16219,1655,2164,1259,691
5,2021,PAK,9057,1191,3956,4508,454
5,2021,PHA,32808,3150,4571,3057,756
5,2021,PLK,12788,1571,5855,7005,463
5,2021,STC,32615,3361,10480,9401,1335
5,2021,ULK,32051,3047,2786,2552,1258
5,2021,VYS,10116,1087,2010,1987,468
5,2021,ZLK,12284,1385,2744,2275,494
6,2021,HKK,10336,1322,2393,2290,410
6,2021,JHC,12504,1499,3757,3142,533
6,2021,JHM,32810,3272,5415,4721,1268
6,2021,KVK,10423,890,1400,1105,339
6,2021,LBK,12070,1302,2459,2151,475
6,2021,MSK,44097,3819,3047,2641,1292
6,2021,OLK,14993,1675,1985,1770,584
6,2021,PAK,8475,1161,4457,4418,382
6,2021,PHA,31905,3009,6920,3043,676
6,2021,PLK,12058,1453,6980,5637,370
6,2021,STC,31301,3405,10075,9599,1159
6,2021,ULK,31099,3052,2987,3774,1146
6,2021,VYS,9609,1182,2589,1658,383
6,2021,ZLK,11622,1422,2771,2278,431
7,2021,HKK,10310,1475,2069,2246,408
7,2021,JHC,12372,1661,2953,2942,552
7,2021,JHM,33014,3731,5912,4673,1289
7,2021,KVK,9955,923,1407,717,314
7,2021,LBK,12058,1370,2432,2156,494
7,2021,MSK,44326,4238,2371,2652,1360
7,2021,OLK,14611,1843,1551,1417,588
7,2021,PAK,8412,1351,3603,2610,377
7,2021,PHA,31917,3321,4533,4365,656
7,2021,PLK,11910,1608,7805,8462,374
7,2021,STC,31200,3855,9375,9459,1153
7,2021,ULK,30573,2959,2512,3097,1095
7,2021,VYS,9902,1506,1778,1480,418
7,2021,ZLK,11618,1630,2228,1713,432
8,2021,HKK,10268,1431,1964,1996,450
8,2021,JHC,12122,1546,3587,3356,565
8,2021,JHM,32815,3465,5181,4480,1393
8,2021,KVK,9379,817,1489,1201,285
8,2021,LBK,12007,1426,2387,1796,543
8,2021,MSK,43976,4042,2861,2619,1447
8,2021,OLK,14218,1804,1778,1682,624
8,2021,PAK,8318,1265,3836,4632,398
8,2021,PHA,31271,3184,6201,5162,669
8,2021,PLK,11732,1543,7154,6118,451
8,2021,STC,30652,3634,10045,9168,1248
8,2021,ULK,29819,2847,2766,2543,1141
8,2021,VYS,9952,1349,2370,2222,506
8,2021,ZLK,11360,1498,2644,2326,481
9,2021,HKK,10158,2131,2187,1971,822
9,2021,JHC,11764,2206,2996,3342,779
9,2021,JHM,32304,4937,5031,5202,2098
9,2021,KVK,9070,1383,1137,1350,519
9,2021,LBK,11659,2031,1883,2341,750
9,2021,MSK,43370,5630,2597,2451,2251
9,2021,OLK,13778,2570,1558,1442,975
9,2021,PAK,8096,1862,2801,4420,665
9,2021,PHA,29926,3847,4555,4109,877
9,2021,PLK,11493,2238,5422,6817,757
9,2021,STC,30148,5461,11031,11763,2024
9,2021,ULK,29616,4573,2611,3082,1929
9,2021,VYS,9809,2038,1613,2187,799
9,2021,ZLK,10951,2028,2003,2151,770
10,2021,HKK,9782,1506,1586,2081,714
10,2021,JHC,11421,1740,2921,3225,723
10,2021,JHM,31200,3370,5576,4893,1941
10,2021,KVK,8612,976,1306,947,522
10,2021,LBK,11352,1596,1474,2281,718
10,2021,MSK,41997,4125,2499,2909,2031
10,2021,OLK,13161,1760,1428,1278,841
10,2021,PAK,7703,1255,3067,3203,578
10,2021,PHA,28242,3073,5200,6797,843
10,2021,PLK,10992,1575,4860,8103,658
10,2021,STC,28935,3612,8346,8254,1891
10,2021,ULK,28626,3081,2534,2492,1847
10,2021,VYS,9309,1172,1758,1695,698
10,2021,ZLK,10357,1355,2105,1959,649
11,2021,HKK,9785,1624,1839,2104,625
11,2021,JHC,11276,1890,3276,2611,574
11,2021,JHM,31048,3790,4863,5237,1792
11,2021,KVK,8250,973,1555,1482,487
11,2021,LBK,11065,1579,1819,2297,669
11,2021,MSK,40900,4075,2476,2927,1833
11,2021,OLK,13026,2066,1573,1647,753
11,2021,PAK,7670,1399,3012,3199,486
11,2021,PHA,26521,2968,5369,8919,757
11,2021,PLK,10816,1661,7222,5237,580
11,2021,STC,27956,3685,8805,13101,1631
11,2021,ULK,27830,3218,2138,2847,1655
11,2021,VYS,9212,1415,1867,2017,603
11,2021,ZLK,10194,1502,2235,2038,548
12,2021,HKK,10622,1918,1612,1838,595
12,2021,JHC,12634,2717,2455,3109,562
12,2021,JHM,33023,4604,4247,3802,1721
12,2021,KVK,8437,1087,855,1267,459
12,2021,LBK,11363,1599,1945,2127,617
12,2021,MSK,42152,4961,2537,2954,1716
12,2021,OLK,14382,2758,1396,1738,740
12,2021,PAK,8783,2073,3387,3147,468
12,2021,PHA,26047,2781,6385,10187,706
12,2021,PLK,11558,2018,6612,4560,550
12,2021,STC,29019,4097,10131,8564,1545
12,2021,ULK,28783,3587,2007,1852,1607
12,2021,VYS,10413,2156,1677,2033,592
12,2021,ZLK,10957,1901,1922,1682,530
1,2022,HKK,11143,2233,2480,1798,556
1,2022,JHC,13667,3243,3534,3120,564
1,2022,JHM,34528,5534,5394,5296,1627
1,2022,KVK,8752,1468,1353,978,426
1,2022,LBK,11525,1969,2618,1537,574
1,2022,MSK,43074,5951,3191,2707,1657
1,2022,OLK,15130,2873,1804,1666,709
1,2022,PAK,9306,2028,4026,3335,446
1,2022,PHA,25817,3742,5562,5811,666
1,2022,PLK,12152,2422,7473,5635,541
1,2022,STC,29707,5040,11447,9087,1456
1,2022,ULK,29832,4581,3327,2528,1566
1,2022,VYS,10963,2171,1765,1624,548
1,2022,ZLK,11480,2293,2259,2579,491
2,2022,HKK,10862,1291,2153,1994,529
2,2022,JHC,13290,1683,3551,3138,538
2,2022,JHM,33960,3346,5622,3839,1658
2,2022,KVK,8626,1010,1794,1620,393
2,2022,LBK,11481,1519,2317,2043,593
2,2022,MSK,42715,3995,3495,2654,1651
2,2022,OLK,14906,1772,1729,1660,679
2,2022,PAK,9263,1299,4352,3894,441
2,2022,PHA,25444,3124,6615,3748,657
2,2022,PLK,11897,1547,6890,5455,546
2,2022,STC,29203,3458,12114,9531,1400
2,2022,ULK,29842,3302,3533,2873,1533
2,2022,VYS,10720,1223,2005,1710,523
2,2022,ZLK,11224,1354,2392,2166,484
3,2022,HKK,10483,1451,2010,2094,527
3,2022,JHC,11836,1616,3249,4076,521
3,2022,JHM,32586,3383,6761,6142,1624
3,2022,KVK,8282,1027,2096,1588,372
3,2022,LBK,11141,1562,3192,3957,566
3,2022,MSK,41410,4220,4881,4058,1596
3,2022,OLK,14271,1978,2737,1765,664
3,2022,PAK,8687,1326,3685,3744,431
3,2022,PHA,24612,3048,6823,4685,680
3,2022,PLK,11164,1672,6202,8788,521
3,2022,STC,28174,3850,8491,11799,1355
3,2022,ULK,29586,3576,3458,4308,1526
3,2022,VYS,9955,1280,1658,1774,515
3,2022,ZLK,10686,1450,2867,3081,449
4,2022,HKK,9984,1385,1224,1356,516
4,2022,JHC,10735,1628,1622,1863,497
4,2022,JHM,31291,3310,3273,3385,1577
4,2022,KVK,7888,925,639,859,346
4,2022,LBK,10995,1578,942,1421,535
4,2022,MSK,40243,4195,2161,2333,1579
4,2022,OLK,13435,1828,1262,1470,642
4,2022,PAK,8122,1344,1164,1246,426
4,2022,PHA,24028,3012,3047,7797,656
4,2022,PLK,10814,1830,1180,6190,513
4,2022,STC,27379,3678,3123,5634,1320
4,2022,ULK,29296,3463,1281,2071,1496
4,2022,VYS,9302,1377,863,1315,512
4,2022,ZLK,10146,1495,1453,2112,457
5,2022,HKK,9584,1440,1515,1578,499
5,2022,JHC,10193,1728,1680,2072,484
5,2022,JHM,30189,3356,3758,4278,1553
5,2022,KVK,7604,949,769,901,345
5,2022,LBK,10493,1446,1303,1461,515
5,2022,MSK,39151,4223,2254,2451,1550
5,2022,OLK,12789,1768,1274,1326,629
5,2022,PAK,7662,1341,1557,1693,419
5,2022,PHA,23728,3107,3821,3987,601
5,2022,PLK,10480,1672,1390,5242,490
5,2022,STC,26720,3621,3565,4435,1256
5,2022,ULK,28389,3365,1807,2062,1448
5,2022,VYS,8782,1220,1169,1109,471
5,2022,ZLK,9704,1445,1252,1538,414
6,2022,HKK,9396,1432,1403,1589,438
6,2022,JHC,10065,1720,1591,1764,418
6,2022,JHM,29877,3507,3363,2915,1226
6,2022,KVK,7164,841,628,815,301
6,2022,LBK,10344,1502,984,1590,451
6,2022,MSK,38401,4226,1792,2540,1351
6,2022,OLK,12477,1832,1259,1577,522
6,2022,PAK,7602,1378,1149,1326,357
6,2022,PHA,23550,3177,3611,14609,522
6,2022,PLK,10384,1586,1306,2670,421
6,2022,STC,26477,3702,3077,5568,1087
6,2022,ULK,27459,3207,1280,1820,1167
6,2022,VYS,8596,1252,855,1209,389
6,2022,ZLK,9517,1489,1489,1718,349
7,2022,HKK,9918,1658,984,1050,459
7,2022,JHC,10574,1935,1019,1305,485
7,2022,JHM,31088,4058,1937,2525,1304
7,2022,KVK,7227,988,603,587,305
7,2022,LBK,10681,1561,619,774,440
7,2022,MSK,39219,4420,1625,1583,1372
7,2022,OLK,12961,2004,714,691,554
7,2022,PAK,8233,1692,928,1658,392
7,2022,PHA,24989,3851,2708,4128,563
7,2022,PLK,10830,1749,1291,1720,447
7,2022,STC,27773,4218,2549,3655,1108
7,2022,ULK,28050,3462,890,1322,1176
7,2022,VYS,9163,1581,676,1160,427
7,2022,ZLK,10000,1669,689,1232,414
8,2022,HKK,10447,1935,1382,1475,530
8,2022,JHC,11158,2335,1182,1413,523
8,2022,JHM,32499,4898,2650,3033,1522
8,2022,KVK,7592,1393,674,646,291
8,2022,LBK,11111,1907,897,955,463
8,2022,MSK,39858,4896,2042,1723,1427
8,2022,OLK,13517,2453,1182,1409,613
8,2022,PAK,8695,1834,1143,1346,463
8,2022,PHA,27326,5543,3397,3494,625
8,2022,PLK,11154,1871,1560,1780,519
8,2022,STC,29657,5500,3620,2988,1238
8,2022,ULK,28781,4201,1212,1164,1194
8,2022,VYS,9581,1666,886,1197,525
8,2022,ZLK,10377,1892,985,1112,487
9,2022,HKK,10697,2495,1185,1202,788
9,2022,JHC,11469,2735,1253,1394,773
9,2022,JHM,32773,5557,2600,5821,2025
9,2022,KVK,7906,1596,531,530,468
9,2022,LBK,11405,2350,1046,1137,669
9,2022,MSK,40496,6365,1600,1928,2226
9,2022,OLK,13691,2907,863,1343,973
9,2022,PAK,8942,2272,910,1240,730
9,2022,PHA,27809,4973,3098,4667,815
9,2022,PLK,11212,2411,1353,1529,734
9,2022,STC,30353,6165,3029,3157,1913
9,2022,ULK,29298,4932,1279,1022,1812
9,2022,VYS,9696,2182,917,992,779
9,2022,ZLK,10633,2400,986,917,785
10,2022,HKK,10691,1834,1035,1495,737
10,2022,JHC,11518,2238,1196,1431,769
10,2022,JHM,32690,4224,2691,6851,1939
10,2022,KVK,7992,1269,551,1305,497
10,2022,LBK,11556,1936,966,975,708
10,2022,MSK,40164,4871,1664,1988,2144
10,2022,OLK,13766,2259,902,1119,915
10,2022,PAK,8864,1619,984,1721,681
10,2022,PHA,27914,4250,3102,3526,881
10,2022,PLK,11037,1955,938,1372,702
10,2022,STC,30278,4607,2840,3159,1883
10,2022,ULK,29355,3906,1128,1077,1849
10,2022,VYS,9450,1438,654,939,712
10,2022,ZLK,10517,1755,762,1193,700
11,2022,HKK,10944,1853,1025,1116,669
11,2022,JHC,11793,2277,1102,1995,686
11,2022,JHM,33089,4411,2355,5453,1750
11,2022,KVK,8063,1197,610,549,449
11,2022,LBK,11712,1886,864,1223,657
11,2022,MSK,40184,4890,1457,2060,1965
11,2022,OLK,14023,2438,831,1504,834
11,2022,PAK,9019,1706,905,1101,568
11,2022,PHA,27625,3754,2458,1450,843
11,2022,PLK,11204,2059,1657,1706,628
11,2022,STC,30045,4276,2634,2020,1678
11,2022,ULK,29361,3804,969,1244,1708
11,2022,VYS,9524,1635,815,823,636
11,2022,ZLK,10601,1741,787,1615,599
12,2022,HKK,11569,1855,682,977,633
12,2022,JHC,13130,2862,711,1083,675
12,2022,JHM,35405,5024,1680,1845,1760
12,2022,KVK,8429,1241,425,354,418
12,2022,LBK,12255,1806,738,723,611
12,2022,MSK,41902,5204,1002,1824,1898
12,2022,OLK,15297,2763,604,1187,792
12,2022,PAK,10005,2029,725,1209,545
12,2022,PHA,27766,3131,2270,1350,779
12,2022,PLK,11970,2143,1014,1028,587
12,2022,STC,31177,4394,1846,2393,1560
12,2022,ULK,30740,4003,795,1062,1649
12,2022,VYS,10688,2252,534,793,603
12,2022,ZLK,11470,2049,590,1111,601
1,2023,HKK,12124,2419,1475,1337,603
1,2023,JHC,14332,3449,1601,2887,656
1,2023,JHM,36951,5891,2967,3271,1763
1,2023,KVK,8837,1589,896,612,436
1,2023,LBK,12687,2268,1669,1586,578
1,2023,MSK,42819,6251,1829,2233,1815
1,2023,OLK,16132,3187,1327,1207,775
1,2023,PAK,10763,2407,1370,1671,519
1,2023,PHA,28199,4478,3345,4813,763
1,2023,PLK,12615,2641,1614,3679,553
1,2023,STC,32253,5599,3549,4796,1502
1,2023,ULK,31894,4848,1244,2104,1624
1,2023,VYS,11341,2293,891,854,585
1,2023,ZLK,12112,2428,979,1212,573
2,2023,HKK,12246,1635,1223,1132,579
2,2023,JHC,14214,1943,1335,1651,662
2,2023,JHM,36763,3786,2553,2276,1788
2,2023,KVK,8714,1018,604,649,402
2,2023,LBK,12677,1579,966,1241,585
2,2023,MSK,42657,4436,1815,1946,1774
2,2023,OLK,16104,2081,1042,1123,773
2,2023,PAK,10776,1480,937,1092,512
2,2023,PHA,28419,3779,3135,976,756
2,2023,PLK,12359,1684,1168,1450,528
2,2023,STC,32393,4221,2965,2083,1457
2,2023,ULK,32046,3653,1230,1252,1634
2,2023,VYS,11182,1294,888,906,574
2,2023,ZLK,11958,1533,810,938,539
3,2023,HKK,11880,1621,1123,1129,563
3,2023,JHC,13155,1897,1410,2079,647
3,2023,JHM,35531,3912,3143,2695,1766
3,2023,KVK,8550,1160,926,780,398
3,2023,LBK,12313,1516,957,1264,578
3,2023,MSK,41729,4496,2008,2283,1692
3,2023,OLK,15321,2086,1126,1016,772
3,2023,PAK,10330,1590,1041,1179,528
3,2023,PHA,28041,3808,3545,2169,760
3,2023,PLK,11729,1790,1684,2022,529
3,2023,STC,31519,4018,3786,2471,1461
3,2023,ULK,31556,3596,1294,1314,1576
3,2023,VYS,10458,1292,914,1061,537
3,2023,ZLK,11366,1579,1060,1127,536
4,2023,HKK,11291,1611,831,1190,521
4,2023,JHC,12016,1692,1032,1237,612
4,2023,JHM,33919,3641,2332,2168,1720
4,2023,KVK,8321,1023,610,612,392
4,2023,LBK,11893,1578,777,794,561
4,2023,MSK,40405,4223,1643,1197,1632
4,2023,OLK,14420,1931,896,989,740
4,2023,PAK,9542,1507,842,1002,512
4,2023,PHA,27810,3385,2705,1763,726
4,2023,PLK,11116,1597,1184,1080,519
4,2023,STC,30347,3662,2877,3273,1419
4,2023,ULK,30502,3226,1169,1324,1522
4,2023,VYS,9468,1225,659,859,528
4,2023,ZLK,10633,1503,971,1035,510
5,2023,HKK,10842,1555,1590,1437,508
5,2023,JHC,11325,1795,1282,1568,547
5,2023,JHM,33006,3772,2972,3065,1684
5,2023,KVK,8102,1053,738,722,373
5,2023,LBK,11473,1514,930,970,570
5,2023,MSK,39624,4496,2127,1788,1621
5,2023,OLK,13718,1935,1096,1248,711
5,2023,PAK,9194,1513,1257,1165,483
5,2023,PHA,27469,3466,3734,2942,697
5,2023,PLK,10731,1652,2253,1566,506
5,2023,STC,29483,3809,3378,3290,1352
5,2023,ULK,29779,3302,1378,1315,1468
5,2023,VYS,8973,1323,936,933,486
5,2023,ZLK,10174,1519,981,1481,493
6,2023,HKK,10641,1525,1044,1304,431
6,2023,JHC,10946,1741,1209,1321,442
6,2023,JHM,32470,3630,2830,2721,1312
6,2023,KVK,7869,995,550,744,316
6,2023,LBK,11252,1492,826,1024,475
6,2023,MSK,38938,4180,1740,1712,1400
6,2023,OLK,13450,1928,1068,877,570
6,2023,PAK,8972,1415,1075,934,381
6,2023,PHA,27164,3555,3551,1714,610
6,2023,PLK,10606,1606,1500,1491,421
6,2023,STC,29200,3654,3258,3015,1160
6,2023,ULK,29463,3141,1293,1702,1196
6,2023,VYS,8872,1284,793,802,407
6,2023,ZLK,9949,1422,906,1284,391
7,2023,HKK,11090,1796,1112,810,438
7,2023,JHC,11494,2042,827,968,528
7,2023,JHM,33651,4307,2374,2082,1353
7,2023,KVK,8044,1061,561,454,301
7,2023,LBK,11559,1603,741,860,475
7,2023,MSK,39929,4807,1248,1463,1454
7,2023,OLK,13987,2185,1529,722,611
7,2023,PAK,9521,1755,836,801,412
7,2023,PHA,28176,3920,3154,1193,637
7,2023,PLK,11179,1958,1509,1373,459
7,2023,STC,30333,4357,2866,7038,1149
7,2023,ULK,30057,3430,1184,1191,1202
7,2023,VYS,9368,1559,595,786,464
7,2023,ZLK,10545,1896,756,614,445
8,2023,HKK,11194,1649,1044,1438,509
8,2023,JHC,11665,1972,1045,1107,582
8,2023,JHM,34010,4169,2609,8247,1482
8,2023,KVK,8025,1017,536,411,311
8,2023,LBK,11597,1536,763,1016,520
8,2023,MSK,40195,4514,1454,1672,1506
8,2023,OLK,14037,1972,884,990,647
8,2023,PAK,9701,1642,1082,1246,471
8,2023,PHA,28501,3958,2889,1391,653
8,2023,PLK,11306,1786,1548,1458,538
8,2023,STC,30586,4156,2707,2427,1272
8,2023,ULK,30082,3260,1231,1194,1278
8,2023,VYS,9391,1374,1148,820,523
8,2023,ZLK,10513,1638,954,897,503
9,2023,HKK,11354,2464,833,989,876
9,2023,JHC,11765,2604,1086,1254,880
9,2023,JHM,34124,5547,2218,2110,2184
9,2023,KVK,8226,1450,539,641,540
9,2023,LBK,11689,2207,984,1040,742
9,2023,MSK,40492,6160,1371,1358,2258
9,2023,OLK,14372,3088,802,1092,1113
9,2023,PAK,9899,2373,935,1202,805
9,2023,PHA,28039,4378,2813,2222,874
9,2023,PLK,11322,2360,1473,1221,809
9,2023,STC,30943,5929,2502,1777,2149
9,2023,ULK,30864,4871,1380,1217,2084
9,2023,VYS,9409,2006,885,865,769
9,2023,ZLK,10522,2341,866,911,811
