month,year,kraj,general_thefts,break_in_thefts,avg_monthly_salary
1,2009,HKK,271,174,19132.0
2,2009,HKK,245,164,19132.0
3,2009,HKK,284,207,19132.0
4,2009,HKK,271,162,19885.0
5,2009,HKK,268,191,19885.0
6,2009,HKK,279,213,19885.0
7,2009,HKK,269,162,20121.0
8,2009,HKK,323,188,20121.0
9,2009,HKK,250,195,20121.0
10,2009,HKK,246,217,22342.0
11,2009,HKK,277,210,22342.0
12,2009,HKK,230,216,22342.0
1,2009,JHC,275,181,19576.0
2,2009,JHC,253,183,19576.0
3,2009,JHC,309,206,19576.0
4,2009,JHC,343,204,20310.0
5,2009,JHC,369,236,20310.0
6,2009,JHC,374,214,20310.0
7,2009,JHC,380,227,20762.0
8,2009,JHC,388,209,20762.0
9,2009,JHC,376,220,20762.0
10,2009,JHC,364,211,23016.0
11,2009,JHC,376,243,23016.0
12,2009,JHC,273,197,23016.0
1,2009,JHM,909,286,21065.0
2,2009,JHM,876,323,21065.0
3,2009,JHM,905,396,21065.0
4,2009,JHM,986,389,21800.0
5,2009,JHM,998,411,21800.0
6,2009,JHM,1000,444,21800.0
7,2009,JHM,1041,405,22289.0
8,2009,JHM,1045,442,22289.0
9,2009,JHM,929,370,22289.0
10,2009,JHM,1080,331,24525.0
11,2009,JHM,1042,391,24525.0
12,2009,JHM,964,355,24525.0
1,2009,KVK,198,96,18652.0
2,2009,KVK,160,107,18652.0
3,2009,KVK,173,92,18652.0
4,2009,KVK,182,105,19646.0
5,2009,KVK,168,125,19646.0
6,2009,KVK,203,108,19646.0
7,2009,KVK,226,132,19794.0
8,2009,KVK,234,120,19794.0
9,2009,KVK,237,122,19794.0
10,2009,KVK,261,107,22310.0
11,2009,KVK,277,97,22310.0
12,2009,KVK,209,107,22310.0
1,2009,LBK,343,130,19653.0
2,2009,LBK,338,148,19653.0
3,2009,LBK,400,180,19653.0
4,2009,LBK,419,196,20484.0
5,2009,LBK,429,230,20484.0
6,2009,LBK,456,227,20484.0
7,2009,LBK,503,192,20928.0
8,2009,LBK,508,229,20928.0
9,2009,LBK,422,182,20928.0
10,2009,LBK,378,189,22815.0
11,2009,LBK,399,198,22815.0
12,2009,LBK,328,189,22815.0
1,2009,MSK,1440,572,20474.0
2,2009,MSK,1239,585,20474.0
3,2009,MSK,1459,684,20474.0
4,2009,MSK,1410,602,21278.0
5,2009,MSK,1626,641,21278.0
6,2009,MSK,1673,638,21278.0
7,2009,MSK,1589,574,21508.0
8,2009,MSK,1545,528,21508.0
9,2009,MSK,1495,551,21508.0
10,2009,MSK,1505,537,23807.0
11,2009,MSK,1441,556,23807.0
12,2009,MSK,1258,528,23807.0
1,2009,OLK,366,162,18731.0
2,2009,OLK,333,167,18731.0
3,2009,OLK,384,202,18731.0
4,2009,OLK,368,219,19920.0
5,2009,OLK,424,192,19920.0
6,2009,OLK,431,200,19920.0
7,2009,OLK,411,153,20359.0
8,2009,OLK,490,203,20359.0
9,2009,OLK,457,162,20359.0
10,2009,OLK,438,168,22401.0
11,2009,OLK,327,175,22401.0
12,2009,OLK,346,150,22401.0
1,2009,PAK,189,124,19123.0
2,2009,PAK,227,133,19123.0
3,2009,PAK,235,158,19123.0
4,2009,PAK,219,170,19828.0
5,2009,PAK,241,159,19828.0
6,2009,PAK,248,162,19828.0
7,2009,PAK,299,156,20428.0
8,2009,PAK,283,167,20428.0
9,2009,PAK,265,161,20428.0
10,2009,PAK,279,132,22923.0
11,2009,PAK,194,116,22923.0
12,2009,PAK,206,138,22923.0
1,2009,PHA,4237,775,30450.0
2,2009,PHA,3676,739,30450.0
3,2009,PHA,4599,867,30450.0
4,2009,PHA,4276,859,30430.0
5,2009,PHA,4372,905,30430.0
6,2009,PHA,4470,905,30430.0
7,2009,PHA,4277,936,30605.0
8,2009,PHA,4277,939,30605.0
9,2009,PHA,4483,896,30605.0
10,2009,PHA,4476,839,33568.0
11,2009,PHA,3896,924,33568.0
12,2009,PHA,3507,880,33568.0
1,2009,PLK,469,231,21993.0
2,2009,PLK,393,158,21993.0
3,2009,PLK,482,224,21993.0
4,2009,PLK,436,217,21959.0
5,2009,PLK,419,238,21959.0
6,2009,PLK,395,239,21959.0
7,2009,PLK,449,209,22201.0
8,2009,PLK,420,221,22201.0
9,2009,PLK,435,259,22201.0
10,2009,PLK,500,249,24379.0
11,2009,PLK,494,223,24379.0
12,2009,PLK,379,233,24379.0
1,2009,STC,1140,716,21405.0
2,2009,STC,1091,732,21405.0
3,2009,STC,1395,926,21405.0
4,2009,STC,1177,847,22621.0
5,2009,STC,1309,840,22621.0
6,2009,STC,1276,755,22621.0
7,2009,STC,1289,645,22450.0
8,2009,STC,1437,616,22450.0
9,2009,STC,1291,730,22450.0
10,2009,STC,1315,780,24302.0
11,2009,STC,1374,708,24302.0
12,2009,STC,1073,749,24302.0
1,2009,ULK,816,372,20070.0
2,2009,ULK,866,364,20070.0
3,2009,ULK,825,436,20070.0
4,2009,ULK,866,433,20743.0
5,2009,ULK,980,480,20743.0
6,2009,ULK,925,395,20743.0
7,2009,ULK,847,433,21055.0
8,2009,ULK,906,421,21055.0
9,2009,ULK,856,418,21055.0
10,2009,ULK,777,455,23466.0
11,2009,ULK,815,467,23466.0
12,2009,ULK,682,413,23466.0
1,2009,VYS,168,169,19216.0
2,2009,VYS,147,153,19216.0
3,2009,VYS,211,171,19216.0
4,2009,VYS,221,166,20131.0
5,2009,VYS,238,145,20131.0
6,2009,VYS,260,139,20131.0
7,2009,VYS,267,134,20807.0
8,2009,VYS,283,150,20807.0
9,2009,VYS,197,218,20807.0
10,2009,VYS,250,165,22465.0
11,2009,VYS,213,168,22465.0
12,2009,VYS,131,193,22465.0
1,2009,ZLK,156,142,17704.0
2,2009,ZLK,209,145,17704.0
3,2009,ZLK,228,145,17704.0
4,2009,ZLK,238,134,18703.0
5,2009,ZLK,245,138,18703.0
6,2009,ZLK,256,127,18703.0
7,2009,ZLK,322,125,18977.0
8,2009,ZLK,254,149,18977.0
9,2009,ZLK,242,143,18977.0
10,2009,ZLK,226,126,20848.0
11,2009,ZLK,210,153,20848.0
12,2009,ZLK,193,148,20848.0
1,2010,HKK,1129,604,20555.0
2,2010,HKK,1141,547,20555.0
3,2010,HKK,1367,662,20555.0
4,2010,HKK,1371,690,21552.0
5,2010,HKK,1437,718,21552.0
6,2010,HKK,1423,625,21552.0
7,2010,HKK,1526,597,21468.0
8,2010,HKK,1547,609,21468.0
9,2010,HKK,1520,596,21468.0
10,2010,HKK,1483,658,23593.0
11,2010,HKK,1427,690,23593.0
12,2010,HKK,1096,582,23593.0
1,2010,JHC,298,184,20271.0
2,2010,JHC,296,176,20271.0
3,2010,JHC,364,295,20271.0
4,2010,JHC,368,301,21008.0
5,2010,JHC,470,274,21008.0
6,2010,JHC,454,293,21008.0
7,2010,JHC,464,256,21251.0
8,2010,JHC,461,274,21251.0
9,2010,JHC,377,284,21251.0
10,2010,JHC,487,298,23315.0
11,2010,JHC,361,237,23315.0
12,2010,JHC,319,223,23315.0
1,2010,JHM,147,145,21831.0
2,2010,JHM,173,157,21831.0
3,2010,JHM,199,209,21831.0
4,2010,JHM,227,221,22609.0
5,2010,JHM,248,210,22609.0
6,2010,JHM,223,199,22609.0
7,2010,JHM,237,149,22665.0
8,2010,JHM,243,207,22665.0
9,2010,JHM,237,119,22665.0
10,2010,JHM,218,179,24684.0
11,2010,JHM,202,154,24684.0
12,2010,JHM,112,114,24684.0
1,2010,KVK,709,449,19371.0
2,2010,KVK,734,473,19371.0
3,2010,KVK,899,573,19371.0
4,2010,KVK,805,553,20333.0
5,2010,KVK,877,610,20333.0
6,2010,KVK,917,542,20333.0
7,2010,KVK,904,559,20336.0
8,2010,KVK,961,611,20336.0
9,2010,KVK,862,559,20336.0
10,2010,KVK,954,546,22205.0
11,2010,KVK,858,526,22205.0
12,2010,KVK,674,407,22205.0
1,2010,LBK,989,332,20576.0
2,2010,LBK,885,369,20576.0
3,2010,LBK,1096,437,20576.0
4,2010,LBK,956,456,21389.0
5,2010,LBK,956,442,21389.0
6,2010,LBK,944,419,21389.0
7,2010,LBK,912,354,21561.0
8,2010,LBK,1005,374,21561.0
9,2010,LBK,1018,393,21561.0
10,2010,LBK,982,384,23447.0
11,2010,LBK,1041,405,23447.0
12,2010,LBK,891,367,23447.0
1,2010,MSK,96,44,21128.0
2,2010,MSK,547,388,21128.0
3,2010,MSK,332,266,21128.0
4,2010,MSK,401,215,21959.0
5,2010,MSK,411,259,21959.0
6,2010,MSK,425,228,21959.0
7,2010,MSK,422,202,22012.0
8,2010,MSK,421,265,22012.0
9,2010,MSK,375,208,22012.0
10,2010,MSK,358,263,24282.0
11,2010,MSK,351,231,24282.0
12,2010,MSK,255,188,24282.0
1,2010,OLK,238,139,19767.0
2,2010,OLK,170,153,19767.0
3,2010,OLK,211,220,19767.0
4,2010,OLK,231,158,20940.0
5,2010,OLK,245,151,20940.0
6,2010,OLK,277,145,20940.0
7,2010,OLK,322,128,20883.0
8,2010,OLK,296,164,20883.0
9,2010,OLK,275,138,20883.0
10,2010,OLK,256,117,22768.0
11,2010,OLK,191,125,22768.0
12,2010,OLK,148,101,22768.0
1,2010,PAK,251,177,19890.0
2,2010,PAK,326,179,19890.0
3,2010,PAK,373,232,19890.0
4,2010,PAK,373,208,20743.0
5,2010,PAK,348,221,20743.0
6,2010,PAK,351,206,20743.0
7,2010,PAK,372,187,20957.0
8,2010,PAK,405,206,20957.0
9,2010,PAK,441,227,20957.0
10,2010,PAK,390,256,22756.0
11,2010,PAK,406,245,22756.0
12,2010,PAK,249,205,22756.0
1,2010,PHA,3134,808,30430.0
2,2010,PHA,3439,798,30430.0
3,2010,PHA,3975,926,30430.0
4,2010,PHA,3735,1107,30660.0
5,2010,PHA,3730,931,30660.0
6,2010,PHA,3457,926,30660.0
7,2010,PHA,3341,924,30689.0
8,2010,PHA,3618,933,30689.0
9,2010,PHA,3625,816,30689.0
10,2010,PHA,3610,927,33028.0
11,2010,PHA,3442,907,33028.0
12,2010,PHA,2945,756,33028.0
1,2010,PLK,311,260,21564.0
2,2010,PLK,388,224,21564.0
3,2010,PLK,475,245,21564.0
4,2010,PLK,482,226,22467.0
5,2010,PLK,412,213,22467.0
6,2010,PLK,400,225,22467.0
7,2010,PLK,464,232,24043.0
8,2010,PLK,546,232,24043.0
9,2010,PLK,457,261,24043.0
10,2010,PLK,479,290,24582.0
11,2010,PLK,453,249,24582.0
12,2010,PLK,327,235,24582.0
1,2010,STC,916,644,22013.0
2,2010,STC,993,688,22013.0
3,2010,STC,1175,883,22013.0
4,2010,STC,1136,741,23421.0
5,2010,STC,1293,886,23421.0
6,2010,STC,1096,738,23421.0
7,2010,STC,1232,677,22967.0
8,2010,STC,1302,709,22967.0
9,2010,STC,1359,693,22967.0
10,2010,STC,1309,775,24662.0
11,2010,STC,1236,696,24662.0
12,2010,STC,820,559,24662.0
1,2010,ULK,229,202,20775.0
2,2010,ULK,229,170,20775.0
3,2010,ULK,252,197,20775.0
4,2010,ULK,264,203,21367.0
5,2010,ULK,282,202,21367.0
6,2010,ULK,288,216,21367.0
7,2010,ULK,332,207,21526.0
8,2010,ULK,402,210,21526.0
9,2010,ULK,325,179,21526.0
10,2010,ULK,269,207,23557.0
11,2010,ULK,272,175,23557.0
12,2010,ULK,233,159,23557.0
1,2010,VYS,174,113,20183.0
2,2010,VYS,155,116,20183.0
3,2010,VYS,181,173,20183.0
4,2010,VYS,232,176,20931.0
5,2010,VYS,210,142,20931.0
6,2010,VYS,232,140,20931.0
7,2010,VYS,254,109,21090.0
8,2010,VYS,219,117,21090.0
9,2010,VYS,253,124,21090.0
10,2010,VYS,243,194,22921.0
11,2010,VYS,232,162,22921.0
12,2010,VYS,194,112,22921.0
1,2010,ZLK,182,141,19629.0
2,2010,ZLK,179,108,19629.0
3,2010,ZLK,175,115,19629.0
4,2010,ZLK,178,131,20655.0
5,2010,ZLK,209,123,20655.0
6,2010,ZLK,165,129,20655.0
7,2010,ZLK,213,118,20724.0
8,2010,ZLK,234,118,20724.0
9,2010,ZLK,201,130,20724.0
10,2010,ZLK,158,150,22588.0
11,2010,ZLK,183,124,22588.0
12,2010,ZLK,146,105,22588.0
1,2011,HKK,1239,661,20877.0
2,2011,HKK,1183,656,20877.0
3,2011,HKK,1335,707,20877.0
4,2011,HKK,1358,692,21835.0
5,2011,HKK,1550,722,21835.0
6,2011,HKK,1426,766,21835.0
7,2011,HKK,1585,797,21692.0
8,2011,HKK,1652,761,21692.0
9,2011,HKK,1392,723,21692.0
10,2011,HKK,1538,755,23452.0
11,2011,HKK,1630,726,23452.0
12,2011,HKK,1387,808,23452.0
1,2011,JHC,405,291,20683.0
2,2011,JHC,378,239,20683.0
3,2011,JHC,441,235,20683.0
4,2011,JHC,382,254,21277.0
5,2011,JHC,409,226,21277.0
6,2011,JHC,428,253,21277.0
7,2011,JHC,390,246,21511.0
8,2011,JHC,421,224,21511.0
9,2011,JHC,357,230,21511.0
10,2011,JHC,353,269,23557.0
11,2011,JHC,299,235,23557.0
12,2011,JHC,303,203,23557.0
1,2011,JHM,167,112,22117.0
2,2011,JHM,169,136,22117.0
3,2011,JHM,210,135,22117.0
4,2011,JHM,217,106,22894.0
5,2011,JHM,230,136,22894.0
6,2011,JHM,230,142,22894.0
7,2011,JHM,180,142,23022.0
8,2011,JHM,175,147,23022.0
9,2011,JHM,180,130,23022.0
10,2011,JHM,188,125,25173.0
11,2011,JHM,169,161,25173.0
12,2011,JHM,131,152,25173.0
1,2011,KVK,935,620,19760.0
2,2011,KVK,829,559,19760.0
3,2011,KVK,816,659,19760.0
4,2011,KVK,875,565,20447.0
5,2011,KVK,1002,649,20447.0
6,2011,KVK,849,628,20447.0
7,2011,KVK,890,605,20556.0
8,2011,KVK,881,577,20556.0
9,2011,KVK,852,496,20556.0
10,2011,KVK,818,491,22295.0
11,2011,KVK,758,525,22295.0
12,2011,KVK,620,483,22295.0
1,2011,LBK,1008,462,21163.0
2,2011,LBK,926,416,21163.0
3,2011,LBK,1051,521,21163.0
4,2011,LBK,974,541,21926.0
5,2011,LBK,1032,417,21926.0
6,2011,LBK,983,390,21926.0
7,2011,LBK,921,427,22012.0
8,2011,LBK,962,424,22012.0
9,2011,LBK,947,350,22012.0
10,2011,LBK,978,413,23778.0
11,2011,LBK,767,416,23778.0
12,2011,LBK,920,394,23778.0
1,2011,MSK,330,211,21272.0
2,2011,MSK,327,198,21272.0
3,2011,MSK,342,221,21272.0
4,2011,MSK,316,223,22253.0
5,2011,MSK,348,207,22253.0
6,2011,MSK,428,206,22253.0
7,2011,MSK,495,251,22269.0
8,2011,MSK,394,221,22269.0
9,2011,MSK,349,205,22269.0
10,2011,MSK,308,234,24562.0
11,2011,MSK,354,237,24562.0
12,2011,MSK,381,214,24562.0
1,2011,OLK,224,145,20382.0
2,2011,OLK,215,145,20382.0
3,2011,OLK,245,137,20382.0
4,2011,OLK,235,132,21153.0
5,2011,OLK,203,142,21153.0
6,2011,OLK,249,127,21153.0
7,2011,OLK,254,152,21532.0
8,2011,OLK,246,156,21532.0
9,2011,OLK,252,134,21532.0
10,2011,OLK,237,126,23546.0
11,2011,OLK,236,123,23546.0
12,2011,OLK,207,142,23546.0
1,2011,PAK,383,282,20259.0
2,2011,PAK,366,266,20259.0
3,2011,PAK,399,287,20259.0
4,2011,PAK,388,228,20903.0
5,2011,PAK,375,189,20903.0
6,2011,PAK,312,204,20903.0
7,2011,PAK,397,231,21235.0
8,2011,PAK,445,184,21235.0
9,2011,PAK,377,182,21235.0
10,2011,PAK,403,233,23140.0
11,2011,PAK,404,240,23140.0
12,2011,PAK,359,232,23140.0
1,2011,PHA,3150,928,32128.0
2,2011,PHA,3059,823,32128.0
3,2011,PHA,3448,944,32128.0
4,2011,PHA,3462,762,32337.0
5,2011,PHA,3555,765,32337.0
6,2011,PHA,3465,826,32337.0
7,2011,PHA,3256,862,32136.0
8,2011,PHA,3423,898,32136.0
9,2011,PHA,3727,896,32136.0
10,2011,PHA,3447,916,34657.0
11,2011,PHA,3410,932,34657.0
12,2011,PHA,3490,833,34657.0
1,2011,PLK,391,262,21892.0
2,2011,PLK,366,253,21892.0
3,2011,PLK,466,246,21892.0
4,2011,PLK,422,249,22734.0
5,2011,PLK,449,256,22734.0
6,2011,PLK,432,218,22734.0
7,2011,PLK,434,213,23034.0
8,2011,PLK,432,210,23034.0
9,2011,PLK,391,238,23034.0
10,2011,PLK,359,295,25109.0
11,2011,PLK,297,278,25109.0
12,2011,PLK,421,316,25109.0
1,2011,STC,1022,712,22885.0
2,2011,STC,949,678,22885.0
3,2011,STC,1086,738,22885.0
4,2011,STC,1034,669,24420.0
5,2011,STC,1169,704,24420.0
6,2011,STC,1100,689,24420.0
7,2011,STC,1109,724,23836.0
8,2011,STC,1240,686,23836.0
9,2011,STC,1104,690,23836.0
10,2011,STC,1105,728,25648.0
11,2011,STC,1067,737,25648.0
12,2011,STC,1082,745,25648.0
1,2011,ULK,282,186,21026.0
2,2011,ULK,252,199,21026.0
3,2011,ULK,264,244,21026.0
4,2011,ULK,252,202,21608.0
5,2011,ULK,287,168,21608.0
6,2011,ULK,304,199,21608.0
7,2011,ULK,335,205,21751.0
8,2011,ULK,310,157,21751.0
9,2011,ULK,276,147,21751.0
10,2011,ULK,275,179,23447.0
11,2011,ULK,252,186,23447.0
12,2011,ULK,273,159,23447.0
1,2011,VYS,199,132,20658.0
2,2011,VYS,174,178,20658.0
3,2011,VYS,203,175,20658.0
4,2011,VYS,198,145,21512.0
5,2011,VYS,210,112,21512.0
6,2011,VYS,214,117,21512.0
7,2011,VYS,233,114,21501.0
8,2011,VYS,246,137,21501.0
9,2011,VYS,186,125,21501.0
10,2011,VYS,218,110,23152.0
11,2011,VYS,201,130,23152.0
12,2011,VYS,164,136,23152.0
1,2011,ZLK,184,100,20169.0
2,2011,ZLK,142,131,20169.0
3,2011,ZLK,167,124,20169.0
4,2011,ZLK,171,120,21174.0
5,2011,ZLK,178,150,21174.0
6,2011,ZLK,172,114,21174.0
7,2011,ZLK,209,128,21090.0
8,2011,ZLK,227,126,21090.0
9,2011,ZLK,180,127,21090.0
10,2011,ZLK,175,137,23188.0
11,2011,ZLK,215,166,23188.0
12,2011,ZLK,163,110,23188.0
1,2012,HKK,1553,767,21534.0
2,2012,HKK,1083,644,21534.0
3,2012,HKK,1364,771,21534.0
4,2012,HKK,1211,685,22458.0
5,2012,HKK,1449,627,22458.0
6,2012,HKK,1445,650,22458.0
7,2012,HKK,1330,632,22076.0
8,2012,HKK,1397,664,22076.0
9,2012,HKK,1377,683,22076.0
10,2012,HKK,1398,732,24441.0
11,2012,HKK,1449,694,24441.0
12,2012,HKK,1091,699,24441.0
1,2012,JHC,357,239,21329.0
2,2012,JHC,273,192,21329.0
3,2012,JHC,403,261,21329.0
4,2012,JHC,360,254,21886.0
5,2012,JHC,364,224,21886.0
6,2012,JHC,341,204,21886.0
7,2012,JHC,385,198,21917.0
8,2012,JHC,413,204,21917.0
9,2012,JHC,303,158,21917.0
10,2012,JHC,369,228,24057.0
11,2012,JHC,302,219,24057.0
12,2012,JHC,254,212,24057.0
1,2012,JHM,209,145,22913.0
2,2012,JHM,175,122,22913.0
3,2012,JHM,210,170,22913.0
4,2012,JHM,194,141,23343.0
5,2012,JHM,204,169,23343.0
6,2012,JHM,235,145,23343.0
7,2012,JHM,220,159,23493.0
8,2012,JHM,241,155,23493.0
9,2012,JHM,175,137,23493.0
10,2012,JHM,183,139,26039.0
11,2012,JHM,175,122,26039.0
12,2012,JHM,127,140,26039.0
1,2012,KVK,783,525,20536.0
2,2012,KVK,657,472,20536.0
3,2012,KVK,763,505,20536.0
4,2012,KVK,733,491,21080.0
5,2012,KVK,752,463,21080.0
6,2012,KVK,750,539,21080.0
7,2012,KVK,810,494,20882.0
8,2012,KVK,792,487,20882.0
9,2012,KVK,791,491,20882.0
10,2012,KVK,819,524,22712.0
11,2012,KVK,679,455,22712.0
12,2012,KVK,651,467,22712.0
1,2012,LBK,907,454,21851.0
2,2012,LBK,880,428,21851.0
3,2012,LBK,989,485,21851.0
4,2012,LBK,957,447,22448.0
5,2012,LBK,1034,437,22448.0
6,2012,LBK,922,477,22448.0
7,2012,LBK,946,404,22420.0
8,2012,LBK,1068,440,22420.0
9,2012,LBK,887,422,22420.0
10,2012,LBK,1034,437,24331.0
11,2012,LBK,985,406,24331.0
12,2012,LBK,820,386,24331.0
1,2012,MSK,350,200,22118.0
2,2012,MSK,344,173,22118.0
3,2012,MSK,327,215,22118.0
4,2012,MSK,334,226,22795.0
5,2012,MSK,406,231,22795.0
6,2012,MSK,409,279,22795.0
7,2012,MSK,462,224,22639.0
8,2012,MSK,413,179,22639.0
9,2012,MSK,317,207,22639.0
10,2012,MSK,394,214,25437.0
11,2012,MSK,341,213,25437.0
12,2012,MSK,330,156,25437.0
1,2012,OLK,268,159,21162.0
2,2012,OLK,220,138,21162.0
3,2012,OLK,241,131,21162.0
4,2012,OLK,230,147,21559.0
5,2012,OLK,274,134,21559.0
6,2012,OLK,262,124,21559.0
7,2012,OLK,237,133,21924.0
8,2012,OLK,285,135,21924.0
9,2012,OLK,209,147,21924.0
10,2012,OLK,246,129,24195.0
11,2012,OLK,242,156,24195.0
12,2012,OLK,180,128,24195.0
1,2012,PAK,462,218,20936.0
2,2012,PAK,380,202,20936.0
3,2012,PAK,408,253,20936.0
4,2012,PAK,372,222,21485.0
5,2012,PAK,383,247,21485.0
6,2012,PAK,374,176,21485.0
7,2012,PAK,362,200,21540.0
8,2012,PAK,445,201,21540.0
9,2012,PAK,355,194,21540.0
10,2012,PAK,446,268,23888.0
11,2012,PAK,367,239,23888.0
12,2012,PAK,316,217,23888.0
1,2012,PHA,3489,923,32640.0
2,2012,PHA,2884,706,32640.0
3,2012,PHA,3363,805,32640.0
4,2012,PHA,3227,844,32498.0
5,2012,PHA,3409,811,32498.0
6,2012,PHA,3385,677,32498.0
7,2012,PHA,3411,729,32018.0
8,2012,PHA,3332,746,32018.0
9,2012,PHA,3179,759,32018.0
10,2012,PHA,3475,762,35981.0
11,2012,PHA,3315,791,35981.0
12,2012,PHA,3250,693,35981.0
1,2012,PLK,381,215,22814.0
2,2012,PLK,344,229,22814.0
3,2012,PLK,419,231,22814.0
4,2012,PLK,339,200,23318.0
5,2012,PLK,337,269,23318.0
6,2012,PLK,324,243,23318.0
7,2012,PLK,335,214,23438.0
8,2012,PLK,327,242,23438.0
9,2012,PLK,334,205,23438.0
10,2012,PLK,367,234,25416.0
11,2012,PLK,335,256,25416.0
12,2012,PLK,319,312,25416.0
1,2012,STC,1076,726,23705.0
2,2012,STC,978,557,23705.0
3,2012,STC,1128,774,23705.0
4,2012,STC,998,655,25025.0
5,2012,STC,1145,628,25025.0
6,2012,STC,1056,681,25025.0
7,2012,STC,1077,607,24089.0
8,2012,STC,1139,642,24089.0
9,2012,STC,1007,605,24089.0
10,2012,STC,1081,690,26220.0
11,2012,STC,1031,730,26220.0
12,2012,STC,740,600,26220.0
1,2012,ULK,308,165,21735.0
2,2012,ULK,229,154,21735.0
3,2012,ULK,286,159,21735.0
4,2012,ULK,270,149,22061.0
5,2012,ULK,287,182,22061.0
6,2012,ULK,328,157,22061.0
7,2012,ULK,303,154,22023.0
8,2012,ULK,382,145,22023.0
9,2012,ULK,244,157,22023.0
10,2012,ULK,304,201,23812.0
11,2012,ULK,321,151,23812.0
12,2012,ULK,238,154,23812.0
1,2012,VYS,191,129,21363.0
2,2012,VYS,114,116,21363.0
3,2012,VYS,180,164,21363.0
4,2012,VYS,213,136,21849.0
5,2012,VYS,187,130,21849.0
6,2012,VYS,179,144,21849.0
7,2012,VYS,203,140,21911.0
8,2012,VYS,215,135,21911.0
9,2012,VYS,212,135,21911.0
10,2012,VYS,198,130,23884.0
11,2012,VYS,199,185,23884.0
12,2012,VYS,164,148,23884.0
1,2012,ZLK,219,102,20936.0
2,2012,ZLK,187,114,20936.0
3,2012,ZLK,177,126,20936.0
4,2012,ZLK,169,121,21762.0
5,2012,ZLK,172,115,21762.0
6,2012,ZLK,190,118,21762.0
7,2012,ZLK,204,109,21580.0
8,2012,ZLK,207,96,21580.0
9,2012,ZLK,163,125,21580.0
10,2012,ZLK,194,121,23834.0
11,2012,ZLK,231,142,23834.0
12,2012,ZLK,144,118,23834.0
1,2013,HKK,1254,792,21461.0
2,2013,HKK,1428,809,21461.0
3,2013,HKK,1374,924,21461.0
4,2013,HKK,1258,899,22537.0
5,2013,HKK,1482,833,22537.0
6,2013,HKK,1406,760,22537.0
7,2013,HKK,1503,684,22259.0
8,2013,HKK,1485,668,22259.0
9,2013,HKK,1430,742,22259.0
10,2013,HKK,1339,751,23818.0
11,2013,HKK,1273,643,23818.0
12,2013,HKK,1083,642,23818.0
1,2013,JHC,302,261,21236.0
2,2013,JHC,296,230,21236.0
3,2013,JHC,308,227,21236.0
4,2013,JHC,339,283,22071.0
5,2013,JHC,405,273,22071.0
6,2013,JHC,355,223,22071.0
7,2013,JHC,436,193,22147.0
8,2013,JHC,390,199,22147.0
9,2013,JHC,340,252,22147.0
10,2013,JHC,287,211,23844.0
11,2013,JHC,310,234,23844.0
12,2013,JHC,297,239,23844.0
1,2013,JHM,182,141,23071.0
2,2013,JHM,182,152,23071.0
3,2013,JHM,219,146,23071.0
4,2013,JHM,175,158,23857.0
5,2013,JHM,184,136,23857.0
6,2013,JHM,227,140,23857.0
7,2013,JHM,232,154,23977.0
8,2013,JHM,205,141,23977.0
9,2013,JHM,219,131,23977.0
10,2013,JHM,196,119,25909.0
11,2013,JHM,147,116,25909.0
12,2013,JHM,181,90,25909.0
1,2013,KVK,812,594,20362.0
2,2013,KVK,771,611,20362.0
3,2013,KVK,869,584,20362.0
4,2013,KVK,781,584,21235.0
5,2013,KVK,809,620,21235.0
6,2013,KVK,713,577,21235.0
7,2013,KVK,874,557,21162.0
8,2013,KVK,962,644,21162.0
9,2013,KVK,845,590,21162.0
10,2013,KVK,770,548,22723.0
11,2013,KVK,764,452,22723.0
12,2013,KVK,642,449,22723.0
1,2013,LBK,921,460,22125.0
2,2013,LBK,945,482,22125.0
3,2013,LBK,1044,523,22125.0
4,2013,LBK,998,501,22860.0
5,2013,LBK,982,413,22860.0
6,2013,LBK,895,382,22860.0
7,2013,LBK,971,387,23107.0
8,2013,LBK,911,420,23107.0
9,2013,LBK,957,361,23107.0
10,2013,LBK,885,385,24621.0
11,2013,LBK,728,443,24621.0
12,2013,LBK,694,403,24621.0
1,2013,MSK,356,225,21876.0
2,2013,MSK,305,264,21876.0
3,2013,MSK,416,258,21876.0
4,2013,MSK,402,271,22847.0
5,2013,MSK,409,250,22847.0
6,2013,MSK,404,267,22847.0
7,2013,MSK,434,224,22758.0
8,2013,MSK,512,173,22758.0
9,2013,MSK,416,251,22758.0
10,2013,MSK,370,248,24657.0
11,2013,MSK,373,242,24657.0
12,2013,MSK,330,226,24657.0
1,2013,OLK,199,170,20931.0
2,2013,OLK,210,174,20931.0
3,2013,OLK,231,161,20931.0
4,2013,OLK,270,164,21847.0
5,2013,OLK,271,166,21847.0
6,2013,OLK,259,153,21847.0
7,2013,OLK,250,137,22174.0
8,2013,OLK,269,113,22174.0
9,2013,OLK,230,105,22174.0
10,2013,OLK,261,120,23767.0
11,2013,OLK,229,124,23767.0
12,2013,OLK,223,132,23767.0
1,2013,PAK,359,262,21015.0
2,2013,PAK,334,263,21015.0
3,2013,PAK,379,287,21015.0
4,2013,PAK,386,282,21717.0
5,2013,PAK,371,249,21717.0
6,2013,PAK,391,265,21717.0
7,2013,PAK,430,294,22014.0
8,2013,PAK,424,232,22014.0
9,2013,PAK,366,186,22014.0
10,2013,PAK,401,245,23541.0
11,2013,PAK,368,220,23541.0
12,2013,PAK,281,171,23541.0
1,2013,PHA,3713,824,31993.0
2,2013,PHA,3513,979,31993.0
3,2013,PHA,3808,1046,31993.0
4,2013,PHA,3624,978,32494.0
5,2013,PHA,4012,1047,32494.0
6,2013,PHA,3825,980,32494.0
7,2013,PHA,3690,1017,32109.0
8,2013,PHA,4044,985,32109.0
9,2013,PHA,3924,962,32109.0
10,2013,PHA,3645,945,34210.0
11,2013,PHA,3598,937,34210.0
12,2013,PHA,3625,978,34210.0
1,2013,PLK,331,279,22643.0
2,2013,PLK,368,263,22643.0
3,2013,PLK,314,274,22643.0
4,2013,PLK,319,311,23568.0
5,2013,PLK,341,266,23568.0
6,2013,PLK,369,251,23568.0
7,2013,PLK,369,265,23762.0
8,2013,PLK,398,244,23762.0
9,2013,PLK,407,249,23762.0
10,2013,PLK,404,242,25333.0
11,2013,PLK,342,275,25333.0
12,2013,PLK,336,338,25333.0
1,2013,STC,953,784,23646.0
2,2013,STC,1014,785,23646.0
3,2013,STC,1104,871,23646.0
4,2013,STC,1094,904,25599.0
5,2013,STC,1123,769,25599.0
6,2013,STC,1071,693,25599.0
7,2013,STC,1234,636,24522.0
8,2013,STC,1228,688,24522.0
9,2013,STC,1200,660,24522.0
10,2013,STC,1151,712,26235.0
11,2013,STC,1024,714,26235.0
12,2013,STC,946,663,26235.0
1,2013,ULK,272,155,21696.0
2,2013,ULK,264,196,21696.0
3,2013,ULK,256,218,21696.0
4,2013,ULK,227,169,22471.0
5,2013,ULK,243,170,22471.0
6,2013,ULK,286,144,22471.0
7,2013,ULK,303,175,22423.0
8,2013,ULK,274,166,22423.0
9,2013,ULK,234,184,22423.0
10,2013,ULK,233,151,24052.0
11,2013,ULK,236,162,24052.0
12,2013,ULK,234,175,24052.0
1,2013,VYS,171,176,21385.0
2,2013,VYS,154,147,21385.0
3,2013,VYS,169,164,21385.0
4,2013,VYS,182,188,22314.0
5,2013,VYS,191,158,22314.0
6,2013,VYS,192,144,22314.0
7,2013,VYS,241,147,22356.0
8,2013,VYS,249,153,22356.0
9,2013,VYS,217,184,22356.0
10,2013,VYS,208,154,23849.0
11,2013,VYS,181,125,23849.0
12,2013,VYS,160,133,23849.0
1,2013,ZLK,205,141,20657.0
2,2013,ZLK,191,155,20657.0
3,2013,ZLK,207,161,20657.0
4,2013,ZLK,192,125,21563.0
5,2013,ZLK,185,122,21563.0
6,2013,ZLK,169,114,21563.0
7,2013,ZLK,225,124,21616.0
8,2013,ZLK,178,130,21616.0
9,2013,ZLK,232,127,21616.0
10,2013,ZLK,226,93,23268.0
11,2013,ZLK,196,111,23268.0
12,2013,ZLK,138,89,23268.0
1,2014,HKK,1202,637,22398.0
2,2014,HKK,1136,621,22398.0
3,2014,HKK,1335,662,22398.0
4,2014,HKK,1169,625,23293.0
5,2014,HKK,1230,534,23293.0
6,2014,HKK,1102,530,23293.0
7,2014,HKK,1213,521,22881.0
8,2014,HKK,1151,532,22881.0
9,2014,HKK,1236,507,22881.0
10,2014,HKK,1118,578,24764.0
11,2014,HKK,1038,487,24764.0
12,2014,HKK,858,392,24764.0
1,2014,JHC,354,232,22099.0
2,2014,JHC,287,226,22099.0
3,2014,JHC,335,288,22099.0
4,2014,JHC,341,235,22741.0
5,2014,JHC,349,213,22741.0
6,2014,JHC,350,209,22741.0
7,2014,JHC,320,206,22605.0
8,2014,JHC,281,144,22605.0
9,2014,JHC,339,181,22605.0
10,2014,JHC,326,144,24660.0
11,2014,JHC,293,189,24660.0
12,2014,JHC,242,167,24660.0
1,2014,JHM,213,144,23830.0
2,2014,JHM,167,132,23830.0
3,2014,JHM,175,140,23830.0
4,2014,JHM,162,135,24394.0
5,2014,JHM,134,94,24394.0
6,2014,JHM,153,114,24394.0
7,2014,JHM,160,122,24374.0
8,2014,JHM,166,149,24374.0
9,2014,JHM,152,103,24374.0
10,2014,JHM,176,126,26447.0
11,2014,JHM,160,102,26447.0
12,2014,JHM,113,112,26447.0
1,2014,KVK,744,531,20844.0
2,2014,KVK,680,473,20844.0
3,2014,KVK,749,449,20844.0
4,2014,KVK,635,440,21557.0
5,2014,KVK,666,495,21557.0
6,2014,KVK,695,407,21557.0
7,2014,KVK,679,418,21377.0
8,2014,KVK,640,364,21377.0
9,2014,KVK,633,384,21377.0
10,2014,KVK,668,369,23350.0
11,2014,KVK,580,343,23350.0
12,2014,KVK,461,313,23350.0
1,2014,LBK,750,429,22874.0
2,2014,LBK,698,354,22874.0
3,2014,LBK,814,397,22874.0
4,2014,LBK,779,366,23556.0
5,2014,LBK,701,358,23556.0
6,2014,LBK,642,329,23556.0
7,2014,LBK,799,329,23556.0
8,2014,LBK,816,326,23556.0
9,2014,LBK,858,326,23556.0
10,2014,LBK,847,361,25412.0
11,2014,LBK,770,275,25412.0
12,2014,LBK,571,288,25412.0
1,2014,MSK,342,179,22803.0
2,2014,MSK,340,207,22803.0
3,2014,MSK,336,229,22803.0
4,2014,MSK,312,202,23444.0
5,2014,MSK,342,216,23444.0
6,2014,MSK,359,192,23444.0
7,2014,MSK,369,179,23384.0
8,2014,MSK,374,146,23384.0
9,2014,MSK,338,180,23384.0
10,2014,MSK,337,173,25364.0
11,2014,MSK,307,123,25364.0
12,2014,MSK,265,150,25364.0
1,2014,OLK,268,171,21868.0
2,2014,OLK,210,120,21868.0
3,2014,OLK,219,139,21868.0
4,2014,OLK,215,143,22572.0
5,2014,OLK,260,136,22572.0
6,2014,OLK,206,123,22572.0
7,2014,OLK,189,118,22713.0
8,2014,OLK,231,121,22713.0
9,2014,OLK,210,125,22713.0
10,2014,OLK,226,109,24621.0
11,2014,OLK,170,113,24621.0
12,2014,OLK,162,125,24621.0
1,2014,PAK,380,232,21988.0
2,2014,PAK,340,193,21988.0
3,2014,PAK,383,184,21988.0
4,2014,PAK,326,150,22455.0
5,2014,PAK,407,180,22455.0
6,2014,PAK,371,172,22455.0
7,2014,PAK,392,183,22673.0
8,2014,PAK,306,139,22673.0
9,2014,PAK,344,192,22673.0
10,2014,PAK,338,185,24653.0
11,2014,PAK,303,170,24653.0
12,2014,PAK,255,149,24653.0
1,2014,PHA,3548,987,33146.0
2,2014,PHA,3019,823,33146.0
3,2014,PHA,3481,924,33146.0
4,2014,PHA,3138,922,33273.0
5,2014,PHA,3178,937,33273.0
6,2014,PHA,3190,969,33273.0
7,2014,PHA,3050,1018,32692.0
8,2014,PHA,2851,835,32692.0
9,2014,PHA,2842,734,32692.0
10,2014,PHA,2898,711,34714.0
11,2014,PHA,2724,711,34714.0
12,2014,PHA,2571,645,34714.0
1,2014,PLK,325,256,23548.0
2,2014,PLK,293,220,23548.0
3,2014,PLK,299,227,23548.0
4,2014,PLK,268,185,24392.0
5,2014,PLK,290,223,24392.0
6,2014,PLK,302,196,24392.0
7,2014,PLK,315,218,24327.0
8,2014,PLK,264,196,24327.0
9,2014,PLK,321,188,24327.0
10,2014,PLK,313,210,26113.0
11,2014,PLK,276,177,26113.0
12,2014,PLK,315,221,26113.0
1,2014,STC,912,673,24629.0
2,2014,STC,849,627,24629.0
3,2014,STC,951,752,24629.0
4,2014,STC,851,713,26201.0
5,2014,STC,840,627,26201.0
6,2014,STC,892,555,26201.0
7,2014,STC,802,513,25109.0
8,2014,STC,870,488,25109.0
9,2014,STC,753,449,25109.0
10,2014,STC,668,528,27048.0
11,2014,STC,677,437,27048.0
12,2014,STC,580,485,27048.0
1,2014,ULK,290,186,22473.0
2,2014,ULK,228,207,22473.0
3,2014,ULK,253,193,22473.0
4,2014,ULK,218,172,23010.0
5,2014,ULK,261,124,23010.0
6,2014,ULK,233,149,23010.0
7,2014,ULK,281,125,22828.0
8,2014,ULK,231,119,22828.0
9,2014,ULK,203,130,22828.0
10,2014,ULK,222,89,24687.0
11,2014,ULK,199,87,24687.0
12,2014,ULK,145,71,24687.0
1,2014,VYS,186,126,22277.0
2,2014,VYS,173,117,22277.0
3,2014,VYS,216,146,22277.0
4,2014,VYS,214,126,23069.0
5,2014,VYS,224,143,23069.0
6,2014,VYS,196,114,23069.0
7,2014,VYS,221,112,22900.0
8,2014,VYS,230,114,22900.0
9,2014,VYS,179,148,22900.0
10,2014,VYS,174,141,24833.0
11,2014,VYS,163,126,24833.0
12,2014,VYS,126,124,24833.0
1,2014,ZLK,189,120,21670.0
2,2014,ZLK,145,87,21670.0
3,2014,ZLK,182,119,21670.0
4,2014,ZLK,158,95,22457.0
5,2014,ZLK,142,99,22457.0
6,2014,ZLK,156,92,22457.0
7,2014,ZLK,162,83,22141.0
8,2014,ZLK,145,65,22141.0
9,2014,ZLK,137,61,22141.0
10,2014,ZLK,139,77,24260.0
11,2014,ZLK,119,73,24260.0
12,2014,ZLK,109,59,24260.0
1,2015,HKK,936,406,22987.0
2,2015,HKK,906,398,22987.0
3,2015,HKK,952,414,22987.0
4,2015,HKK,918,396,24113.0
5,2015,HKK,890,386,24113.0
6,2015,HKK,929,330,24113.0
7,2015,HKK,1005,324,23615.0
8,2015,HKK,965,357,23615.0
9,2015,HKK,906,335,23615.0
10,2015,HKK,844,336,25595.0
11,2015,HKK,802,299,25595.0
12,2015,HKK,652,283,25595.0
1,2015,JHC,270,152,22583.0
2,2015,JHC,202,135,22583.0
3,2015,JHC,243,150,22583.0
4,2015,JHC,275,162,23529.0
5,2015,JHC,250,137,23529.0
6,2015,JHC,281,138,23529.0
7,2015,JHC,277,123,23599.0
8,2015,JHC,300,141,23599.0
9,2015,JHC,212,152,23599.0
10,2015,JHC,230,137,25625.0
11,2015,JHC,231,126,25625.0
12,2015,JHC,187,124,25625.0
1,2015,JHM,134,120,24524.0
2,2015,JHM,138,84,24524.0
3,2015,JHM,155,102,24524.0
4,2015,JHM,122,95,25174.0
5,2015,JHM,109,76,25174.0
6,2015,JHM,107,72,25174.0
7,2015,JHM,116,78,25294.0
8,2015,JHM,109,48,25294.0
9,2015,JHM,148,48,25294.0
10,2015,JHM,100,72,27471.0
11,2015,JHM,96,63,27471.0
12,2015,JHM,101,67,27471.0
1,2015,KVK,590,312,21310.0
2,2015,KVK,533,280,21310.0
3,2015,KVK,493,318,21310.0
4,2015,KVK,414,281,22294.0
5,2015,KVK,437,275,22294.0
6,2015,KVK,492,274,22294.0
7,2015,KVK,488,240,22335.0
8,2015,KVK,518,230,22335.0
9,2015,KVK,538,250,22335.0
10,2015,KVK,452,222,24354.0
11,2015,KVK,366,209,24354.0
12,2015,KVK,389,235,24354.0
1,2015,LBK,585,327,23506.0
2,2015,LBK,614,256,23506.0
3,2015,LBK,641,311,23506.0
4,2015,LBK,642,301,24367.0
5,2015,LBK,644,277,24367.0
6,2015,LBK,747,253,24367.0
7,2015,LBK,678,224,24331.0
8,2015,LBK,703,246,24331.0
9,2015,LBK,723,223,24331.0
10,2015,LBK,685,260,26325.0
11,2015,LBK,597,280,26325.0
12,2015,LBK,570,271,26325.0
1,2015,MSK,306,172,23292.0
2,2015,MSK,259,123,23292.0
3,2015,MSK,302,196,23292.0
4,2015,MSK,262,166,24067.0
5,2015,MSK,272,149,24067.0
6,2015,MSK,276,156,24067.0
7,2015,MSK,342,135,24180.0
8,2015,MSK,304,134,24180.0
9,2015,MSK,275,152,24180.0
10,2015,MSK,295,140,26209.0
11,2015,MSK,275,131,26209.0
12,2015,MSK,239,118,26209.0
1,2015,OLK,182,101,22346.0
2,2015,OLK,177,104,22346.0
3,2015,OLK,139,97,22346.0
4,2015,OLK,171,92,23308.0
5,2015,OLK,152,80,23308.0
6,2015,OLK,169,76,23308.0
7,2015,OLK,175,69,23527.0
8,2015,OLK,150,60,23527.0
9,2015,OLK,166,79,23527.0
10,2015,OLK,118,64,25371.0
11,2015,OLK,113,66,25371.0
12,2015,OLK,127,68,25371.0
1,2015,PAK,264,135,22551.0
2,2015,PAK,227,141,22551.0
3,2015,PAK,225,150,22551.0
4,2015,PAK,283,171,23406.0
5,2015,PAK,277,145,23406.0
6,2015,PAK,312,121,23406.0
7,2015,PAK,285,150,23511.0
8,2015,PAK,287,123,23511.0
9,2015,PAK,300,151,23511.0
10,2015,PAK,283,138,25505.0
11,2015,PAK,254,138,25505.0
12,2015,PAK,274,168,25505.0
1,2015,PHA,2496,662,33910.0
2,2015,PHA,2208,634,33910.0
3,2015,PHA,2620,624,33910.0
4,2015,PHA,2596,613,34399.0
5,2015,PHA,2622,620,34399.0
6,2015,PHA,2679,579,34399.0
7,2015,PHA,2668,584,33714.0
8,2015,PHA,2750,559,33714.0
9,2015,PHA,2828,599,33714.0
10,2015,PHA,2874,625,35976.0
11,2015,PHA,2720,564,35976.0
12,2015,PHA,2854,560,35976.0
1,2015,PLK,276,185,24109.0
2,2015,PLK,254,151,24109.0
3,2015,PLK,265,178,24109.0
4,2015,PLK,254,201,25306.0
5,2015,PLK,251,171,25306.0
6,2015,PLK,291,141,25306.0
7,2015,PLK,261,122,25211.0
8,2015,PLK,266,110,25211.0
9,2015,PLK,227,100,25211.0
10,2015,PLK,359,179,27116.0
11,2015,PLK,239,126,27116.0
12,2015,PLK,237,171,27116.0
1,2015,STC,664,480,25029.0
2,2015,STC,668,476,25029.0
3,2015,STC,604,483,25029.0
4,2015,STC,542,445,27091.0
5,2015,STC,597,429,27091.0
6,2015,STC,645,372,27091.0
7,2015,STC,607,362,25910.0
8,2015,STC,647,348,25910.0
9,2015,STC,633,375,25910.0
10,2015,STC,558,378,28218.0
11,2015,STC,537,316,28218.0
12,2015,STC,537,432,28218.0
1,2015,ULK,205,126,23091.0
2,2015,ULK,175,80,23091.0
3,2015,ULK,243,97,23091.0
4,2015,ULK,141,91,23757.0
5,2015,ULK,140,99,23757.0
6,2015,ULK,175,89,23757.0
7,2015,ULK,161,90,23683.0
8,2015,ULK,196,83,23683.0
9,2015,ULK,169,82,23683.0
10,2015,ULK,137,86,25611.0
11,2015,ULK,130,78,25611.0
12,2015,ULK,142,76,25611.0
1,2015,VYS,164,114,22950.0
2,2015,VYS,138,90,22950.0
3,2015,VYS,162,116,22950.0
4,2015,VYS,176,94,23862.0
5,2015,VYS,156,73,23862.0
6,2015,VYS,147,82,23862.0
7,2015,VYS,164,97,23876.0
8,2015,VYS,137,83,23876.0
9,2015,VYS,146,81,23876.0
10,2015,VYS,155,76,25752.0
11,2015,VYS,152,85,25752.0
12,2015,VYS,125,84,25752.0
1,2015,ZLK,128,81,22072.0
2,2015,ZLK,154,71,22072.0
3,2015,ZLK,162,68,22072.0
4,2015,ZLK,114,43,23122.0
5,2015,ZLK,114,49,23122.0
6,2015,ZLK,112,37,23122.0
7,2015,ZLK,126,45,23042.0
8,2015,ZLK,124,74,23042.0
9,2015,ZLK,126,52,23042.0
10,2015,ZLK,98,52,25093.0
11,2015,ZLK,116,47,25093.0
12,2015,ZLK,95,71,25093.0
1,2016,HKK,134,64,24332.0
2,2016,HKK,139,66,24332.0
3,2016,HKK,159,66,24332.0
4,2016,HKK,127,78,25407.0
5,2016,HKK,161,59,25407.0
6,2016,HKK,131,56,25407.0
7,2016,HKK,137,60,25124.0
8,2016,HKK,177,60,25124.0
9,2016,HKK,163,61,25124.0
10,2016,HKK,133,78,27158.0
11,2016,HKK,99,65,27158.0
12,2016,HKK,81,74,27158.0
1,2016,JHC,194,132,23749.0
2,2016,JHC,195,144,23749.0
3,2016,JHC,206,132,23749.0
4,2016,JHC,190,108,24552.0
5,2016,JHC,215,99,24552.0
6,2016,JHC,229,140,24552.0
7,2016,JHC,276,94,24697.0
8,2016,JHC,277,118,24697.0
9,2016,JHC,186,110,24697.0
10,2016,JHC,170,115,26823.0
11,2016,JHC,137,87,26823.0
12,2016,JHC,139,99,26823.0
1,2016,JHM,617,243,25849.0
2,2016,JHM,569,245,25849.0
3,2016,JHM,558,255,25849.0
4,2016,JHM,651,214,26329.0
5,2016,JHM,636,258,26329.0
6,2016,JHM,615,246,26329.0
7,2016,JHM,618,263,26649.0
8,2016,JHM,680,246,26649.0
9,2016,JHM,627,183,26649.0
10,2016,JHM,516,201,28797.0
11,2016,JHM,486,192,28797.0
12,2016,JHM,429,186,28797.0
1,2016,KVK,113,61,22585.0
2,2016,KVK,97,39,22585.0
3,2016,KVK,122,58,22585.0
4,2016,KVK,96,47,23265.0
5,2016,KVK,98,44,23265.0
6,2016,KVK,96,49,23265.0
7,2016,KVK,118,57,23571.0
8,2016,KVK,127,61,23571.0
9,2016,KVK,111,53,23571.0
10,2016,KVK,114,49,25642.0
11,2016,KVK,142,56,25642.0
12,2016,KVK,108,57,25642.0
1,2016,LBK,214,95,24582.0
2,2016,LBK,224,89,24582.0
3,2016,LBK,256,123,24582.0
4,2016,LBK,208,129,25420.0
5,2016,LBK,262,134,25420.0
6,2016,LBK,199,112,25420.0
7,2016,LBK,262,72,25540.0
8,2016,LBK,202,78,25540.0
9,2016,LBK,191,108,25540.0
10,2016,LBK,210,94,27479.0
11,2016,LBK,173,91,27479.0
12,2016,LBK,192,81,27479.0
1,2016,MSK,633,233,24224.0
2,2016,MSK,660,299,24224.0
3,2016,MSK,647,312,24224.0
4,2016,MSK,717,308,24910.0
5,2016,MSK,774,316,24910.0
6,2016,MSK,759,291,24910.0
7,2016,MSK,857,282,25007.0
8,2016,MSK,871,262,25007.0
9,2016,MSK,786,251,25007.0
10,2016,MSK,673,238,26873.0
11,2016,MSK,665,260,26873.0
12,2016,MSK,642,231,26873.0
1,2016,OLK,260,129,23436.0
2,2016,OLK,261,123,23436.0
3,2016,OLK,256,137,23436.0
4,2016,OLK,231,113,24339.0
5,2016,OLK,289,138,24339.0
6,2016,OLK,297,94,24339.0
7,2016,OLK,246,118,24628.0
8,2016,OLK,257,124,24628.0
9,2016,OLK,255,119,24628.0
10,2016,OLK,213,88,26584.0
11,2016,OLK,195,95,26584.0
12,2016,OLK,225,111,26584.0
1,2016,PAK,126,44,23667.0
2,2016,PAK,82,57,23667.0
3,2016,PAK,122,66,23667.0
4,2016,PAK,113,69,24277.0
5,2016,PAK,108,53,24277.0
6,2016,PAK,129,48,24277.0
7,2016,PAK,104,63,24579.0
8,2016,PAK,140,55,24579.0
9,2016,PAK,106,57,24579.0
10,2016,PAK,106,52,26884.0
11,2016,PAK,90,76,26884.0
12,2016,PAK,74,61,26884.0
1,2016,PHA,2395,671,34846.0
2,2016,PHA,2183,582,34846.0
3,2016,PHA,2382,617,34846.0
4,2016,PHA,2278,612,34992.0
5,2016,PHA,2356,557,34992.0
6,2016,PHA,2312,510,34992.0
7,2016,PHA,2350,521,34699.0
8,2016,PHA,2188,603,34699.0
9,2016,PHA,2342,533,34699.0
10,2016,PHA,2226,604,36789.0
11,2016,PHA,1956,531,36789.0
12,2016,PHA,2005,525,36789.0
1,2016,PLK,236,107,25414.0
2,2016,PLK,160,106,25414.0
3,2016,PLK,202,88,25414.0
4,2016,PLK,196,69,26416.0
5,2016,PLK,229,88,26416.0
6,2016,PLK,201,81,26416.0
7,2016,PLK,268,87,26708.0
8,2016,PLK,260,105,26708.0
9,2016,PLK,250,108,26708.0
10,2016,PLK,268,103,28688.0
11,2016,PLK,249,98,28688.0
12,2016,PLK,185,78,28688.0
1,2016,STC,483,319,26460.0
2,2016,STC,456,358,26460.0
3,2016,STC,555,359,26460.0
4,2016,STC,508,367,28312.0
5,2016,STC,511,371,28312.0
6,2016,STC,478,369,28312.0
7,2016,STC,516,337,27255.0
8,2016,STC,490,324,27255.0
9,2016,STC,482,266,27255.0
10,2016,STC,456,363,29650.0
11,2016,STC,426,348,29650.0
12,2016,STC,422,281,29650.0
1,2016,ULK,499,219,24208.0
2,2016,ULK,370,185,24208.0
3,2016,ULK,395,223,24208.0
4,2016,ULK,341,210,25047.0
5,2016,ULK,433,205,25047.0
6,2016,ULK,378,213,25047.0
7,2016,ULK,367,238,25120.0
8,2016,ULK,443,223,25120.0
9,2016,ULK,387,201,25120.0
10,2016,ULK,421,227,27089.0
11,2016,ULK,359,226,27089.0
12,2016,ULK,342,191,27089.0
1,2016,VYS,104,54,23959.0
2,2016,VYS,102,55,23959.0
3,2016,VYS,97,54,23959.0
4,2016,VYS,97,55,24880.0
5,2016,VYS,87,68,24880.0
6,2016,VYS,107,68,24880.0
7,2016,VYS,125,47,24987.0
8,2016,VYS,111,51,24987.0
9,2016,VYS,102,69,24987.0
10,2016,VYS,75,64,26892.0
11,2016,VYS,72,44,26892.0
12,2016,VYS,80,40,26892.0
1,2016,ZLK,150,71,23041.0
2,2016,ZLK,161,72,23041.0
3,2016,ZLK,133,72,23041.0
4,2016,ZLK,124,68,24140.0
5,2016,ZLK,153,62,24140.0
6,2016,ZLK,151,84,24140.0
7,2016,ZLK,180,70,24087.0
8,2016,ZLK,158,50,24087.0
9,2016,ZLK,194,68,24087.0
10,2016,ZLK,150,84,26133.0
11,2016,ZLK,116,68,26133.0
12,2016,ZLK,125,65,26133.0
1,2017,HKK,107,51,25436.0
2,2017,HKK,109,67,25436.0
3,2017,HKK,100,60,25436.0
4,2017,HKK,132,74,27496.0
5,2017,HKK,145,70,27496.0
6,2017,HKK,161,76,27496.0
7,2017,HKK,177,78,26680.0
8,2017,HKK,183,79,26680.0
9,2017,HKK,125,51,26680.0
10,2017,HKK,122,89,29353.0
11,2017,HKK,124,73,29353.0
12,2017,HKK,100,50,29353.0
1,2017,JHC,186,72,25001.0
2,2017,JHC,154,106,25001.0
3,2017,JHC,177,116,25001.0
4,2017,JHC,141,104,26327.0
5,2017,JHC,196,117,26327.0
6,2017,JHC,162,85,26327.0
7,2017,JHC,174,71,26410.0
8,2017,JHC,225,68,26410.0
9,2017,JHC,168,98,26410.0
10,2017,JHC,169,64,28975.0
11,2017,JHC,128,61,28975.0
12,2017,JHC,94,58,28975.0
1,2017,JHM,440,167,26985.0
2,2017,JHM,436,159,26985.0
3,2017,JHM,482,218,26985.0
4,2017,JHM,505,188,28218.0
5,2017,JHM,572,190,28218.0
6,2017,JHM,594,219,28218.0
7,2017,JHM,560,233,28417.0
8,2017,JHM,603,252,28417.0
9,2017,JHM,550,210,28417.0
10,2017,JHM,540,261,31031.0
11,2017,JHM,579,283,31031.0
12,2017,JHM,492,225,31031.0
1,2017,KVK,115,57,24180.0
2,2017,KVK,81,48,24180.0
3,2017,KVK,118,58,24180.0
4,2017,KVK,119,57,25634.0
5,2017,KVK,112,44,25634.0
6,2017,KVK,94,54,25634.0
7,2017,KVK,137,54,25847.0
8,2017,KVK,130,48,25847.0
9,2017,KVK,108,56,25847.0
10,2017,KVK,120,62,28295.0
11,2017,KVK,104,42,28295.0
12,2017,KVK,84,61,28295.0
1,2017,LBK,185,80,25803.0
2,2017,LBK,162,71,25803.0
3,2017,LBK,191,109,25803.0
4,2017,LBK,157,88,27202.0
5,2017,LBK,214,115,27202.0
6,2017,LBK,225,87,27202.0
7,2017,LBK,212,109,27231.0
8,2017,LBK,224,94,27231.0
9,2017,LBK,195,87,27231.0
10,2017,LBK,162,95,29338.0
11,2017,LBK,147,77,29338.0
12,2017,LBK,145,73,29338.0
1,2017,MSK,673,266,25207.0
2,2017,MSK,671,188,25207.0
3,2017,MSK,669,230,25207.0
4,2017,MSK,650,222,26567.0
5,2017,MSK,632,246,26567.0
6,2017,MSK,658,227,26567.0
7,2017,MSK,805,272,26662.0
8,2017,MSK,764,264,26662.0
9,2017,MSK,641,317,26662.0
10,2017,MSK,788,310,29026.0
11,2017,MSK,709,240,29026.0
12,2017,MSK,595,195,29026.0
1,2017,OLK,214,84,24523.0
2,2017,OLK,196,102,24523.0
3,2017,OLK,189,89,24523.0
4,2017,OLK,216,85,26044.0
5,2017,OLK,157,86,26044.0
6,2017,OLK,158,75,26044.0
7,2017,OLK,192,82,26322.0
8,2017,OLK,226,73,26322.0
9,2017,OLK,249,92,26322.0
10,2017,OLK,231,94,28660.0
11,2017,OLK,197,79,28660.0
12,2017,OLK,157,94,28660.0
1,2017,PAK,96,41,24891.0
2,2017,PAK,76,40,24891.0
3,2017,PAK,106,56,24891.0
4,2017,PAK,89,50,26295.0
5,2017,PAK,116,57,26295.0
6,2017,PAK,115,43,26295.0
7,2017,PAK,129,51,26525.0
8,2017,PAK,146,59,26525.0
9,2017,PAK,123,48,26525.0
10,2017,PAK,104,57,29173.0
11,2017,PAK,86,76,29173.0
12,2017,PAK,81,58,29173.0
1,2017,PHA,1703,535,36771.0
2,2017,PHA,1712,476,36771.0
3,2017,PHA,2009,545,36771.0
4,2017,PHA,1975,387,37376.0
5,2017,PHA,2136,426,37376.0
6,2017,PHA,2211,470,37376.0
7,2017,PHA,2232,405,36857.0
8,2017,PHA,2314,402,36857.0
9,2017,PHA,2338,330,36857.0
10,2017,PHA,2571,371,39704.0
11,2017,PHA,2319,333,39704.0
12,2017,PHA,2156,290,39704.0
1,2017,PLK,207,100,27067.0
2,2017,PLK,225,104,27067.0
3,2017,PLK,249,112,27067.0
4,2017,PLK,223,88,28809.0
5,2017,PLK,228,86,28809.0
6,2017,PLK,236,68,28809.0
7,2017,PLK,282,93,28802.0
8,2017,PLK,267,77,28802.0
9,2017,PLK,233,93,28802.0
10,2017,PLK,234,154,31163.0
11,2017,PLK,234,100,31163.0
12,2017,PLK,209,113,31163.0
1,2017,STC,404,251,27954.0
2,2017,STC,364,273,27954.0
3,2017,STC,444,326,27954.0
4,2017,STC,390,269,30607.0
5,2017,STC,452,266,30607.0
6,2017,STC,466,299,30607.0
7,2017,STC,482,297,29338.0
8,2017,STC,559,321,29338.0
9,2017,STC,474,271,29338.0
10,2017,STC,456,306,31859.0
11,2017,STC,458,346,31859.0
12,2017,STC,355,330,31859.0
1,2017,ULK,430,167,25503.0
2,2017,ULK,309,196,25503.0
3,2017,ULK,417,201,25503.0
4,2017,ULK,359,200,26746.0
5,2017,ULK,415,244,26746.0
6,2017,ULK,391,216,26746.0
7,2017,ULK,392,152,26820.0
8,2017,ULK,473,187,26820.0
9,2017,ULK,398,182,26820.0
10,2017,ULK,379,194,29171.0
11,2017,ULK,345,173,29171.0
12,2017,ULK,259,165,29171.0
1,2017,VYS,95,41,25412.0
2,2017,VYS,84,39,25412.0
3,2017,VYS,92,54,25412.0
4,2017,VYS,68,60,26849.0
5,2017,VYS,112,53,26849.0
6,2017,VYS,92,33,26849.0
7,2017,VYS,71,36,26886.0
8,2017,VYS,87,42,26886.0
9,2017,VYS,78,35,26886.0
10,2017,VYS,77,48,29357.0
11,2017,VYS,94,62,29357.0
12,2017,VYS,51,40,29357.0
1,2017,ZLK,131,67,24418.0
2,2017,ZLK,89,67,24418.0
3,2017,ZLK,135,58,24418.0
4,2017,ZLK,121,88,25964.0
5,2017,ZLK,111,58,25964.0
6,2017,ZLK,100,62,25964.0
7,2017,ZLK,110,70,25985.0
8,2017,ZLK,122,54,25985.0
9,2017,ZLK,143,60,25985.0
10,2017,ZLK,137,65,28614.0
11,2017,ZLK,78,67,28614.0
12,2017,ZLK,92,61,28614.0
1,2018,HKK,128,45,27892.0
2,2018,HKK,104,42,27892.0
3,2018,HKK,84,52,27892.0
4,2018,HKK,97,62,30612.0
5,2018,HKK,129,55,30612.0
6,2018,HKK,115,53,30612.0
7,2018,HKK,126,52,29308.0
8,2018,HKK,99,42,29308.0
9,2018,HKK,142,43,29308.0
10,2018,HKK,131,55,31646.0
11,2018,HKK,74,49,31646.0
12,2018,HKK,106,58,31646.0
1,2018,JHC,126,47,27198.0
2,2018,JHC,96,45,27198.0
3,2018,JHC,141,55,27198.0
4,2018,JHC,104,78,28638.0
5,2018,JHC,136,80,28638.0
6,2018,JHC,162,46,28638.0
7,2018,JHC,189,61,28890.0
8,2018,JHC,182,56,28890.0
9,2018,JHC,165,69,28890.0
10,2018,JHC,170,97,30875.0
11,2018,JHC,128,80,30875.0
12,2018,JHC,105,56,30875.0
1,2018,JHM,501,236,29279.0
2,2018,JHM,399,154,29279.0
3,2018,JHM,414,196,29279.0
4,2018,JHM,419,187,30451.0
5,2018,JHM,480,178,30451.0
6,2018,JHM,504,256,30451.0
7,2018,JHM,586,196,30647.0
8,2018,JHM,570,193,30647.0
9,2018,JHM,538,226,30647.0
10,2018,JHM,525,213,33083.0
11,2018,JHM,592,214,33083.0
12,2018,JHM,503,234,33083.0
1,2018,KVK,85,62,26478.0
2,2018,KVK,93,34,26478.0
3,2018,KVK,99,48,26478.0
4,2018,KVK,104,49,27761.0
5,2018,KVK,101,44,27761.0
6,2018,KVK,111,55,27761.0
7,2018,KVK,101,52,28003.0
8,2018,KVK,123,83,28003.0
9,2018,KVK,113,58,28003.0
10,2018,KVK,88,79,29737.0
11,2018,KVK,124,50,29737.0
12,2018,KVK,95,72,29737.0
1,2018,LBK,179,89,28073.0
2,2018,LBK,151,72,28073.0
3,2018,LBK,145,77,28073.0
4,2018,LBK,157,77,29792.0
5,2018,LBK,193,129,29792.0
6,2018,LBK,168,101,29792.0
7,2018,LBK,252,102,29538.0
8,2018,LBK,232,69,29538.0
9,2018,LBK,229,111,29538.0
10,2018,LBK,231,130,31705.0
11,2018,LBK,192,89,31705.0
12,2018,LBK,161,82,31705.0
1,2018,MSK,745,228,27325.0
2,2018,MSK,505,220,27325.0
3,2018,MSK,489,228,27325.0
4,2018,MSK,583,192,28824.0
5,2018,MSK,657,228,28824.0
6,2018,MSK,671,231,28824.0
7,2018,MSK,683,267,28815.0
8,2018,MSK,735,211,28815.0
9,2018,MSK,730,254,28815.0
10,2018,MSK,636,183,31041.0
11,2018,MSK,559,200,31041.0
12,2018,MSK,511,187,31041.0
1,2018,OLK,163,88,26958.0
2,2018,OLK,157,83,26958.0
3,2018,OLK,133,101,26958.0
4,2018,OLK,142,63,28561.0
5,2018,OLK,174,54,28561.0
6,2018,OLK,174,54,28561.0
7,2018,OLK,143,99,28832.0
8,2018,OLK,186,52,28832.0
9,2018,OLK,160,48,28832.0
10,2018,OLK,177,71,30814.0
11,2018,OLK,148,50,30814.0
12,2018,OLK,164,71,30814.0
1,2018,PAK,105,48,27125.0
2,2018,PAK,104,52,27125.0
3,2018,PAK,85,51,27125.0
4,2018,PAK,92,41,28513.0
5,2018,PAK,109,40,28513.0
6,2018,PAK,112,32,28513.0
7,2018,PAK,153,44,28688.0
8,2018,PAK,117,36,28688.0
9,2018,PAK,98,37,28688.0
10,2018,PAK,98,34,31132.0
11,2018,PAK,89,28,31132.0
12,2018,PAK,53,32,31132.0
1,2018,PHA,2123,346,39143.0
2,2018,PHA,1718,310,39143.0
3,2018,PHA,1863,377,39143.0
4,2018,PHA,1872,382,39913.0
5,2018,PHA,1927,360,39913.0
6,2018,PHA,2054,377,39913.0
7,2018,PHA,1913,353,39442.0
8,2018,PHA,1837,365,39442.0
9,2018,PHA,1712,388,39442.0
10,2018,PHA,1843,416,42060.0
11,2018,PHA,1817,364,42060.0
12,2018,PHA,1834,357,42060.0
1,2018,PLK,277,106,29447.0
2,2018,PLK,227,114,29447.0
3,2018,PLK,251,100,29447.0
4,2018,PLK,244,112,31079.0
5,2018,PLK,256,132,31079.0
6,2018,PLK,216,130,31079.0
7,2018,PLK,235,103,30930.0
8,2018,PLK,219,71,30930.0
9,2018,PLK,205,95,30930.0
10,2018,PLK,195,126,33145.0
11,2018,PLK,207,104,33145.0
12,2018,PLK,150,116,33145.0
1,2018,STC,439,284,30400.0
2,2018,STC,384,249,30400.0
3,2018,STC,388,304,30400.0
4,2018,STC,384,257,33927.0
5,2018,STC,441,217,33927.0
6,2018,STC,425,246,33927.0
7,2018,STC,385,224,31925.0
8,2018,STC,461,178,31925.0
9,2018,STC,435,228,31925.0
10,2018,STC,346,234,34619.0
11,2018,STC,342,214,34619.0
12,2018,STC,293,221,34619.0
1,2018,ULK,499,208,27867.0
2,2018,ULK,300,154,27867.0
3,2018,ULK,324,144,27867.0
4,2018,ULK,350,151,29141.0
5,2018,ULK,348,166,29141.0
6,2018,ULK,376,161,29141.0
7,2018,ULK,377,181,29159.0
8,2018,ULK,407,180,29159.0
9,2018,ULK,345,170,29159.0
10,2018,ULK,346,165,31181.0
11,2018,ULK,280,147,31181.0
12,2018,ULK,277,129,31181.0
1,2018,VYS,76,39,27927.0
2,2018,VYS,75,29,27927.0
3,2018,VYS,79,32,27927.0
4,2018,VYS,82,57,29347.0
5,2018,VYS,94,50,29347.0
6,2018,VYS,92,44,29347.0
7,2018,VYS,88,48,29246.0
8,2018,VYS,97,45,29246.0
9,2018,VYS,77,32,29246.0
10,2018,VYS,75,42,31203.0
11,2018,VYS,70,53,31203.0
12,2018,VYS,57,44,31203.0
1,2018,ZLK,80,51,26705.0
2,2018,ZLK,50,30,26705.0
3,2018,ZLK,86,40,26705.0
4,2018,ZLK,114,53,28381.0
5,2018,ZLK,92,41,28381.0
6,2018,ZLK,77,30,28381.0
7,2018,ZLK,105,32,28221.0
8,2018,ZLK,127,43,28221.0
9,2018,ZLK,87,35,28221.0
10,2018,ZLK,100,52,30974.0
11,2018,ZLK,96,55,30974.0
12,2018,ZLK,78,45,30974.0
1,2019,HKK,140,51,30468.0
2,2019,HKK,97,40,30468.0
3,2019,HKK,118,55,30468.0
4,2019,HKK,114,38,33172.0
5,2019,HKK,91,50,33172.0
6,2019,HKK,124,43,33172.0
7,2019,HKK,127,45,31818.0
8,2019,HKK,144,49,31818.0
9,2019,HKK,109,45,31818.0
10,2019,HKK,121,44,34286.0
11,2019,HKK,126,50,34286.0
12,2019,HKK,97,34,34286.0
1,2019,JHC,151,73,29504.0
2,2019,JHC,119,64,29504.0
3,2019,JHC,177,68,29504.0
4,2019,JHC,124,75,31049.0
5,2019,JHC,155,69,31049.0
6,2019,JHC,152,58,31049.0
7,2019,JHC,213,51,31037.0
8,2019,JHC,166,65,31037.0
9,2019,JHC,154,81,31037.0
10,2019,JHC,136,63,33632.0
11,2019,JHC,165,75,33632.0
12,2019,JHC,158,54,33632.0
1,2019,JHM,552,216,31860.0
2,2019,JHM,496,157,31860.0
3,2019,JHM,482,211,31860.0
4,2019,JHM,405,184,33248.0
5,2019,JHM,404,205,33248.0
6,2019,JHM,456,205,33248.0
7,2019,JHM,474,212,33205.0
8,2019,JHM,539,194,33205.0
9,2019,JHM,499,172,33205.0
10,2019,JHM,456,200,35865.0
11,2019,JHM,435,224,35865.0
12,2019,JHM,483,201,35865.0
1,2019,KVK,135,56,28669.0
2,2019,KVK,104,46,28669.0
3,2019,KVK,120,66,28669.0
4,2019,KVK,120,53,29871.0
5,2019,KVK,126,53,29871.0
6,2019,KVK,114,57,29871.0
7,2019,KVK,146,49,30155.0
8,2019,KVK,110,78,30155.0
9,2019,KVK,125,56,30155.0
10,2019,KVK,132,50,32018.0
11,2019,KVK,136,56,32018.0
12,2019,KVK,92,72,32018.0
1,2019,LBK,203,97,30705.0
2,2019,LBK,151,83,30705.0
3,2019,LBK,146,87,30705.0
4,2019,LBK,177,85,32302.0
5,2019,LBK,143,71,32302.0
6,2019,LBK,168,90,32302.0
7,2019,LBK,208,112,31880.0
8,2019,LBK,147,82,31880.0
9,2019,LBK,191,58,31880.0
10,2019,LBK,159,73,34171.0
11,2019,LBK,120,58,34171.0
12,2019,LBK,100,70,34171.0
1,2019,MSK,579,229,29227.0
2,2019,MSK,522,215,29227.0
3,2019,MSK,555,207,29227.0
4,2019,MSK,580,205,30963.0
5,2019,MSK,598,229,30963.0
6,2019,MSK,601,200,30963.0
7,2019,MSK,734,236,30822.0
8,2019,MSK,696,246,30822.0
9,2019,MSK,626,289,30822.0
10,2019,MSK,604,279,32856.0
11,2019,MSK,635,289,32856.0
12,2019,MSK,552,262,32856.0
1,2019,OLK,183,73,29226.0
2,2019,OLK,178,53,29226.0
3,2019,OLK,208,72,29226.0
4,2019,OLK,217,55,30762.0
5,2019,OLK,246,76,30762.0
6,2019,OLK,175,64,30762.0
7,2019,OLK,204,54,30958.0
8,2019,OLK,184,52,30958.0
9,2019,OLK,189,60,30958.0
10,2019,OLK,180,66,33289.0
11,2019,OLK,211,92,33289.0
12,2019,OLK,123,57,33289.0
1,2019,PAK,101,28,29271.0
2,2019,PAK,93,38,29271.0
3,2019,PAK,88,39,29271.0
4,2019,PAK,87,33,30695.0
5,2019,PAK,94,44,30695.0
6,2019,PAK,128,30,30695.0
7,2019,PAK,134,44,30770.0
8,2019,PAK,120,32,30770.0
9,2019,PAK,99,39,30770.0
10,2019,PAK,134,26,33481.0
11,2019,PAK,107,40,33481.0
12,2019,PAK,62,33,33481.0
1,2019,PHA,1732,369,42286.0
2,2019,PHA,1601,347,42286.0
3,2019,PHA,1820,409,42286.0
4,2019,PHA,1865,359,42887.0
5,2019,PHA,1898,383,42887.0
6,2019,PHA,1971,327,42887.0
7,2019,PHA,2165,366,42169.0
8,2019,PHA,2058,482,42169.0
9,2019,PHA,2047,448,42169.0
10,2019,PHA,1919,489,44871.0
11,2019,PHA,1858,548,44871.0
12,2019,PHA,2230,570,44871.0
1,2019,PLK,237,138,31766.0
2,2019,PLK,155,102,31766.0
3,2019,PLK,191,144,31766.0
4,2019,PLK,170,150,33456.0
5,2019,PLK,230,155,33456.0
6,2019,PLK,204,124,33456.0
7,2019,PLK,201,113,33491.0
8,2019,PLK,247,101,33491.0
9,2019,PLK,200,112,33491.0
10,2019,PLK,227,142,35733.0
11,2019,PLK,208,152,35733.0
12,2019,PLK,214,181,35733.0
1,2019,STC,382,220,33243.0
2,2019,STC,365,219,33243.0
3,2019,STC,415,232,33243.0
4,2019,STC,435,221,36852.0
5,2019,STC,402,272,36852.0
6,2019,STC,414,244,36852.0
7,2019,STC,387,239,34747.0
8,2019,STC,456,256,34747.0
9,2019,STC,445,272,34747.0
10,2019,STC,544,312,37562.0
11,2019,STC,352,328,37562.0
12,2019,STC,423,310,37562.0
1,2019,ULK,379,149,30325.0
2,2019,ULK,285,130,30325.0
3,2019,ULK,364,182,30325.0
4,2019,ULK,340,189,31742.0
5,2019,ULK,341,157,31742.0
6,2019,ULK,325,124,31742.0
7,2019,ULK,340,128,31728.0
8,2019,ULK,347,147,31728.0
9,2019,ULK,356,151,31728.0
10,2019,ULK,326,174,33954.0
11,2019,ULK,269,153,33954.0
12,2019,ULK,253,137,33954.0
1,2019,VYS,93,61,29998.0
2,2019,VYS,83,44,29998.0
3,2019,VYS,87,49,29998.0
4,2019,VYS,77,33,31599.0
5,2019,VYS,85,29,31599.0
6,2019,VYS,87,43,31599.0
7,2019,VYS,121,46,31496.0
8,2019,VYS,96,35,31496.0
9,2019,VYS,101,35,31496.0
10,2019,VYS,79,67,33691.0
11,2019,VYS,75,49,33691.0
12,2019,VYS,49,44,33691.0
1,2019,ZLK,105,33,28754.0
2,2019,ZLK,75,49,28754.0
3,2019,ZLK,72,45,28754.0
4,2019,ZLK,91,42,30513.0
5,2019,ZLK,94,38,30513.0
6,2019,ZLK,77,31,30513.0
7,2019,ZLK,104,39,30385.0
8,2019,ZLK,102,53,30385.0
9,2019,ZLK,73,42,30385.0
10,2019,ZLK,96,40,32975.0
11,2019,ZLK,107,44,32975.0
12,2019,ZLK,69,48,32975.0
1,2020,HKK,160,39,31984.0
2,2020,HKK,89,42,31984.0
3,2020,HKK,73,40,31984.0
4,2020,HKK,54,24,33063.0
5,2020,HKK,83,40,33063.0
6,2020,HKK,100,60,33063.0
7,2020,HKK,90,57,33739.0
8,2020,HKK,122,39,33739.0
9,2020,HKK,118,40,33739.0
10,2020,HKK,72,43,37267.0
11,2020,HKK,54,44,37267.0
12,2020,HKK,80,35,37267.0
1,2020,JHC,165,64,31051.0
2,2020,JHC,155,82,31051.0
3,2020,JHC,85,65,31051.0
4,2020,JHC,84,93,31321.0
5,2020,JHC,117,52,31321.0
6,2020,JHC,142,64,31321.0
7,2020,JHC,158,57,32631.0
8,2020,JHC,149,62,32631.0
9,2020,JHC,127,49,32631.0
10,2020,JHC,103,55,36081.0
11,2020,JHC,57,69,36081.0
12,2020,JHC,37,84,36081.0
1,2020,JHM,493,259,33829.0
2,2020,JHM,479,244,33829.0
3,2020,JHM,335,188,33829.0
4,2020,JHM,295,230,33899.0
5,2020,JHM,399,206,33899.0
6,2020,JHM,418,194,33899.0
7,2020,JHM,477,190,35265.0
8,2020,JHM,473,196,35265.0
9,2020,JHM,453,175,35265.0
10,2020,JHM,230,210,38598.0
11,2020,JHM,168,144,38598.0
12,2020,JHM,230,138,38598.0
1,2020,KVK,146,63,29728.0
2,2020,KVK,92,61,29728.0
3,2020,KVK,102,66,29728.0
4,2020,KVK,81,56,29555.0
5,2020,KVK,62,52,29555.0
6,2020,KVK,80,63,29555.0
7,2020,KVK,66,42,31523.0
8,2020,KVK,82,33,31523.0
9,2020,KVK,101,49,31523.0
10,2020,KVK,49,51,34217.0
11,2020,KVK,48,35,34217.0
12,2020,KVK,42,36,34217.0
1,2020,LBK,140,103,31640.0
2,2020,LBK,141,75,31640.0
3,2020,LBK,115,59,31640.0
4,2020,LBK,120,57,31289.0
5,2020,LBK,84,71,31289.0
6,2020,LBK,123,57,31289.0
7,2020,LBK,196,54,33427.0
8,2020,LBK,210,70,33427.0
9,2020,LBK,144,73,33427.0
10,2020,LBK,84,83,36379.0
11,2020,LBK,69,68,36379.0
12,2020,LBK,65,44,36379.0
1,2020,MSK,719,270,30989.0
2,2020,MSK,631,278,30989.0
3,2020,MSK,478,203,30989.0
4,2020,MSK,361,230,31119.0
5,2020,MSK,449,185,31119.0
6,2020,MSK,540,222,31119.0
7,2020,MSK,599,222,32571.0
8,2020,MSK,603,205,32571.0
9,2020,MSK,505,196,32571.0
10,2020,MSK,287,171,35488.0
11,2020,MSK,269,194,35488.0
12,2020,MSK,256,158,35488.0
1,2020,OLK,184,69,30829.0
2,2020,OLK,175,66,30829.0
3,2020,OLK,130,67,30829.0
4,2020,OLK,127,62,31277.0
5,2020,OLK,140,62,31277.0
6,2020,OLK,154,60,31277.0
7,2020,OLK,167,64,33049.0
8,2020,OLK,175,56,33049.0
9,2020,OLK,157,76,33049.0
10,2020,OLK,105,55,36145.0
11,2020,OLK,109,61,36145.0
12,2020,OLK,101,71,36145.0
1,2020,PAK,128,40,30790.0
2,2020,PAK,100,50,30790.0
3,2020,PAK,68,39,30790.0
4,2020,PAK,71,28,30980.0
5,2020,PAK,71,29,30980.0
6,2020,PAK,101,20,30980.0
7,2020,PAK,98,27,32548.0
8,2020,PAK,84,24,32548.0
9,2020,PAK,90,25,32548.0
10,2020,PAK,50,25,35894.0
11,2020,PAK,40,20,35894.0
12,2020,PAK,44,31,35894.0
1,2020,PHA,2030,513,44504.0
2,2020,PHA,1604,448,44504.0
3,2020,PHA,1196,391,44504.0
4,2020,PHA,876,380,43746.0
5,2020,PHA,1233,375,43746.0
6,2020,PHA,1438,353,43746.0
7,2020,PHA,1659,418,44294.0
8,2020,PHA,1605,400,44294.0
9,2020,PHA,1539,421,44294.0
10,2020,PHA,1136,515,47192.0
11,2020,PHA,805,321,47192.0
12,2020,PHA,948,354,47192.0
1,2020,PLK,218,163,33362.0
2,2020,PLK,230,118,33362.0
3,2020,PLK,172,122,33362.0
4,2020,PLK,175,106,33193.0
5,2020,PLK,188,103,33193.0
6,2020,PLK,195,111,33193.0
7,2020,PLK,244,138,35015.0
8,2020,PLK,244,138,35015.0
9,2020,PLK,260,90,35015.0
10,2020,PLK,147,97,38258.0
11,2020,PLK,116,90,38258.0
12,2020,PLK,143,94,38258.0
1,2020,STC,410,313,34998.0
2,2020,STC,340,275,34998.0
3,2020,STC,277,276,34998.0
4,2020,STC,338,224,36780.0
5,2020,STC,347,207,36780.0
6,2020,STC,406,248,36780.0
7,2020,STC,465,237,36335.0
8,2020,STC,433,219,36335.0
9,2020,STC,426,254,36335.0
10,2020,STC,275,228,39563.0
11,2020,STC,286,239,39563.0
12,2020,STC,264,221,39563.0
1,2020,ULK,414,202,32013.0
2,2020,ULK,398,162,32013.0
3,2020,ULK,264,140,32013.0
4,2020,ULK,306,171,32505.0
5,2020,ULK,306,118,32505.0
6,2020,ULK,306,155,32505.0
7,2020,ULK,346,139,33670.0
8,2020,ULK,392,150,33670.0
9,2020,ULK,304,142,33670.0
10,2020,ULK,186,148,36795.0
11,2020,ULK,132,124,36795.0
12,2020,ULK,144,134,36795.0
1,2020,VYS,73,33,31605.0
2,2020,VYS,80,33,31605.0
3,2020,VYS,60,39,31605.0
4,2020,VYS,66,48,31436.0
5,2020,VYS,68,24,31436.0
6,2020,VYS,66,36,31436.0
7,2020,VYS,74,36,33312.0
8,2020,VYS,76,48,33312.0
9,2020,VYS,73,33,33312.0
10,2020,VYS,36,40,36089.0
11,2020,VYS,47,34,36089.0
12,2020,VYS,40,33,36089.0
1,2020,ZLK,140,72,30310.0
2,2020,ZLK,85,46,30310.0
3,2020,ZLK,90,46,30310.0
4,2020,ZLK,73,31,30245.0
5,2020,ZLK,71,28,30245.0
6,2020,ZLK,86,40,30245.0
7,2020,ZLK,110,53,31806.0
8,2020,ZLK,121,56,31806.0
9,2020,ZLK,72,36,31806.0
10,2020,ZLK,61,25,34713.0
11,2020,ZLK,38,22,34713.0
12,2020,ZLK,34,29,34713.0
1,2021,HKK,60,63,33032.0
2,2021,HKK,23,42,33032.0
3,2021,HKK,53,32,33032.0
4,2021,HKK,53,55,37417.0
5,2021,HKK,55,75,37417.0
6,2021,HKK,58,44,37417.0
7,2021,HKK,61,55,35487.0
8,2021,HKK,63,46,35487.0
9,2021,HKK,78,48,35487.0
10,2021,HKK,68,48,38240.0
11,2021,HKK,66,57,38240.0
12,2021,HKK,39,47,38240.0
1,2021,JHC,55,59,32213.0
2,2021,JHC,82,57,32213.0
3,2021,JHC,75,68,32213.0
4,2021,JHC,70,75,35451.0
5,2021,JHC,76,91,35451.0
6,2021,JHC,105,84,35451.0
7,2021,JHC,108,72,34841.0
8,2021,JHC,104,92,34841.0
9,2021,JHC,106,88,34841.0
10,2021,JHC,90,80,37523.0
11,2021,JHC,100,93,37523.0
12,2021,JHC,73,72,37523.0
1,2021,JHM,154,245,34989.0
2,2021,JHM,138,165,34989.0
3,2021,JHM,137,193,34989.0
4,2021,JHM,153,245,37636.0
5,2021,JHM,221,228,37636.0
6,2021,JHM,232,234,37636.0
7,2021,JHM,298,251,37248.0
8,2021,JHM,316,354,37248.0
9,2021,JHM,282,347,37248.0
10,2021,JHM,252,383,40176.0
11,2021,JHM,244,372,40176.0
12,2021,JHM,196,279,40176.0
1,2021,KVK,46,39,30189.0
2,2021,KVK,34,41,30189.0
3,2021,KVK,56,55,30189.0
4,2021,KVK,47,27,33666.0
5,2021,KVK,36,34,33666.0
6,2021,KVK,52,32,33666.0
7,2021,KVK,50,47,33300.0
8,2021,KVK,78,63,33300.0
9,2021,KVK,69,69,33300.0
10,2021,KVK,66,67,35666.0
11,2021,KVK,67,75,35666.0
12,2021,KVK,32,50,35666.0
1,2021,LBK,48,72,31956.0
2,2021,LBK,35,72,31956.0
3,2021,LBK,72,55,31956.0
4,2021,LBK,55,77,35126.0
5,2021,LBK,69,80,35126.0
6,2021,LBK,63,75,35126.0
7,2021,LBK,101,79,34398.0
8,2021,LBK,102,84,34398.0
9,2021,LBK,87,70,34398.0
10,2021,LBK,105,77,36963.0
11,2021,LBK,103,97,36963.0
12,2021,LBK,89,100,36963.0
1,2021,MSK,200,333,32232.0
2,2021,MSK,168,216,32232.0
3,2021,MSK,169,234,32232.0
4,2021,MSK,215,265,35325.0
5,2021,MSK,210,270,35325.0
6,2021,MSK,345,314,35325.0
7,2021,MSK,392,314,34523.0
8,2021,MSK,418,388,34523.0
9,2021,MSK,446,378,34523.0
10,2021,MSK,370,340,37034.0
11,2021,MSK,343,344,37034.0
12,2021,MSK,221,290,37034.0
1,2021,OLK,91,101,32035.0
2,2021,OLK,65,64,32035.0
3,2021,OLK,65,44,32035.0
4,2021,OLK,55,60,35273.0
5,2021,OLK,126,89,35273.0
6,2021,OLK,99,87,35273.0
7,2021,OLK,142,88,34930.0
8,2021,OLK,142,94,34930.0
9,2021,OLK,105,59,34930.0
10,2021,OLK,126,61,37262.0
11,2021,OLK,96,78,37262.0
12,2021,OLK,76,68,37262.0
1,2021,PAK,62,66,31554.0
2,2021,PAK,35,35,31554.0
3,2021,PAK,42,66,31554.0
4,2021,PAK,60,77,34721.0
5,2021,PAK,44,57,34721.0
6,2021,PAK,60,48,34721.0
7,2021,PAK,68,46,34385.0
8,2021,PAK,84,57,34385.0
9,2021,PAK,58,41,34385.0
10,2021,PAK,60,32,37286.0
11,2021,PAK,41,31,37286.0
12,2021,PAK,30,31,37286.0
1,2021,PHA,374,826,45960.0
2,2021,PHA,361,705,45960.0
3,2021,PHA,359,818,45960.0
4,2021,PHA,395,796,47420.0
5,2021,PHA,523,809,47420.0
6,2021,PHA,740,826,47420.0
7,2021,PHA,895,890,46468.0
8,2021,PHA,943,1029,46468.0
9,2021,PHA,950,902,46468.0
10,2021,PHA,903,840,49315.0
11,2021,PHA,749,776,49315.0
12,2021,PHA,669,720,49315.0
1,2021,PLK,91,134,34001.0
2,2021,PLK,77,149,34001.0
3,2021,PLK,83,155,34001.0
4,2021,PLK,69,145,37281.0
5,2021,PLK,127,184,37281.0
6,2021,PLK,149,169,37281.0
7,2021,PLK,116,146,36670.0
8,2021,PLK,137,136,36670.0
9,2021,PLK,110,124,36670.0
10,2021,PLK,113,134,39421.0
11,2021,PLK,101,155,39421.0
12,2021,PLK,129,144,39421.0
1,2021,STC,197,301,35578.0
2,2021,STC,163,290,35578.0
3,2021,STC,150,274,35578.0
4,2021,STC,199,321,40225.0
5,2021,STC,217,343,40225.0
6,2021,STC,239,337,40225.0
7,2021,STC,282,392,38005.0
8,2021,STC,279,349,38005.0
9,2021,STC,271,343,38005.0
10,2021,STC,252,364,40765.0
11,2021,STC,266,375,40765.0
12,2021,STC,212,317,40765.0
1,2021,ULK,180,220,32981.0
2,2021,ULK,170,145,32981.0
3,2021,ULK,146,199,32981.0
4,2021,ULK,146,198,36329.0
5,2021,ULK,161,187,36329.0
6,2021,ULK,235,183,36329.0
7,2021,ULK,249,233,35172.0
8,2021,ULK,261,240,35172.0
9,2021,ULK,279,277,35172.0
10,2021,ULK,227,222,37493.0
11,2021,ULK,201,209,37493.0
12,2021,ULK,131,220,37493.0
1,2021,VYS,59,40,32937.0
2,2021,VYS,22,27,32937.0
3,2021,VYS,38,28,32937.0
4,2021,VYS,34,22,35675.0
5,2021,VYS,51,41,35675.0
6,2021,VYS,49,40,35675.0
7,2021,VYS,54,44,35230.0
8,2021,VYS,37,73,35230.0
9,2021,VYS,56,45,35230.0
10,2021,VYS,26,60,37616.0
11,2021,VYS,45,48,37616.0
12,2021,VYS,28,40,37616.0
1,2021,ZLK,47,31,31515.0
2,2021,ZLK,49,30,31515.0
3,2021,ZLK,24,28,31515.0
4,2021,ZLK,52,31,34471.0
5,2021,ZLK,40,36,34471.0
6,2021,ZLK,35,38,34471.0
7,2021,ZLK,56,32,34348.0
8,2021,ZLK,77,40,34348.0
9,2021,ZLK,47,43,34348.0
10,2021,ZLK,67,48,37129.0
11,2021,ZLK,59,41,37129.0
12,2021,ZLK,26,49,37129.0
1,2022,HKK,62,61,34689.0
2,2022,HKK,77,63,34689.0
3,2022,HKK,60,53,34689.0
4,2022,HKK,58,56,38368.0
5,2022,HKK,64,66,38368.0
6,2022,HKK,66,67,38368.0
7,2022,HKK,79,65,36968.0
8,2022,HKK,90,88,36968.0
9,2022,HKK,102,59,36968.0
10,2022,HKK,91,60,40625.0
11,2022,HKK,123,43,40625.0
12,2022,HKK,52,51,40625.0
1,2022,JHC,120,91,33998.0
2,2022,JHC,90,86,33998.0
3,2022,JHC,113,71,33998.0
4,2022,JHC,110,90,36381.0
5,2022,JHC,107,107,36381.0
6,2022,JHC,121,108,36381.0
7,2022,JHC,137,126,36408.0
8,2022,JHC,149,132,36408.0
9,2022,JHC,115,88,36408.0
10,2022,JHC,134,112,40251.0
11,2022,JHC,104,96,40251.0
12,2022,JHC,65,93,40251.0
1,2022,JHM,256,361,37027.0
2,2022,JHM,255,335,37027.0
3,2022,JHM,224,327,37027.0
4,2022,JHM,220,346,38894.0
5,2022,JHM,256,290,38894.0
6,2022,JHM,299,273,38894.0
7,2022,JHM,268,286,39167.0
8,2022,JHM,306,313,39167.0
9,2022,JHM,262,341,39167.0
10,2022,JHM,274,419,42944.0
11,2022,JHM,323,300,42944.0
12,2022,JHM,316,238,42944.0
1,2022,KVK,63,82,32424.0
2,2022,KVK,46,63,32424.0
3,2022,KVK,54,63,32424.0
4,2022,KVK,55,57,34577.0
5,2022,KVK,56,66,34577.0
6,2022,KVK,64,68,34577.0
7,2022,KVK,74,73,34866.0
8,2022,KVK,80,88,34866.0
9,2022,KVK,72,109,34866.0
10,2022,KVK,70,86,37757.0
11,2022,KVK,73,101,37757.0
12,2022,KVK,46,90,37757.0
1,2022,LBK,107,90,33745.0
2,2022,LBK,65,107,33745.0
3,2022,LBK,129,116,33745.0
4,2022,LBK,111,108,36237.0
5,2022,LBK,176,127,36237.0
6,2022,LBK,114,121,36237.0
7,2022,LBK,141,124,36290.0
8,2022,LBK,150,136,36290.0
9,2022,LBK,134,111,36290.0
10,2022,LBK,157,166,39207.0
11,2022,LBK,131,162,39207.0
12,2022,LBK,123,132,39207.0
1,2022,MSK,416,373,34019.0
2,2022,MSK,351,331,34019.0
3,2022,MSK,394,411,34019.0
4,2022,MSK,393,397,36253.0
5,2022,MSK,443,342,36253.0
6,2022,MSK,444,330,36253.0
7,2022,MSK,427,336,36610.0
8,2022,MSK,441,356,36610.0
9,2022,MSK,427,390,36610.0
10,2022,MSK,429,405,39524.0
11,2022,MSK,363,429,39524.0
12,2022,MSK,247,375,39524.0
1,2022,OLK,149,59,33712.0
2,2022,OLK,99,63,33712.0
3,2022,OLK,108,94,33712.0
4,2022,OLK,113,85,35978.0
5,2022,OLK,121,102,35978.0
6,2022,OLK,111,81,35978.0
7,2022,OLK,129,107,36444.0
8,2022,OLK,130,100,36444.0
9,2022,OLK,95,96,36444.0
10,2022,OLK,150,95,39475.0
11,2022,OLK,150,100,39475.0
12,2022,OLK,96,113,39475.0
1,2022,PAK,66,40,33321.0
2,2022,PAK,58,45,33321.0
3,2022,PAK,60,49,33321.0
4,2022,PAK,69,43,35416.0
5,2022,PAK,72,40,35416.0
6,2022,PAK,62,61,35416.0
7,2022,PAK,72,35,35722.0
8,2022,PAK,75,62,35722.0
9,2022,PAK,77,70,35722.0
10,2022,PAK,76,68,39324.0
11,2022,PAK,60,42,39324.0
12,2022,PAK,19,48,39324.0
1,2022,PHA,746,737,49273.0
2,2022,PHA,647,672,49273.0
3,2022,PHA,804,701,49273.0
4,2022,PHA,795,793,49639.0
5,2022,PHA,890,804,49639.0
6,2022,PHA,865,760,49639.0
7,2022,PHA,975,824,49031.0
8,2022,PHA,1003,743,49031.0
9,2022,PHA,894,695,49031.0
10,2022,PHA,927,805,52196.0
11,2022,PHA,871,738,52196.0
12,2022,PHA,865,748,52196.0
1,2022,PLK,157,164,35862.0
2,2022,PLK,132,168,35862.0
3,2022,PLK,147,161,35862.0
4,2022,PLK,139,192,37968.0
5,2022,PLK,142,205,37968.0
6,2022,PLK,164,208,37968.0
7,2022,PLK,204,216,38290.0
8,2022,PLK,173,167,38290.0
9,2022,PLK,142,158,38290.0
10,2022,PLK,172,193,41545.0
11,2022,PLK,159,180,41545.0
12,2022,PLK,109,186,41545.0
1,2022,STC,238,323,37707.0
2,2022,STC,228,334,37707.0
3,2022,STC,216,350,37707.0
4,2022,STC,222,326,41911.0
5,2022,STC,336,346,41911.0
6,2022,STC,262,304,41911.0
7,2022,STC,274,363,39839.0
8,2022,STC,289,371,39839.0
9,2022,STC,274,310,39839.0
10,2022,STC,242,370,43744.0
11,2022,STC,266,331,43744.0
12,2022,STC,229,416,43744.0
1,2022,ULK,288,243,34696.0
2,2022,ULK,238,232,34696.0
3,2022,ULK,264,239,34696.0
4,2022,ULK,229,237,36569.0
5,2022,ULK,265,223,36569.0
6,2022,ULK,219,220,36569.0
7,2022,ULK,268,217,36731.0
8,2022,ULK,278,244,36731.0
9,2022,ULK,250,227,36731.0
10,2022,ULK,223,222,40152.0
11,2022,ULK,239,233,40152.0
12,2022,ULK,146,218,40152.0
1,2022,VYS,63,47,34566.0
2,2022,VYS,45,48,34566.0
3,2022,VYS,51,64,34566.0
4,2022,VYS,49,62,36551.0
5,2022,VYS,47,36,36551.0
6,2022,VYS,65,32,36551.0
7,2022,VYS,62,72,36588.0
8,2022,VYS,88,53,36588.0
9,2022,VYS,60,57,36588.0
10,2022,VYS,51,50,40060.0
11,2022,VYS,62,59,40060.0
12,2022,VYS,22,48,40060.0
1,2022,ZLK,72,47,33418.0
2,2022,ZLK,62,46,33418.0
3,2022,ZLK,45,53,33418.0
4,2022,ZLK,62,51,36059.0
5,2022,ZLK,69,56,36059.0
6,2022,ZLK,71,57,36059.0
7,2022,ZLK,91,50,36114.0
8,2022,ZLK,73,59,36114.0
9,2022,ZLK,65,52,36114.0
10,2022,ZLK,79,63,39704.0
11,2022,ZLK,70,59,39704.0
12,2022,ZLK,44,32,39704.0
1,2023,HKK,109,50,37563.0
2,2023,HKK,70,49,37563.0
3,2023,HKK,120,53,37563.0
4,2023,HKK,102,77,41528.0
5,2023,HKK,116,77,41528.0
6,2023,HKK,85,74,41528.0
7,2023,HKK,105,64,39687.0
8,2023,HKK,102,53,39687.0
9,2023,HKK,85,62,39687.0
10,2023,HKK,120,82,
1,2023,JHC,142,116,37428.0
2,2023,JHC,87,118,37428.0
3,2023,JHC,117,111,37428.0
4,2023,JHC,94,97,39343.0
5,2023,JHC,125,87,39343.0
6,2023,JHC,129,86,39343.0
7,2023,JHC,121,92,39083.0
8,2023,JHC,123,97,39083.0
9,2023,JHC,93,78,39083.0
10,2023,JHC,102,94,
1,2023,JHM,363,294,40182.0
2,2023,JHM,268,232,40182.0
3,2023,JHM,291,224,40182.0
4,2023,JHM,255,243,41951.0
5,2023,JHM,306,265,41951.0
6,2023,JHM,356,208,41951.0
7,2023,JHM,347,221,41812.0
8,2023,JHM,345,250,41812.0
9,2023,JHM,298,220,41812.0
10,2023,JHM,304,215,
1,2023,KVK,112,95,35033.0
2,2023,KVK,72,65,35033.0
3,2023,KVK,69,65,35033.0
4,2023,KVK,70,62,37133.0
5,2023,KVK,74,71,37133.0
6,2023,KVK,65,68,37133.0
7,2023,KVK,106,96,37164.0
8,2023,KVK,80,94,37164.0
9,2023,KVK,98,69,37164.0
10,2023,KVK,93,65,
1,2023,LBK,170,129,36727.0
2,2023,LBK,90,82,36727.0
3,2023,LBK,140,138,36727.0
4,2023,LBK,96,118,39236.0
5,2023,LBK,137,113,39236.0
6,2023,LBK,89,113,39236.0
7,2023,LBK,126,101,38769.0
8,2023,LBK,122,104,38769.0
9,2023,LBK,84,85,38769.0
10,2023,LBK,84,89,
1,2023,MSK,505,426,37128.0
2,2023,MSK,352,372,37128.0
3,2023,MSK,404,391,37128.0
4,2023,MSK,403,353,39163.0
5,2023,MSK,426,429,39163.0
6,2023,MSK,406,320,39163.0
7,2023,MSK,352,347,38957.0
8,2023,MSK,407,384,38957.0
9,2023,MSK,408,288,38957.0
10,2023,MSK,353,277,
1,2023,OLK,134,133,36439.0
2,2023,OLK,144,78,36439.0
3,2023,OLK,157,106,36439.0
4,2023,OLK,123,85,38519.0
5,2023,OLK,120,79,38519.0
6,2023,OLK,139,81,38519.0
7,2023,OLK,105,66,39233.0
8,2023,OLK,164,65,39233.0
9,2023,OLK,143,64,39233.0
10,2023,OLK,144,58,
1,2023,PAK,78,52,36297.0
2,2023,PAK,63,42,36297.0
3,2023,PAK,58,40,36297.0
4,2023,PAK,62,32,38324.0
5,2023,PAK,62,25,38324.0
6,2023,PAK,53,19,38324.0
7,2023,PAK,64,36,38211.0
8,2023,PAK,94,37,38211.0
9,2023,PAK,66,41,38211.0
10,2023,PAK,72,38,
1,2023,PHA,849,910,52985.0
2,2023,PHA,765,797,52985.0
3,2023,PHA,841,770,52985.0
4,2023,PHA,734,789,53070.0
5,2023,PHA,871,803,53070.0
6,2023,PHA,916,854,53070.0
7,2023,PHA,997,814,51925.0
8,2023,PHA,999,690,51925.0
9,2023,PHA,902,707,51925.0
10,2023,PHA,890,759,
1,2023,PLK,161,218,38827.0
2,2023,PLK,122,113,38827.0
3,2023,PLK,153,155,38827.0
4,2023,PLK,126,152,41034.0
5,2023,PLK,157,141,41034.0
6,2023,PLK,101,98,41034.0
7,2023,PLK,138,98,41220.0
8,2023,PLK,140,135,41220.0
9,2023,PLK,145,130,41220.0
10,2023,PLK,155,125,
1,2023,STC,281,470,40814.0
2,2023,STC,248,414,40814.0
3,2023,STC,259,402,40814.0
4,2023,STC,233,403,45588.0
5,2023,STC,293,363,45588.0
6,2023,STC,255,285,45588.0
7,2023,STC,272,270,42990.0
8,2023,STC,272,296,42990.0
9,2023,STC,262,254,42990.0
10,2023,STC,221,283,
1,2023,ULK,329,230,37962.0
2,2023,ULK,267,220,37962.0
3,2023,ULK,254,199,37962.0
4,2023,ULK,219,212,39644.0
5,2023,ULK,212,199,39644.0
6,2023,ULK,183,180,39644.0
7,2023,ULK,239,203,39664.0
8,2023,ULK,229,184,39664.0
9,2023,ULK,243,200,39664.0
10,2023,ULK,219,213,
1,2023,VYS,68,34,37714.0
2,2023,VYS,75,43,37714.0
3,2023,VYS,63,47,37714.0
4,2023,VYS,85,43,39409.0
5,2023,VYS,47,46,39409.0
6,2023,VYS,70,30,39409.0
7,2023,VYS,47,57,39315.0
8,2023,VYS,80,44,39315.0
9,2023,VYS,62,39,39315.0
10,2023,VYS,77,49,
1,2023,ZLK,136,64,36658.0
2,2023,ZLK,74,48,36658.0
3,2023,ZLK,85,67,36658.0
4,2023,ZLK,71,42,39080.0
5,2023,ZLK,71,50,39080.0
6,2023,ZLK,68,51,39080.0
7,2023,ZLK,95,48,38596.0
8,2023,ZLK,106,30,38596.0
9,2023,ZLK,67,57,38596.0
10,2023,ZLK,93,35,
