month,year,kraj,general_thefts,break_in_thefts
1,2009,HKK,271,174
2,2009,HKK,245,164
3,2009,HKK,284,207
4,2009,HKK,271,162
5,2009,HKK,268,191
6,2009,HKK,279,213
7,2009,HKK,269,162
8,2009,HKK,323,188
9,2009,HKK,250,195
10,2009,HKK,246,217
11,2009,HKK,277,210
12,2009,HKK,230,216
1,2009,JHC,275,181
2,2009,JHC,253,183
3,2009,JHC,309,206
4,2009,JHC,343,204
5,2009,JHC,369,236
6,2009,JHC,374,214
7,2009,JHC,380,227
8,2009,JHC,388,209
9,2009,JHC,376,220
10,2009,JHC,364,211
11,2009,JHC,376,243
12,2009,JHC,273,197
1,2009,JHM,909,286
2,2009,JHM,876,323
3,2009,JHM,905,396
4,2009,JHM,986,389
5,2009,JHM,998,411
6,2009,JHM,1000,444
7,2009,JHM,1041,405
8,2009,JHM,1045,442
9,2009,JHM,929,370
10,2009,JHM,1080,331
11,2009,JHM,1042,391
12,2009,JHM,964,355
1,2009,KVK,198,96
2,2009,KVK,160,107
3,2009,KVK,173,92
4,2009,KVK,182,105
5,2009,KVK,168,125
6,2009,KVK,203,108
7,2009,KVK,226,132
8,2009,KVK,234,120
9,2009,KVK,237,122
10,2009,KVK,261,107
11,2009,KVK,277,97
12,2009,KVK,209,107
1,2009,LBK,343,130
2,2009,LBK,338,148
3,2009,LBK,400,180
4,2009,LBK,419,196
5,2009,LBK,429,230
6,2009,LBK,456,227
7,2009,LBK,503,192
8,2009,LBK,508,229
9,2009,LBK,422,182
10,2009,LBK,378,189
11,2009,LBK,399,198
12,2009,LBK,328,189
1,2009,MSK,1440,572
2,2009,MSK,1239,585
3,2009,MSK,1459,684
4,2009,MSK,1410,602
5,2009,MSK,1626,641
6,2009,MSK,1673,638
7,2009,MSK,1589,574
8,2009,MSK,1545,528
9,2009,MSK,1495,551
10,2009,MSK,1505,537
11,2009,MSK,1441,556
12,2009,MSK,1258,528
1,2009,OLK,366,162
2,2009,OLK,333,167
3,2009,OLK,384,202
4,2009,OLK,368,219
5,2009,OLK,424,192
6,2009,OLK,431,200
7,2009,OLK,411,153
8,2009,OLK,490,203
9,2009,OLK,457,162
10,2009,OLK,438,168
11,2009,OLK,327,175
12,2009,OLK,346,150
1,2009,PAK,189,124
2,2009,PAK,227,133
3,2009,PAK,235,158
4,2009,PAK,219,170
5,2009,PAK,241,159
6,2009,PAK,248,162
7,2009,PAK,299,156
8,2009,PAK,283,167
9,2009,PAK,265,161
10,2009,PAK,279,132
11,2009,PAK,194,116
12,2009,PAK,206,138
1,2009,PHA,4237,775
2,2009,PHA,3676,739
3,2009,PHA,4599,867
4,2009,PHA,4276,859
5,2009,PHA,4372,905
6,2009,PHA,4470,905
7,2009,PHA,4277,936
8,2009,PHA,4277,939
9,2009,PHA,4483,896
10,2009,PHA,4476,839
11,2009,PHA,3896,924
12,2009,PHA,3507,880
1,2009,PLK,469,231
2,2009,PLK,393,158
3,2009,PLK,482,224
4,2009,PLK,436,217
5,2009,PLK,419,238
6,2009,PLK,395,239
7,2009,PLK,449,209
8,2009,PLK,420,221
9,2009,PLK,435,259
10,2009,PLK,500,249
11,2009,PLK,494,223
12,2009,PLK,379,233
1,2009,STC,1140,716
2,2009,STC,1091,732
3,2009,STC,1395,926
4,2009,STC,1177,847
5,2009,STC,1309,840
6,2009,STC,1276,755
7,2009,STC,1289,645
8,2009,STC,1437,616
9,2009,STC,1291,730
10,2009,STC,1315,780
11,2009,STC,1374,708
12,2009,STC,1073,749
1,2009,ULK,816,372
2,2009,ULK,866,364
3,2009,ULK,825,436
4,2009,ULK,866,433
5,2009,ULK,980,480
6,2009,ULK,925,395
7,2009,ULK,847,433
8,2009,ULK,906,421
9,2009,ULK,856,418
10,2009,ULK,777,455
11,2009,ULK,815,467
12,2009,ULK,682,413
1,2009,VYS,168,169
2,2009,VYS,147,153
3,2009,VYS,211,171
4,2009,VYS,221,166
5,2009,VYS,238,145
6,2009,VYS,260,139
7,2009,VYS,267,134
8,2009,VYS,283,150
9,2009,VYS,197,218
10,2009,VYS,250,165
11,2009,VYS,213,168
12,2009,VYS,131,193
1,2009,ZLK,156,142
2,2009,ZLK,209,145
3,2009,ZLK,228,145
4,2009,ZLK,238,134
5,2009,ZLK,245,138
6,2009,ZLK,256,127
7,2009,ZLK,322,125
8,2009,ZLK,254,149
9,2009,ZLK,242,143
10,2009,ZLK,226,126
11,2009,ZLK,210,153
12,2009,ZLK,193,148
1,2010,HKK,1129,604
2,2010,HKK,1141,547
3,2010,HKK,1367,662
4,2010,HKK,1371,690
5,2010,HKK,1437,718
6,2010,HKK,1423,625
7,2010,HKK,1526,597
8,2010,HKK,1547,609
9,2010,HKK,1520,596
10,2010,HKK,1483,658
11,2010,HKK,1427,690
12,2010,HKK,1096,582
1,2010,JHC,298,184
2,2010,JHC,296,176
3,2010,JHC,364,295
4,2010,JHC,368,301
5,2010,JHC,470,274
6,2010,JHC,454,293
7,2010,JHC,464,256
8,2010,JHC,461,274
9,2010,JHC,377,284
10,2010,JHC,487,298
11,2010,JHC,361,237
12,2010,JHC,319,223
1,2010,JHM,147,145
2,2010,JHM,173,157
3,2010,JHM,199,209
4,2010,JHM,227,221
5,2010,JHM,248,210
6,2010,JHM,223,199
7,2010,JHM,237,149
8,2010,JHM,243,207
9,2010,JHM,237,119
10,2010,JHM,218,179
11,2010,JHM,202,154
12,2010,JHM,112,114
1,2010,KVK,709,449
2,2010,KVK,734,473
3,2010,KVK,899,573
4,2010,KVK,805,553
5,2010,KVK,877,610
6,2010,KVK,917,542
7,2010,KVK,904,559
8,2010,KVK,961,611
9,2010,KVK,862,559
10,2010,KVK,954,546
11,2010,KVK,858,526
12,2010,KVK,674,407
1,2010,LBK,989,332
2,2010,LBK,885,369
3,2010,LBK,1096,437
4,2010,LBK,956,456
5,2010,LBK,956,442
6,2010,LBK,944,419
7,2010,LBK,912,354
8,2010,LBK,1005,374
9,2010,LBK,1018,393
10,2010,LBK,982,384
11,2010,LBK,1041,405
12,2010,LBK,891,367
1,2010,MSK,96,44
2,2010,MSK,547,388
3,2010,MSK,332,266
4,2010,MSK,401,215
5,2010,MSK,411,259
6,2010,MSK,425,228
7,2010,MSK,422,202
8,2010,MSK,421,265
9,2010,MSK,375,208
10,2010,MSK,358,263
11,2010,MSK,351,231
12,2010,MSK,255,188
1,2010,OLK,238,139
2,2010,OLK,170,153
3,2010,OLK,211,220
4,2010,OLK,231,158
5,2010,OLK,245,151
6,2010,OLK,277,145
7,2010,OLK,322,128
8,2010,OLK,296,164
9,2010,OLK,275,138
10,2010,OLK,256,117
11,2010,OLK,191,125
12,2010,OLK,148,101
1,2010,PAK,251,177
2,2010,PAK,326,179
3,2010,PAK,373,232
4,2010,PAK,373,208
5,2010,PAK,348,221
6,2010,PAK,351,206
7,2010,PAK,372,187
8,2010,PAK,405,206
9,2010,PAK,441,227
10,2010,PAK,390,256
11,2010,PAK,406,245
12,2010,PAK,249,205
1,2010,PHA,3134,808
2,2010,PHA,3439,798
3,2010,PHA,3975,926
4,2010,PHA,3735,1107
5,2010,PHA,3730,931
6,2010,PHA,3457,926
7,2010,PHA,3341,924
8,2010,PHA,3618,933
9,2010,PHA,3625,816
10,2010,PHA,3610,927
11,2010,PHA,3442,907
12,2010,PHA,2945,756
1,2010,PLK,311,260
2,2010,PLK,388,224
3,2010,PLK,475,245
4,2010,PLK,482,226
5,2010,PLK,412,213
6,2010,PLK,400,225
7,2010,PLK,464,232
8,2010,PLK,546,232
9,2010,PLK,457,261
10,2010,PLK,479,290
11,2010,PLK,453,249
12,2010,PLK,327,235
1,2010,STC,916,644
2,2010,STC,993,688
3,2010,STC,1175,883
4,2010,STC,1136,741
5,2010,STC,1293,886
6,2010,STC,1096,738
7,2010,STC,1232,677
8,2010,STC,1302,709
9,2010,STC,1359,693
10,2010,STC,1309,775
11,2010,STC,1236,696
12,2010,STC,820,559
1,2010,ULK,229,202
2,2010,ULK,229,170
3,2010,ULK,252,197
4,2010,ULK,264,203
5,2010,ULK,282,202
6,2010,ULK,288,216
7,2010,ULK,332,207
8,2010,ULK,402,210
9,2010,ULK,325,179
10,2010,ULK,269,207
11,2010,ULK,272,175
12,2010,ULK,233,159
1,2010,VYS,174,113
2,2010,VYS,155,116
3,2010,VYS,181,173
4,2010,VYS,232,176
5,2010,VYS,210,142
6,2010,VYS,232,140
7,2010,VYS,254,109
8,2010,VYS,219,117
9,2010,VYS,253,124
10,2010,VYS,243,194
11,2010,VYS,232,162
12,2010,VYS,194,112
1,2010,ZLK,182,141
2,2010,ZLK,179,108
3,2010,ZLK,175,115
4,2010,ZLK,178,131
5,2010,ZLK,209,123
6,2010,ZLK,165,129
7,2010,ZLK,213,118
8,2010,ZLK,234,118
9,2010,ZLK,201,130
10,2010,ZLK,158,150
11,2010,ZLK,183,124
12,2010,ZLK,146,105
1,2011,HKK,1239,661
2,2011,HKK,1183,656
3,2011,HKK,1335,707
4,2011,HKK,1358,692
5,2011,HKK,1550,722
6,2011,HKK,1426,766
7,2011,HKK,1585,797
8,2011,HKK,1652,761
9,2011,HKK,1392,723
10,2011,HKK,1538,755
11,2011,HKK,1630,726
12,2011,HKK,1387,808
1,2011,JHC,405,291
2,2011,JHC,378,239
3,2011,JHC,441,235
4,2011,JHC,382,254
5,2011,JHC,409,226
6,2011,JHC,428,253
7,2011,JHC,390,246
8,2011,JHC,421,224
9,2011,JHC,357,230
10,2011,JHC,353,269
11,2011,JHC,299,235
12,2011,JHC,303,203
1,2011,JHM,167,112
2,2011,JHM,169,136
3,2011,JHM,210,135
4,2011,JHM,217,106
5,2011,JHM,230,136
6,2011,JHM,230,142
7,2011,JHM,180,142
8,2011,JHM,175,147
9,2011,JHM,180,130
10,2011,JHM,188,125
11,2011,JHM,169,161
12,2011,JHM,131,152
1,2011,KVK,935,620
2,2011,KVK,829,559
3,2011,KVK,816,659
4,2011,KVK,875,565
5,2011,KVK,1002,649
6,2011,KVK,849,628
7,2011,KVK,890,605
8,2011,KVK,881,577
9,2011,KVK,852,496
10,2011,KVK,818,491
11,2011,KVK,758,525
12,2011,KVK,620,483
1,2011,LBK,1008,462
2,2011,LBK,926,416
3,2011,LBK,1051,521
4,2011,LBK,974,541
5,2011,LBK,1032,417
6,2011,LBK,983,390
7,2011,LBK,921,427
8,2011,LBK,962,424
9,2011,LBK,947,350
10,2011,LBK,978,413
11,2011,LBK,767,416
12,2011,LBK,920,394
1,2011,MSK,330,211
2,2011,MSK,327,198
3,2011,MSK,342,221
4,2011,MSK,316,223
5,2011,MSK,348,207
6,2011,MSK,428,206
7,2011,MSK,495,251
8,2011,MSK,394,221
9,2011,MSK,349,205
10,2011,MSK,308,234
11,2011,MSK,354,237
12,2011,MSK,381,214
1,2011,OLK,224,145
2,2011,OLK,215,145
3,2011,OLK,245,137
4,2011,OLK,235,132
5,2011,OLK,203,142
6,2011,OLK,249,127
7,2011,OLK,254,152
8,2011,OLK,246,156
9,2011,OLK,252,134
10,2011,OLK,237,126
11,2011,OLK,236,123
12,2011,OLK,207,142
1,2011,PAK,383,282
2,2011,PAK,366,266
3,2011,PAK,399,287
4,2011,PAK,388,228
5,2011,PAK,375,189
6,2011,PAK,312,204
7,2011,PAK,397,231
8,2011,PAK,445,184
9,2011,PAK,377,182
10,2011,PAK,403,233
11,2011,PAK,404,240
12,2011,PAK,359,232
1,2011,PHA,3150,928
2,2011,PHA,3059,823
3,2011,PHA,3448,944
4,2011,PHA,3462,762
5,2011,PHA,3555,765
6,2011,PHA,3465,826
7,2011,PHA,3256,862
8,2011,PHA,3423,898
9,2011,PHA,3727,896
10,2011,PHA,3447,916
11,2011,PHA,3410,932
12,2011,PHA,3490,833
1,2011,PLK,391,262
2,2011,PLK,366,253
3,2011,PLK,466,246
4,2011,PLK,422,249
5,2011,PLK,449,256
6,2011,PLK,432,218
7,2011,PLK,434,213
8,2011,PLK,432,210
9,2011,PLK,391,238
10,2011,PLK,359,295
11,2011,PLK,297,278
12,2011,PLK,421,316
1,2011,STC,1022,712
2,2011,STC,949,678
3,2011,STC,1086,738
4,2011,STC,1034,669
5,2011,STC,1169,704
6,2011,STC,1100,689
7,2011,STC,1109,724
8,2011,STC,1240,686
9,2011,STC,1104,690
10,2011,STC,1105,728
11,2011,STC,1067,737
12,2011,STC,1082,745
1,2011,ULK,282,186
2,2011,ULK,252,199
3,2011,ULK,264,244
4,2011,ULK,252,202
5,2011,ULK,287,168
6,2011,ULK,304,199
7,2011,ULK,335,205
8,2011,ULK,310,157
9,2011,ULK,276,147
10,2011,ULK,275,179
11,2011,ULK,252,186
12,2011,ULK,273,159
1,2011,VYS,199,132
2,2011,VYS,174,178
3,2011,VYS,203,175
4,2011,VYS,198,145
5,2011,VYS,210,112
6,2011,VYS,214,117
7,2011,VYS,233,114
8,2011,VYS,246,137
9,2011,VYS,186,125
10,2011,VYS,218,110
11,2011,VYS,201,130
12,2011,VYS,164,136
1,2011,ZLK,184,100
2,2011,ZLK,142,131
3,2011,ZLK,167,124
4,2011,ZLK,171,120
5,2011,ZLK,178,150
6,2011,ZLK,172,114
7,2011,ZLK,209,128
8,2011,ZLK,227,126
9,2011,ZLK,180,127
10,2011,ZLK,175,137
11,2011,ZLK,215,166
12,2011,ZLK,163,110
1,2012,HKK,1553,767
3,2012,HKK,2447,1415
4,2012,HKK,1211,685
5,2012,HKK,1449,627
6,2012,HKK,1445,650
7,2012,HKK,1330,632
8,2012,HKK,1397,664
9,2012,HKK,1377,683
10,2012,HKK,1398,732
11,2012,HKK,1449,694
12,2012,HKK,1091,699
1,2012,JHC,357,239
3,2012,JHC,676,453
4,2012,JHC,360,254
5,2012,JHC,364,224
6,2012,JHC,341,204
7,2012,JHC,385,198
8,2012,JHC,413,204
9,2012,JHC,303,158
10,2012,JHC,369,228
11,2012,JHC,302,219
12,2012,JHC,254,212
1,2012,JHM,209,145
3,2012,JHM,385,292
4,2012,JHM,194,141
5,2012,JHM,204,169
6,2012,JHM,235,145
7,2012,JHM,220,159
8,2012,JHM,241,155
9,2012,JHM,175,137
10,2012,JHM,183,139
11,2012,JHM,175,122
12,2012,JHM,127,140
1,2012,KVK,783,525
3,2012,KVK,1420,977
4,2012,KVK,733,491
5,2012,KVK,752,463
6,2012,KVK,750,539
7,2012,KVK,810,494
8,2012,KVK,792,487
9,2012,KVK,791,491
10,2012,KVK,819,524
11,2012,KVK,679,455
12,2012,KVK,651,467
1,2012,LBK,907,454
3,2012,LBK,1869,913
4,2012,LBK,957,447
5,2012,LBK,1034,437
6,2012,LBK,922,477
7,2012,LBK,946,404
8,2012,LBK,1068,440
9,2012,LBK,887,422
10,2012,LBK,1034,437
11,2012,LBK,985,406
12,2012,LBK,820,386
1,2012,MSK,350,200
3,2012,MSK,671,388
4,2012,MSK,334,226
5,2012,MSK,406,231
6,2012,MSK,409,279
7,2012,MSK,462,224
8,2012,MSK,413,179
9,2012,MSK,317,207
10,2012,MSK,394,214
11,2012,MSK,341,213
12,2012,MSK,330,156
1,2012,OLK,268,159
3,2012,OLK,461,269
4,2012,OLK,230,147
5,2012,OLK,274,134
6,2012,OLK,262,124
7,2012,OLK,237,133
8,2012,OLK,285,135
9,2012,OLK,209,147
10,2012,OLK,246,129
11,2012,OLK,242,156
12,2012,OLK,180,128
1,2012,PAK,462,218
3,2012,PAK,788,455
4,2012,PAK,372,222
5,2012,PAK,383,247
6,2012,PAK,374,176
7,2012,PAK,362,200
8,2012,PAK,445,201
9,2012,PAK,355,194
10,2012,PAK,446,268
11,2012,PAK,367,239
12,2012,PAK,316,217
1,2012,PHA,3489,923
3,2012,PHA,6247,1511
4,2012,PHA,3227,844
5,2012,PHA,3409,811
6,2012,PHA,3385,677
7,2012,PHA,3411,729
8,2012,PHA,3332,746
9,2012,PHA,3179,759
10,2012,PHA,3475,762
11,2012,PHA,3315,791
12,2012,PHA,3250,693
1,2012,PLK,381,215
3,2012,PLK,763,460
4,2012,PLK,339,200
5,2012,PLK,337,269
6,2012,PLK,324,243
7,2012,PLK,335,214
8,2012,PLK,327,242
9,2012,PLK,334,205
10,2012,PLK,367,234
11,2012,PLK,335,256
12,2012,PLK,319,312
1,2012,STC,1076,726
3,2012,STC,2106,1331
4,2012,STC,998,655
5,2012,STC,1145,628
6,2012,STC,1056,681
7,2012,STC,1077,607
8,2012,STC,1139,642
9,2012,STC,1007,605
10,2012,STC,1081,690
11,2012,STC,1031,730
12,2012,STC,740,600
1,2012,ULK,308,165
3,2012,ULK,515,313
4,2012,ULK,270,149
5,2012,ULK,287,182
6,2012,ULK,328,157
7,2012,ULK,303,154
8,2012,ULK,382,145
9,2012,ULK,244,157
10,2012,ULK,304,201
11,2012,ULK,321,151
12,2012,ULK,238,154
1,2012,VYS,191,129
3,2012,VYS,294,280
4,2012,VYS,213,136
5,2012,VYS,187,130
6,2012,VYS,179,144
7,2012,VYS,203,140
8,2012,VYS,215,135
9,2012,VYS,212,135
10,2012,VYS,198,130
11,2012,VYS,199,185
12,2012,VYS,164,148
1,2012,ZLK,219,102
3,2012,ZLK,364,240
4,2012,ZLK,169,121
5,2012,ZLK,172,115
6,2012,ZLK,190,118
7,2012,ZLK,204,109
8,2012,ZLK,207,96
9,2012,ZLK,163,125
10,2012,ZLK,194,121
11,2012,ZLK,231,142
12,2012,ZLK,144,118
1,2013,HKK,1254,792
2,2013,HKK,1428,809
3,2013,HKK,1374,924
4,2013,HKK,1258,899
5,2013,HKK,1482,833
6,2013,HKK,1406,760
7,2013,HKK,1503,684
8,2013,HKK,1485,668
9,2013,HKK,1430,742
10,2013,HKK,1339,751
11,2013,HKK,1273,643
12,2013,HKK,1083,642
1,2013,JHC,302,261
2,2013,JHC,296,230
3,2013,JHC,308,227
4,2013,JHC,339,283
5,2013,JHC,405,273
6,2013,JHC,355,223
7,2013,JHC,436,193
8,2013,JHC,390,199
9,2013,JHC,340,252
10,2013,JHC,287,211
11,2013,JHC,310,234
12,2013,JHC,297,239
1,2013,JHM,182,141
2,2013,JHM,182,152
3,2013,JHM,219,146
4,2013,JHM,175,158
5,2013,JHM,184,136
6,2013,JHM,227,140
7,2013,JHM,232,154
8,2013,JHM,205,141
9,2013,JHM,219,131
10,2013,JHM,196,119
11,2013,JHM,147,116
12,2013,JHM,181,90
1,2013,KVK,812,594
2,2013,KVK,771,611
3,2013,KVK,869,584
4,2013,KVK,781,584
5,2013,KVK,809,620
6,2013,KVK,713,577
7,2013,KVK,874,557
8,2013,KVK,962,644
9,2013,KVK,845,590
10,2013,KVK,770,548
11,2013,KVK,764,452
12,2013,KVK,642,449
1,2013,LBK,921,460
2,2013,LBK,945,482
3,2013,LBK,1044,523
4,2013,LBK,998,501
5,2013,LBK,982,413
6,2013,LBK,895,382
7,2013,LBK,971,387
8,2013,LBK,911,420
9,2013,LBK,957,361
10,2013,LBK,885,385
11,2013,LBK,728,443
12,2013,LBK,694,403
1,2013,MSK,356,225
2,2013,MSK,305,264
3,2013,MSK,416,258
4,2013,MSK,402,271
5,2013,MSK,409,250
6,2013,MSK,404,267
7,2013,MSK,434,224
8,2013,MSK,512,173
9,2013,MSK,416,251
10,2013,MSK,370,248
11,2013,MSK,373,242
12,2013,MSK,330,226
1,2013,OLK,199,170
2,2013,OLK,210,174
3,2013,OLK,231,161
4,2013,OLK,270,164
5,2013,OLK,271,166
6,2013,OLK,259,153
7,2013,OLK,250,137
8,2013,OLK,269,113
9,2013,OLK,230,105
10,2013,OLK,261,120
11,2013,OLK,229,124
12,2013,OLK,223,132
1,2013,PAK,359,262
2,2013,PAK,334,263
3,2013,PAK,379,287
4,2013,PAK,386,282
5,2013,PAK,371,249
6,2013,PAK,391,265
7,2013,PAK,430,294
8,2013,PAK,424,232
9,2013,PAK,366,186
10,2013,PAK,401,245
11,2013,PAK,368,220
12,2013,PAK,281,171
1,2013,PHA,3713,824
2,2013,PHA,3513,979
3,2013,PHA,3808,1046
4,2013,PHA,3624,978
5,2013,PHA,4012,1047
6,2013,PHA,3825,980
7,2013,PHA,3690,1017
8,2013,PHA,4044,985
9,2013,PHA,3924,962
10,2013,PHA,3645,945
11,2013,PHA,3598,937
12,2013,PHA,3625,978
1,2013,PLK,331,279
2,2013,PLK,368,263
3,2013,PLK,314,274
4,2013,PLK,319,311
5,2013,PLK,341,266
6,2013,PLK,369,251
7,2013,PLK,369,265
8,2013,PLK,398,244
9,2013,PLK,407,249
10,2013,PLK,404,242
11,2013,PLK,342,275
12,2013,PLK,336,338
1,2013,STC,953,784
2,2013,STC,1014,785
3,2013,STC,1104,871
4,2013,STC,1094,904
5,2013,STC,1123,769
6,2013,STC,1071,693
7,2013,STC,1234,636
8,2013,STC,1228,688
9,2013,STC,1200,660
10,2013,STC,1151,712
11,2013,STC,1024,714
12,2013,STC,946,663
1,2013,ULK,272,155
2,2013,ULK,264,196
3,2013,ULK,256,218
4,2013,ULK,227,169
5,2013,ULK,243,170
6,2013,ULK,286,144
7,2013,ULK,303,175
8,2013,ULK,274,166
9,2013,ULK,234,184
10,2013,ULK,233,151
11,2013,ULK,236,162
12,2013,ULK,234,175
1,2013,VYS,171,176
2,2013,VYS,154,147
3,2013,VYS,169,164
4,2013,VYS,182,188
5,2013,VYS,191,158
6,2013,VYS,192,144
7,2013,VYS,241,147
8,2013,VYS,249,153
9,2013,VYS,217,184
10,2013,VYS,208,154
11,2013,VYS,181,125
12,2013,VYS,160,133
1,2013,ZLK,205,141
2,2013,ZLK,191,155
3,2013,ZLK,207,161
4,2013,ZLK,192,125
5,2013,ZLK,185,122
6,2013,ZLK,169,114
7,2013,ZLK,225,124
8,2013,ZLK,178,130
9,2013,ZLK,232,127
10,2013,ZLK,226,93
11,2013,ZLK,196,111
12,2013,ZLK,138,89
1,2014,HKK,1202,637
2,2014,HKK,1136,621
3,2014,HKK,1335,662
4,2014,HKK,1169,625
5,2014,HKK,1230,534
6,2014,HKK,1102,530
7,2014,HKK,1213,521
8,2014,HKK,1151,532
9,2014,HKK,1236,507
10,2014,HKK,1118,578
11,2014,HKK,1038,487
12,2014,HKK,858,392
1,2014,JHC,354,232
2,2014,JHC,287,226
3,2014,JHC,335,288
4,2014,JHC,341,235
5,2014,JHC,349,213
6,2014,JHC,350,209
7,2014,JHC,320,206
8,2014,JHC,281,144
9,2014,JHC,339,181
10,2014,JHC,326,144
11,2014,JHC,293,189
12,2014,JHC,242,167
1,2014,JHM,213,144
2,2014,JHM,167,132
3,2014,JHM,175,140
4,2014,JHM,162,135
5,2014,JHM,134,94
6,2014,JHM,153,114
7,2014,JHM,160,122
8,2014,JHM,166,149
9,2014,JHM,152,103
10,2014,JHM,176,126
11,2014,JHM,160,102
12,2014,JHM,113,112
1,2014,KVK,744,531
2,2014,KVK,680,473
3,2014,KVK,749,449
4,2014,KVK,635,440
5,2014,KVK,666,495
6,2014,KVK,695,407
7,2014,KVK,679,418
8,2014,KVK,640,364
9,2014,KVK,633,384
10,2014,KVK,668,369
11,2014,KVK,580,343
12,2014,KVK,461,313
1,2014,LBK,750,429
2,2014,LBK,698,354
3,2014,LBK,814,397
4,2014,LBK,779,366
5,2014,LBK,701,358
6,2014,LBK,642,329
7,2014,LBK,799,329
8,2014,LBK,816,326
9,2014,LBK,858,326
10,2014,LBK,847,361
11,2014,LBK,770,275
12,2014,LBK,571,288
1,2014,MSK,342,179
2,2014,MSK,340,207
3,2014,MSK,336,229
4,2014,MSK,312,202
5,2014,MSK,342,216
6,2014,MSK,359,192
7,2014,MSK,369,179
8,2014,MSK,374,146
9,2014,MSK,338,180
10,2014,MSK,337,173
11,2014,MSK,307,123
12,2014,MSK,265,150
1,2014,OLK,268,171
2,2014,OLK,210,120
3,2014,OLK,219,139
4,2014,OLK,215,143
5,2014,OLK,260,136
6,2014,OLK,206,123
7,2014,OLK,189,118
8,2014,OLK,231,121
9,2014,OLK,210,125
10,2014,OLK,226,109
11,2014,OLK,170,113
12,2014,OLK,162,125
1,2014,PAK,380,232
2,2014,PAK,340,193
3,2014,PAK,383,184
4,2014,PAK,326,150
5,2014,PAK,407,180
6,2014,PAK,371,172
7,2014,PAK,392,183
8,2014,PAK,306,139
9,2014,PAK,344,192
10,2014,PAK,338,185
11,2014,PAK,303,170
12,2014,PAK,255,149
1,2014,PHA,3548,987
2,2014,PHA,3019,823
3,2014,PHA,3481,924
4,2014,PHA,3138,922
5,2014,PHA,3178,937
6,2014,PHA,3190,969
7,2014,PHA,3050,1018
8,2014,PHA,2851,835
9,2014,PHA,2842,734
10,2014,PHA,2898,711
11,2014,PHA,2724,711
12,2014,PHA,2571,645
1,2014,PLK,325,256
2,2014,PLK,293,220
3,2014,PLK,299,227
4,2014,PLK,268,185
5,2014,PLK,290,223
6,2014,PLK,302,196
7,2014,PLK,315,218
8,2014,PLK,264,196
9,2014,PLK,321,188
10,2014,PLK,313,210
11,2014,PLK,276,177
12,2014,PLK,315,221
1,2014,STC,912,673
2,2014,STC,849,627
3,2014,STC,951,752
4,2014,STC,851,713
5,2014,STC,840,627
6,2014,STC,892,555
7,2014,STC,802,513
8,2014,STC,870,488
9,2014,STC,753,449
10,2014,STC,668,528
11,2014,STC,677,437
12,2014,STC,580,485
1,2014,ULK,290,186
2,2014,ULK,228,207
3,2014,ULK,253,193
4,2014,ULK,218,172
5,2014,ULK,261,124
6,2014,ULK,233,149
7,2014,ULK,281,125
8,2014,ULK,231,119
9,2014,ULK,203,130
10,2014,ULK,222,89
11,2014,ULK,199,87
12,2014,ULK,145,71
1,2014,VYS,186,126
2,2014,VYS,173,117
3,2014,VYS,216,146
4,2014,VYS,214,126
5,2014,VYS,224,143
6,2014,VYS,196,114
7,2014,VYS,221,112
8,2014,VYS,230,114
9,2014,VYS,179,148
10,2014,VYS,174,141
11,2014,VYS,163,126
12,2014,VYS,126,124
1,2014,ZLK,189,120
2,2014,ZLK,145,87
3,2014,ZLK,182,119
4,2014,ZLK,158,95
5,2014,ZLK,142,99
6,2014,ZLK,156,92
7,2014,ZLK,162,83
8,2014,ZLK,145,65
9,2014,ZLK,137,61
10,2014,ZLK,139,77
11,2014,ZLK,119,73
12,2014,ZLK,109,59
1,2015,HKK,936,406
2,2015,HKK,1842,804
3,2015,HKK,2794,1218
4,2015,HKK,3712,1614
5,2015,HKK,4602,2000
6,2015,HKK,5531,2330
7,2015,HKK,6536,2654
8,2015,HKK,7501,3011
9,2015,HKK,8407,3346
10,2015,HKK,9251,3682
11,2015,HKK,10053,3981
12,2015,HKK,10705,4264
1,2015,JHC,270,152
2,2015,JHC,472,287
3,2015,JHC,715,437
4,2015,JHC,990,599
5,2015,JHC,1240,736
6,2015,JHC,1521,874
7,2015,JHC,1798,997
8,2015,JHC,2098,1138
9,2015,JHC,2310,1290
10,2015,JHC,2540,1427
11,2015,JHC,2771,1553
12,2015,JHC,2958,1677
1,2015,JHM,134,120
2,2015,JHM,272,204
3,2015,JHM,427,306
4,2015,JHM,549,401
5,2015,JHM,658,477
6,2015,JHM,765,549
7,2015,JHM,881,627
8,2015,JHM,990,675
9,2015,JHM,1138,723
10,2015,JHM,1238,795
11,2015,JHM,1334,858
12,2015,JHM,1435,925
1,2015,KVK,590,312
2,2015,KVK,1123,592
3,2015,KVK,1616,910
4,2015,KVK,2030,1191
5,2015,KVK,2467,1466
6,2015,KVK,2959,1740
7,2015,KVK,3447,1980
8,2015,KVK,3965,2210
9,2015,KVK,4503,2460
10,2015,KVK,4955,2682
11,2015,KVK,5321,2891
12,2015,KVK,5710,3126
1,2015,LBK,585,327
2,2015,LBK,1199,583
3,2015,LBK,1840,894
4,2015,LBK,2482,1195
5,2015,LBK,3126,1472
6,2015,LBK,3873,1725
7,2015,LBK,4551,1949
8,2015,LBK,5254,2195
9,2015,LBK,5977,2418
10,2015,LBK,6662,2678
11,2015,LBK,7259,2958
12,2015,LBK,7829,3229
1,2015,MSK,306,172
2,2015,MSK,565,295
3,2015,MSK,867,491
4,2015,MSK,1129,657
5,2015,MSK,1401,806
6,2015,MSK,1677,962
7,2015,MSK,2019,1097
8,2015,MSK,2323,1231
9,2015,MSK,2598,1383
10,2015,MSK,2893,1523
11,2015,MSK,3168,1654
12,2015,MSK,3407,1772
1,2015,OLK,182,101
2,2015,OLK,359,205
3,2015,OLK,498,302
4,2015,OLK,669,394
5,2015,OLK,821,474
6,2015,OLK,990,550
7,2015,OLK,1165,619
8,2015,OLK,1315,679
9,2015,OLK,1481,758
10,2015,OLK,1599,822
11,2015,OLK,1712,888
12,2015,OLK,1839,956
1,2015,PAK,264,135
2,2015,PAK,491,276
3,2015,PAK,716,426
4,2015,PAK,999,597
5,2015,PAK,1276,742
6,2015,PAK,1588,863
7,2015,PAK,1873,1013
8,2015,PAK,2160,1136
9,2015,PAK,2460,1287
10,2015,PAK,2743,1425
11,2015,PAK,2997,1563
12,2015,PAK,3271,1731
1,2015,PHA,2496,662
2,2015,PHA,4704,1296
3,2015,PHA,7324,1920
4,2015,PHA,9920,2533
5,2015,PHA,12542,3153
6,2015,PHA,15221,3732
7,2015,PHA,17889,4316
8,2015,PHA,20639,4875
9,2015,PHA,23467,5474
10,2015,PHA,26341,6099
11,2015,PHA,29061,6663
12,2015,PHA,31915,7223
1,2015,PLK,276,185
2,2015,PLK,530,336
3,2015,PLK,795,514
4,2015,PLK,1049,715
5,2015,PLK,1300,886
6,2015,PLK,1591,1027
7,2015,PLK,1852,1149
8,2015,PLK,2118,1259
9,2015,PLK,2345,1359
10,2015,PLK,2704,1538
11,2015,PLK,2943,1664
12,2015,PLK,3180,1835
1,2015,STC,664,480
2,2015,STC,1332,956
3,2015,STC,1936,1439
4,2015,STC,2478,1884
5,2015,STC,3075,2313
6,2015,STC,3720,2685
7,2015,STC,4327,3047
8,2015,STC,4974,3395
9,2015,STC,5607,3770
10,2015,STC,6165,4148
11,2015,STC,6702,4464
12,2015,STC,7239,4896
1,2015,ULK,205,126
2,2015,ULK,380,206
3,2015,ULK,623,303
4,2015,ULK,764,394
5,2015,ULK,904,493
6,2015,ULK,1079,582
7,2015,ULK,1240,672
8,2015,ULK,1436,755
9,2015,ULK,1605,837
10,2015,ULK,1742,923
11,2015,ULK,1872,1001
12,2015,ULK,2014,1077
1,2015,VYS,164,114
2,2015,VYS,302,204
3,2015,VYS,464,320
4,2015,VYS,640,414
5,2015,VYS,796,487
6,2015,VYS,943,569
7,2015,VYS,1107,666
8,2015,VYS,1244,749
9,2015,VYS,1390,830
10,2015,VYS,1545,906
11,2015,VYS,1697,991
12,2015,VYS,1822,1075
1,2015,ZLK,128,81
2,2015,ZLK,282,152
3,2015,ZLK,444,220
4,2015,ZLK,558,263
5,2015,ZLK,672,312
6,2015,ZLK,784,349
7,2015,ZLK,910,394
8,2015,ZLK,1034,468
9,2015,ZLK,1160,520
10,2015,ZLK,1258,572
11,2015,ZLK,1374,619
12,2015,ZLK,1469,690
1,2016,HKK,249,51
2,2016,HKK,497,94
3,2016,HKK,761,133
4,2016,HKK,1016,183
5,2016,HKK,1282,229
6,2016,HKK,1498,258
7,2016,HKK,1741,304
8,2016,HKK,2031,357
9,2016,HKK,2296,398
10,2016,HKK,2568,459
11,2016,HKK,2767,494
12,2016,HKK,2955,527
1,2016,JHC,420,94
2,2016,JHC,823,158
3,2016,JHC,1226,223
4,2016,JHC,1616,315
5,2016,JHC,1998,383
6,2016,JHC,2446,462
7,2016,JHC,2876,522
8,2016,JHC,3352,603
9,2016,JHC,3739,694
10,2016,JHC,4099,769
11,2016,JHC,4373,819
12,2016,JHC,4650,858
1,2016,JHM,1024,164
2,2016,JHM,1998,324
3,2016,JHM,2966,479
4,2016,JHM,4009,657
5,2016,JHM,5079,833
6,2016,JHM,6125,1018
7,2016,JHM,7149,1161
8,2016,JHM,8272,1358
9,2016,JHM,9251,1527
10,2016,JHM,10103,1662
11,2016,JHM,10920,1801
12,2016,JHM,11651,1917
1,2016,KVK,212,38
2,2016,KVK,376,66
3,2016,KVK,597,107
4,2016,KVK,776,143
5,2016,KVK,953,178
6,2016,KVK,1149,229
7,2016,KVK,1353,258
8,2016,KVK,1581,298
9,2016,KVK,1767,320
10,2016,KVK,1960,350
11,2016,KVK,2190,382
12,2016,KVK,2388,415
1,2016,LBK,388,79
2,2016,LBK,778,156
3,2016,LBK,1243,242
4,2016,LBK,1676,338
5,2016,LBK,2160,426
6,2016,LBK,2516,471
7,2016,LBK,2921,542
8,2016,LBK,3269,610
9,2016,LBK,3645,687
10,2016,LBK,4015,753
11,2016,LBK,4347,821
12,2016,LBK,4677,878
1,2016,MSK,1079,213
2,2016,MSK,2267,442
3,2016,MSK,3431,647
4,2016,MSK,4681,872
5,2016,MSK,5993,1094
6,2016,MSK,7276,1327
7,2016,MSK,8614,1526
8,2016,MSK,9965,1744
9,2016,MSK,11201,1943
10,2016,MSK,12325,2156
11,2016,MSK,13421,2327
12,2016,MSK,14483,2516
1,2016,OLK,461,72
2,2016,OLK,955,182
3,2016,OLK,1418,252
4,2016,OLK,1854,344
5,2016,OLK,2350,413
6,2016,OLK,2826,498
7,2016,OLK,3284,592
8,2016,OLK,3751,678
9,2016,OLK,4210,763
10,2016,OLK,4594,846
11,2016,OLK,4955,917
12,2016,OLK,5385,1011
1,2016,PAK,215,45
2,2016,PAK,394,85
3,2016,PAK,621,124
4,2016,PAK,846,167
5,2016,PAK,1038,198
6,2016,PAK,1242,225
7,2016,PAK,1456,272
8,2016,PAK,1707,328
9,2016,PAK,1898,356
10,2016,PAK,2078,378
11,2016,PAK,2262,396
12,2016,PAK,2426,425
1,2016,PHA,3546,480
2,2016,PHA,6733,902
3,2016,PHA,10167,1337
4,2016,PHA,13491,1771
5,2016,PHA,16825,2192
6,2016,PHA,20071,2616
7,2016,PHA,23284,2958
8,2016,PHA,26494,3377
9,2016,PHA,29768,3776
10,2016,PHA,33043,4221
11,2016,PHA,35919,4610
12,2016,PHA,38784,4945
1,2016,PLK,403,60
2,2016,PLK,711,102
3,2016,PLK,1074,175
4,2016,PLK,1390,226
5,2016,PLK,1770,289
6,2016,PLK,2132,369
7,2016,PLK,2545,427
8,2016,PLK,2971,488
9,2016,PLK,3364,523
10,2016,PLK,3787,575
11,2016,PLK,4188,629
12,2016,PLK,4510,688
1,2016,STC,970,168
2,2016,STC,1940,324
3,2016,STC,3055,525
4,2016,STC,4118,713
5,2016,STC,5176,889
6,2016,STC,6179,1045
7,2016,STC,7158,1171
8,2016,STC,8156,1355
9,2016,STC,9054,1505
10,2016,STC,10010,1642
11,2016,STC,10916,1774
12,2016,STC,11712,1867
1,2016,ULK,861,143
2,2016,ULK,1550,277
3,2016,ULK,2325,434
4,2016,ULK,2994,552
5,2016,ULK,3737,657
6,2016,ULK,4433,762
7,2016,ULK,5150,874
8,2016,ULK,5961,1019
9,2016,ULK,6676,1146
10,2016,ULK,7437,1259
11,2016,ULK,8094,1331
12,2016,ULK,8737,1441
1,2016,VYS,228,70
2,2016,VYS,464,149
3,2016,VYS,655,189
4,2016,VYS,861,243
5,2016,VYS,1068,295
6,2016,VYS,1282,334
7,2016,VYS,1495,375
8,2016,VYS,1699,417
9,2016,VYS,1947,494
10,2016,VYS,2111,519
11,2016,VYS,2264,556
12,2016,VYS,2400,572
1,2016,ZLK,280,59
2,2016,ZLK,567,113
3,2016,ZLK,816,157
4,2016,ZLK,1054,203
5,2016,ZLK,1314,248
6,2016,ZLK,1583,282
7,2016,ZLK,1890,339
8,2016,ZLK,2145,386
9,2016,ZLK,2444,423
10,2016,ZLK,2727,472
11,2016,ZLK,2953,514
12,2016,ZLK,3176,547
1,2017,HKK,216,58
2,2017,HKK,447,113
3,2017,HKK,661,167
4,2017,HKK,912,212
5,2017,HKK,1170,255
6,2017,HKK,1443,291
7,2017,HKK,1747,340
8,2017,HKK,2057,388
9,2017,HKK,2275,430
10,2017,HKK,2537,481
11,2017,HKK,2782,529
12,2017,HKK,2956,553
1,2017,JHC,317,59
2,2017,JHC,645,127
3,2017,JHC,1003,192
4,2017,JHC,1310,254
5,2017,JHC,1677,308
6,2017,JHC,1979,363
7,2017,JHC,2280,419
8,2017,JHC,2656,502
9,2017,JHC,2986,566
10,2017,JHC,3283,630
11,2017,JHC,3515,673
12,2017,JHC,3713,719
1,2017,JHM,790,183
2,2017,JHM,1523,321
3,2017,JHM,2401,499
4,2017,JHM,3247,652
5,2017,JHM,4141,784
6,2017,JHM,5155,985
7,2017,JHM,6126,1163
8,2017,JHM,7194,1376
9,2017,JHM,8131,1553
10,2017,JHM,9100,1721
11,2017,JHM,10117,1876
12,2017,JHM,10950,1992
1,2017,KVK,209,37
2,2017,KVK,373,72
3,2017,KVK,594,117
4,2017,KVK,802,149
5,2017,KVK,1001,192
6,2017,KVK,1177,220
7,2017,KVK,1399,251
8,2017,KVK,1614,288
9,2017,KVK,1806,316
10,2017,KVK,2039,367
11,2017,KVK,2219,401
12,2017,KVK,2407,444
1,2017,LBK,321,56
2,2017,LBK,625,127
3,2017,LBK,1006,208
4,2017,LBK,1314,271
5,2017,LBK,1719,347
6,2017,LBK,2120,436
7,2017,LBK,2533,528
8,2017,LBK,2939,616
9,2017,LBK,3290,685
10,2017,LBK,3621,759
11,2017,LBK,3911,825
12,2017,LBK,4182,878
1,2017,MSK,1148,209
2,2017,MSK,2188,390
3,2017,MSK,3258,561
4,2017,MSK,4311,742
5,2017,MSK,5373,926
6,2017,MSK,6459,1127
7,2017,MSK,7720,1311
8,2017,MSK,8973,1536
9,2017,MSK,10122,1727
10,2017,MSK,11473,1980
11,2017,MSK,12599,2157
12,2017,MSK,13585,2353
1,2017,OLK,428,130
2,2017,OLK,807,211
3,2017,OLK,1167,293
4,2017,OLK,1561,386
5,2017,OLK,1927,509
6,2017,OLK,2233,582
7,2017,OLK,2575,650
8,2017,OLK,2943,719
9,2017,OLK,3355,790
10,2017,OLK,3766,876
11,2017,OLK,4111,945
12,2017,OLK,4401,984
1,2017,PAK,170,33
2,2017,PAK,318,65
3,2017,PAK,514,99
4,2017,PAK,687,133
5,2017,PAK,897,170
6,2017,PAK,1100,215
7,2017,PAK,1315,250
8,2017,PAK,1562,292
9,2017,PAK,1762,321
10,2017,PAK,1969,367
11,2017,PAK,2154,390
12,2017,PAK,2321,418
1,2017,PHA,2661,423
2,2017,PHA,5210,784
3,2017,PHA,8216,1236
4,2017,PHA,10960,1618
5,2017,PHA,13982,2078
6,2017,PHA,17078,2493
7,2017,PHA,20033,2811
8,2017,PHA,23194,3256
9,2017,PHA,26278,3672
10,2017,PHA,29647,4099
11,2017,PHA,32697,4497
12,2017,PHA,35509,4863
1,2017,PLK,370,63
2,2017,PLK,785,149
3,2017,PLK,1220,223
4,2017,PLK,1592,284
5,2017,PLK,1945,323
6,2017,PLK,2306,380
7,2017,PLK,2764,463
8,2017,PLK,3182,537
9,2017,PLK,3576,605
10,2017,PLK,4029,670
11,2017,PLK,4406,713
12,2017,PLK,4779,764
1,2017,STC,815,160
2,2017,STC,1572,280
3,2017,STC,2517,455
4,2017,STC,3352,631
5,2017,STC,4226,787
6,2017,STC,5168,964
7,2017,STC,6090,1107
8,2017,STC,7122,1259
9,2017,STC,7973,1365
10,2017,STC,8898,1528
11,2017,STC,9821,1647
12,2017,STC,10619,1760
1,2017,ULK,744,147
2,2017,ULK,1382,280
3,2017,ULK,2116,396
4,2017,ULK,2801,522
5,2017,ULK,3598,660
6,2017,ULK,4322,777
7,2017,ULK,4982,893
8,2017,ULK,5784,1035
9,2017,ULK,6477,1148
10,2017,ULK,7157,1255
11,2017,ULK,7756,1336
12,2017,ULK,8306,1462
1,2017,VYS,189,53
2,2017,VYS,350,91
3,2017,VYS,559,154
4,2017,VYS,720,187
5,2017,VYS,910,212
6,2017,VYS,1088,265
7,2017,VYS,1226,296
8,2017,VYS,1400,341
9,2017,VYS,1569,397
10,2017,VYS,1739,442
11,2017,VYS,1935,482
12,2017,VYS,2080,536
1,2017,ZLK,245,47
2,2017,ZLK,442,88
3,2017,ZLK,678,131
4,2017,ZLK,939,183
5,2017,ZLK,1161,236
6,2017,ZLK,1356,269
7,2017,ZLK,1582,315
8,2017,ZLK,1804,361
9,2017,ZLK,2053,407
10,2017,ZLK,2303,455
11,2017,ZLK,2500,507
12,2017,ZLK,2689,543
1,2018,HKK,234,61
2,2018,HKK,427,108
3,2018,HKK,617,162
4,2018,HKK,823,209
5,2018,HKK,1058,260
6,2018,HKK,1276,310
7,2018,HKK,1509,365
8,2018,HKK,1692,407
9,2018,HKK,1915,445
10,2018,HKK,2150,494
11,2018,HKK,2311,532
12,2018,HKK,2509,566
1,2018,JHC,242,69
2,2018,JHC,431,117
3,2018,JHC,687,177
4,2018,JHC,914,222
5,2018,JHC,1213,305
6,2018,JHC,1469,353
7,2018,JHC,1789,423
8,2018,JHC,2066,462
9,2018,JHC,2322,484
10,2018,JHC,2634,529
11,2018,JHC,2897,584
12,2018,JHC,3106,632
1,2018,JHM,915,178
2,2018,JHM,1612,322
3,2018,JHM,2391,491
4,2018,JHM,3153,647
5,2018,JHM,3995,831
6,2018,JHM,4924,1000
7,2018,JHM,5884,1178
8,2018,JHM,6796,1327
9,2018,JHM,7723,1490
10,2018,JHM,8701,1730
11,2018,JHM,9658,1881
12,2018,JHM,10544,2030
1,2018,KVK,186,39
2,2018,KVK,345,71
3,2018,KVK,521,100
4,2018,KVK,713,139
5,2018,KVK,890,171
6,2018,KVK,1085,200
7,2018,KVK,1260,222
8,2018,KVK,1497,253
9,2018,KVK,1700,285
10,2018,KVK,1893,311
11,2018,KVK,2094,338
12,2018,KVK,2292,369
1,2018,LBK,357,89
2,2018,LBK,658,167
3,2018,LBK,934,221
4,2018,LBK,1234,287
5,2018,LBK,1620,351
6,2018,LBK,1972,434
7,2018,LBK,2410,518
8,2018,LBK,2793,600
9,2018,LBK,3189,656
10,2018,LBK,3620,726
11,2018,LBK,3985,810
12,2018,LBK,4283,865
1,2018,MSK,1166,193
2,2018,MSK,2008,310
3,2018,MSK,2875,460
4,2018,MSK,3831,641
5,2018,MSK,4918,843
6,2018,MSK,5979,1002
7,2018,MSK,7111,1184
8,2018,MSK,8230,1357
9,2018,MSK,9375,1518
10,2018,MSK,10371,1695
11,2018,MSK,11325,1890
12,2018,MSK,12152,2019
1,2018,OLK,352,101
2,2018,OLK,666,175
3,2018,OLK,974,249
4,2018,OLK,1246,316
5,2018,OLK,1578,420
6,2018,OLK,1904,518
7,2018,OLK,2237,609
8,2018,OLK,2556,690
9,2018,OLK,2847,773
10,2018,OLK,3175,853
11,2018,OLK,3461,941
12,2018,OLK,3761,1006
1,2018,PAK,200,47
2,2018,PAK,385,76
3,2018,PAK,547,102
4,2018,PAK,707,129
5,2018,PAK,893,166
6,2018,PAK,1101,230
7,2018,PAK,1333,265
8,2018,PAK,1512,291
9,2018,PAK,1684,328
10,2018,PAK,1842,354
11,2018,PAK,1994,389
12,2018,PAK,2095,405
1,2018,PHA,2938,469
2,2018,PHA,5383,886
3,2018,PHA,8020,1283
4,2018,PHA,10738,1747
5,2018,PHA,13441,2163
6,2018,PHA,16345,2636
7,2018,PHA,19028,3053
8,2018,PHA,21610,3433
9,2018,PHA,24085,3808
10,2018,PHA,26761,4225
11,2018,PHA,29350,4633
12,2018,PHA,31946,5038
1,2018,PLK,471,88
2,2018,PLK,863,139
3,2018,PLK,1290,215
4,2018,PLK,1717,286
5,2018,PLK,2180,361
6,2018,PLK,2605,440
7,2018,PLK,3012,509
8,2018,PLK,3369,576
9,2018,PLK,3741,648
10,2018,PLK,4130,716
11,2018,PLK,4494,769
12,2018,PLK,4825,834
1,2018,STC,940,217
2,2018,STC,1739,383
3,2018,STC,2576,528
4,2018,STC,3377,688
5,2018,STC,4199,852
6,2018,STC,5014,996
7,2018,STC,5763,1136
8,2018,STC,6592,1326
9,2018,STC,7414,1485
10,2018,STC,8122,1613
11,2018,STC,8811,1746
12,2018,STC,9459,1880
1,2018,ULK,870,163
2,2018,ULK,1408,247
3,2018,ULK,1996,367
4,2018,ULK,2621,491
5,2018,ULK,3270,626
6,2018,ULK,3901,720
7,2018,ULK,4596,857
8,2018,ULK,5317,991
9,2018,ULK,5929,1088
10,2018,ULK,6540,1188
11,2018,ULK,7054,1275
12,2018,ULK,7573,1388
1,2018,VYS,174,59
2,2018,VYS,315,96
3,2018,VYS,470,140
4,2018,VYS,655,186
5,2018,VYS,834,221
6,2018,VYS,1005,256
7,2018,VYS,1181,296
8,2018,VYS,1381,354
9,2018,VYS,1546,410
10,2018,VYS,1718,465
11,2018,VYS,1863,487
12,2018,VYS,2007,530
1,2018,ZLK,184,53
2,2018,ZLK,291,80
3,2018,ZLK,441,104
4,2018,ZLK,650,146
5,2018,ZLK,814,177
6,2018,ZLK,951,207
7,2018,ZLK,1180,299
8,2018,ZLK,1415,364
9,2018,ZLK,1567,394
10,2018,ZLK,1766,441
11,2018,ZLK,1959,483
12,2018,ZLK,2118,519
2,2019,HKK,136,237
3,2019,HKK,198,355
4,2019,HKK,469,184
5,2019,HKK,560,234
6,2019,HKK,684,277
7,2019,HKK,811,322
8,2019,HKK,955,371
9,2019,HKK,1064,416
10,2019,HKK,1185,460
11,2019,HKK,1311,510
12,2019,HKK,1408,544
2,2019,JHC,124,270
3,2019,JHC,185,447
4,2019,JHC,571,280
5,2019,JHC,726,349
6,2019,JHC,878,407
7,2019,JHC,1091,458
8,2019,JHC,1257,523
9,2019,JHC,1411,604
10,2019,JHC,1547,667
11,2019,JHC,1712,742
12,2019,JHC,1870,796
2,2019,JHM,439,1048
3,2019,JHM,662,1530
4,2019,JHM,1935,768
5,2019,JHM,2339,973
6,2019,JHM,2795,1178
7,2019,JHM,3269,1390
8,2019,JHM,3808,1584
9,2019,JHM,4307,1756
10,2019,JHM,4763,1956
11,2019,JHM,5198,2180
12,2019,JHM,5681,2381
2,2019,KVK,100,239
3,2019,KVK,152,359
4,2019,KVK,479,221
5,2019,KVK,605,274
6,2019,KVK,719,331
7,2019,KVK,865,380
8,2019,KVK,975,458
9,2019,KVK,1100,514
10,2019,KVK,1232,564
11,2019,KVK,1368,620
12,2019,KVK,1460,692
2,2019,LBK,133,354
3,2019,LBK,212,500
4,2019,LBK,677,352
5,2019,LBK,820,423
6,2019,LBK,988,513
7,2019,LBK,1196,625
8,2019,LBK,1343,707
9,2019,LBK,1534,765
10,2019,LBK,1693,838
11,2019,LBK,1813,896
12,2019,LBK,1913,966
2,2019,MSK,401,1101
3,2019,MSK,575,1656
4,2019,MSK,2236,856
5,2019,MSK,2834,1085
6,2019,MSK,3435,1285
7,2019,MSK,4169,1521
8,2019,MSK,4865,1767
9,2019,MSK,5491,2056
10,2019,MSK,6095,2335
11,2019,MSK,6730,2624
12,2019,MSK,7282,2886
2,2019,OLK,186,361
3,2019,OLK,273,569
4,2019,OLK,786,253
5,2019,OLK,1032,329
6,2019,OLK,1207,393
7,2019,OLK,1411,447
8,2019,OLK,1595,499
9,2019,OLK,1784,559
10,2019,OLK,1964,625
11,2019,OLK,2175,717
12,2019,OLK,2298,774
2,2019,PAK,89,194
3,2019,PAK,120,282
4,2019,PAK,369,138
5,2019,PAK,463,182
6,2019,PAK,591,212
7,2019,PAK,725,256
8,2019,PAK,845,288
9,2019,PAK,944,327
10,2019,PAK,1078,353
11,2019,PAK,1185,393
12,2019,PAK,1247,426
2,2019,PHA,944,3333
3,2019,PHA,1378,5153
4,2019,PHA,7018,1484
5,2019,PHA,8916,1867
6,2019,PHA,10887,2194
7,2019,PHA,13052,2560
8,2019,PHA,15110,3042
9,2019,PHA,17157,3490
10,2019,PHA,19076,3979
11,2019,PHA,20934,4527
12,2019,PHA,23164,5097
2,2019,PLK,152,392
3,2019,PLK,226,583
4,2019,PLK,753,534
5,2019,PLK,983,689
6,2019,PLK,1187,813
7,2019,PLK,1388,926
8,2019,PLK,1635,1027
9,2019,PLK,1835,1139
10,2019,PLK,2062,1281
11,2019,PLK,2270,1433
12,2019,PLK,2484,1614
2,2019,STC,348,747
3,2019,STC,506,1162
4,2019,STC,1597,892
5,2019,STC,1999,1164
6,2019,STC,2413,1408
7,2019,STC,2800,1647
8,2019,STC,3256,1903
9,2019,STC,3701,2175
10,2019,STC,4245,2487
11,2019,STC,4597,2815
12,2019,STC,5020,3125
2,2019,ULK,249,664
3,2019,ULK,374,1028
4,2019,ULK,1368,650
5,2019,ULK,1709,807
6,2019,ULK,2034,931
7,2019,ULK,2374,1059
8,2019,ULK,2721,1206
9,2019,ULK,3077,1357
10,2019,ULK,3403,1531
11,2019,ULK,3672,1684
12,2019,ULK,3925,1821
2,2019,VYS,103,176
3,2019,VYS,156,263
4,2019,VYS,340,187
5,2019,VYS,425,216
6,2019,VYS,512,259
7,2019,VYS,633,305
8,2019,VYS,729,340
9,2019,VYS,830,375
10,2019,VYS,909,442
11,2019,VYS,984,491
12,2019,VYS,1033,535
2,2019,ZLK,120,180
3,2019,ZLK,171,252
4,2019,ZLK,343,169
5,2019,ZLK,437,207
6,2019,ZLK,514,238
7,2019,ZLK,618,277
8,2019,ZLK,720,330
9,2019,ZLK,793,372
10,2019,ZLK,889,412
11,2019,ZLK,996,456
12,2019,ZLK,1065,504
1,2020,HKK,160,39
2,2020,HKK,249,81
3,2020,HKK,322,121
4,2020,HKK,376,145
5,2020,HKK,459,185
6,2020,HKK,559,245
7,2020,HKK,649,302
8,2020,HKK,771,341
9,2020,HKK,889,381
10,2020,HKK,961,424
11,2020,HKK,1015,468
12,2020,HKK,1095,503
1,2020,JHC,165,64
2,2020,JHC,320,146
3,2020,JHC,405,211
4,2020,JHC,489,304
5,2020,JHC,606,356
6,2020,JHC,748,420
7,2020,JHC,906,477
8,2020,JHC,1055,539
9,2020,JHC,1182,588
10,2020,JHC,1285,643
11,2020,JHC,1342,712
12,2020,JHC,1379,796
1,2020,JHM,493,259
2,2020,JHM,972,503
3,2020,JHM,1307,691
4,2020,JHM,1602,921
5,2020,JHM,2001,1127
6,2020,JHM,2419,1321
7,2020,JHM,2896,1511
8,2020,JHM,3369,1707
9,2020,JHM,3822,1882
10,2020,JHM,4052,2092
11,2020,JHM,4220,2236
12,2020,JHM,4450,2374
1,2020,KVK,146,63
2,2020,KVK,238,124
3,2020,KVK,340,190
4,2020,KVK,421,246
5,2020,KVK,483,298
6,2020,KVK,563,361
7,2020,KVK,629,403
8,2020,KVK,711,436
9,2020,KVK,812,485
10,2020,KVK,861,536
11,2020,KVK,909,571
12,2020,KVK,951,607
1,2020,LBK,140,103
2,2020,LBK,281,178
3,2020,LBK,396,237
4,2020,LBK,516,294
5,2020,LBK,600,365
6,2020,LBK,723,422
7,2020,LBK,919,476
8,2020,LBK,1129,546
9,2020,LBK,1273,619
10,2020,LBK,1357,702
11,2020,LBK,1426,770
12,2020,LBK,1491,814
1,2020,MSK,719,270
2,2020,MSK,1350,548
3,2020,MSK,1828,751
4,2020,MSK,2189,981
5,2020,MSK,2638,1166
6,2020,MSK,3178,1388
7,2020,MSK,3777,1610
8,2020,MSK,4380,1815
9,2020,MSK,4885,2011
10,2020,MSK,5172,2182
11,2020,MSK,5441,2376
12,2020,MSK,5697,2534
1,2020,OLK,184,69
2,2020,OLK,359,135
3,2020,OLK,489,202
4,2020,OLK,616,264
5,2020,OLK,756,326
6,2020,OLK,910,386
7,2020,OLK,1077,450
8,2020,OLK,1252,506
9,2020,OLK,1409,582
10,2020,OLK,1514,637
11,2020,OLK,1623,698
12,2020,OLK,1724,769
1,2020,PAK,128,40
2,2020,PAK,228,90
3,2020,PAK,296,129
4,2020,PAK,367,157
5,2020,PAK,438,186
6,2020,PAK,539,206
7,2020,PAK,637,233
8,2020,PAK,721,257
9,2020,PAK,811,282
10,2020,PAK,861,307
11,2020,PAK,901,327
12,2020,PAK,945,358
1,2020,PHA,2030,513
2,2020,PHA,3634,961
3,2020,PHA,4830,1352
4,2020,PHA,5706,1732
5,2020,PHA,6939,2107
6,2020,PHA,8377,2460
7,2020,PHA,10036,2878
8,2020,PHA,11641,3278
9,2020,PHA,13180,3699
10,2020,PHA,14316,4214
11,2020,PHA,15121,4535
12,2020,PHA,16069,4889
1,2020,PLK,218,163
2,2020,PLK,448,281
3,2020,PLK,620,403
4,2020,PLK,795,509
5,2020,PLK,983,612
6,2020,PLK,1178,723
7,2020,PLK,1422,861
8,2020,PLK,1666,999
9,2020,PLK,1926,1089
10,2020,PLK,2073,1186
11,2020,PLK,2189,1276
12,2020,PLK,2332,1370
1,2020,STC,410,313
2,2020,STC,750,588
3,2020,STC,1027,864
4,2020,STC,1365,1088
5,2020,STC,1712,1295
6,2020,STC,2118,1543
7,2020,STC,2583,1780
8,2020,STC,3016,1999
9,2020,STC,3442,2253
10,2020,STC,3717,2481
11,2020,STC,4003,2720
12,2020,STC,4267,2941
1,2020,ULK,414,202
2,2020,ULK,812,364
3,2020,ULK,1076,504
4,2020,ULK,1382,675
5,2020,ULK,1688,793
6,2020,ULK,1994,948
7,2020,ULK,2340,1087
8,2020,ULK,2732,1237
9,2020,ULK,3036,1379
10,2020,ULK,3222,1527
11,2020,ULK,3354,1651
12,2020,ULK,3498,1785
1,2020,VYS,73,33
2,2020,VYS,153,66
3,2020,VYS,213,105
4,2020,VYS,279,153
5,2020,VYS,347,177
6,2020,VYS,413,213
7,2020,VYS,487,249
8,2020,VYS,563,297
9,2020,VYS,636,330
10,2020,VYS,672,370
11,2020,VYS,719,404
12,2020,VYS,759,437
1,2020,ZLK,140,72
2,2020,ZLK,225,118
3,2020,ZLK,315,164
4,2020,ZLK,388,195
5,2020,ZLK,459,223
6,2020,ZLK,545,263
7,2020,ZLK,655,316
8,2020,ZLK,776,372
9,2020,ZLK,848,408
10,2020,ZLK,909,433
11,2020,ZLK,947,455
12,2020,ZLK,981,484
1,2021,HKK,63,7
2,2021,HKK,105,14
3,2021,HKK,137,28
4,2021,HKK,189,192
5,2021,HKK,244,267
6,2021,HKK,302,311
7,2021,HKK,363,366
8,2021,HKK,426,412
9,2021,HKK,504,460
10,2021,HKK,572,508
11,2021,HKK,638,565
12,2021,HKK,677,612
1,2021,JHC,59,15
2,2021,JHC,116,39
3,2021,JHC,184,52
4,2021,JHC,282,259
5,2021,JHC,358,350
6,2021,JHC,463,434
7,2021,JHC,571,506
8,2021,JHC,675,598
9,2021,JHC,781,686
10,2021,JHC,871,766
11,2021,JHC,971,859
12,2021,JHC,1044,931
1,2021,JHM,245,24
2,2021,JHM,410,41
3,2021,JHM,603,79
4,2021,JHM,582,848
5,2021,JHM,803,1076
6,2021,JHM,1035,1310
7,2021,JHM,1333,1561
8,2021,JHM,1649,1915
9,2021,JHM,1931,2262
10,2021,JHM,2183,2645
11,2021,JHM,2427,3017
12,2021,JHM,2623,3296
1,2021,KVK,39,8
2,2021,KVK,80,17
3,2021,KVK,135,29
4,2021,KVK,183,162
5,2021,KVK,219,196
6,2021,KVK,271,228
7,2021,KVK,321,275
8,2021,KVK,399,338
9,2021,KVK,468,407
10,2021,KVK,534,474
11,2021,KVK,601,549
12,2021,KVK,633,599
1,2021,LBK,72,21
2,2021,LBK,144,48
3,2021,LBK,199,59
4,2021,LBK,210,276
5,2021,LBK,279,356
6,2021,LBK,342,431
7,2021,LBK,443,510
8,2021,LBK,545,594
9,2021,LBK,632,664
10,2021,LBK,737,741
11,2021,LBK,840,838
12,2021,LBK,929,938
1,2021,MSK,333,28
2,2021,MSK,549,61
3,2021,MSK,783,95
4,2021,MSK,752,1048
5,2021,MSK,962,1318
6,2021,MSK,1307,1632
7,2021,MSK,1699,1946
8,2021,MSK,2117,2334
9,2021,MSK,2563,2712
10,2021,MSK,2933,3052
11,2021,MSK,3276,3396
12,2021,MSK,3497,3686
1,2021,OLK,101,19
2,2021,OLK,165,28
3,2021,OLK,209,47
4,2021,OLK,276,269
5,2021,OLK,402,358
6,2021,OLK,501,445
7,2021,OLK,643,533
8,2021,OLK,785,627
9,2021,OLK,890,686
10,2021,OLK,1016,747
11,2021,OLK,1112,825
12,2021,OLK,1188,893
1,2021,PAK,66,15
2,2021,PAK,101,27
3,2021,PAK,167,51
4,2021,PAK,199,244
5,2021,PAK,243,301
6,2021,PAK,303,349
7,2021,PAK,371,395
8,2021,PAK,455,452
9,2021,PAK,513,493
10,2021,PAK,573,525
11,2021,PAK,614,556
12,2021,PAK,644,587
1,2021,PHA,826,41
2,2021,PHA,1531,72
3,2021,PHA,2349,98
4,2021,PHA,1489,3145
5,2021,PHA,2012,3954
6,2021,PHA,2752,4780
7,2021,PHA,3647,5670
8,2021,PHA,4590,6699
9,2021,PHA,5540,7601
10,2021,PHA,6443,8441
11,2021,PHA,7192,9217
12,2021,PHA,7861,9937
1,2021,PLK,134,20
2,2021,PLK,283,30
3,2021,PLK,438,53
4,2021,PLK,320,583
5,2021,PLK,447,767
6,2021,PLK,596,936
7,2021,PLK,712,1082
8,2021,PLK,849,1218
9,2021,PLK,959,1342
10,2021,PLK,1072,1476
11,2021,PLK,1173,1631
12,2021,PLK,1302,1775
1,2021,STC,301,28
2,2021,STC,591,56
3,2021,STC,865,96
4,2021,STC,709,1186
5,2021,STC,926,1529
6,2021,STC,1165,1866
7,2021,STC,1447,2258
8,2021,STC,1726,2607
9,2021,STC,1997,2950
10,2021,STC,2249,3314
11,2021,STC,2515,3689
12,2021,STC,2727,4006
1,2021,ULK,220,44
2,2021,ULK,365,75
3,2021,ULK,564,130
4,2021,ULK,642,762
5,2021,ULK,803,949
6,2021,ULK,1038,1132
7,2021,ULK,1287,1365
8,2021,ULK,1548,1605
9,2021,ULK,1827,1882
10,2021,ULK,2054,2104
11,2021,ULK,2255,2313
12,2021,ULK,2386,2533
1,2021,VYS,40,18
2,2021,VYS,67,26
3,2021,VYS,95,46
4,2021,VYS,153,117
5,2021,VYS,204,158
6,2021,VYS,253,198
7,2021,VYS,307,242
8,2021,VYS,344,315
9,2021,VYS,400,360
10,2021,VYS,426,420
11,2021,VYS,471,468
12,2021,VYS,499,508
1,2021,ZLK,31,8
2,2021,ZLK,61,21
3,2021,ZLK,89,25
4,2021,ZLK,172,120
5,2021,ZLK,212,156
6,2021,ZLK,247,194
7,2021,ZLK,303,226
8,2021,ZLK,380,266
9,2021,ZLK,427,309
10,2021,ZLK,494,357
11,2021,ZLK,553,398
12,2021,ZLK,579,447
1,2022,HKK,62,61
2,2022,HKK,139,124
3,2022,HKK,199,177
4,2022,HKK,233,59
5,2022,HKK,321,299
6,2022,HKK,387,366
7,2022,HKK,466,431
8,2022,HKK,556,519
9,2022,HKK,136,434
10,2022,HKK,749,638
11,2022,HKK,872,681
12,2022,HKK,924,732
1,2022,JHC,120,91
2,2022,JHC,210,177
3,2022,JHC,323,248
4,2022,JHC,338,72
5,2022,JHC,540,445
6,2022,JHC,661,553
7,2022,JHC,798,679
8,2022,JHC,947,811
9,2022,JHC,154,689
10,2022,JHC,1196,1011
11,2022,JHC,1300,1107
12,2022,JHC,1365,1200
1,2022,JHM,256,361
2,2022,JHM,511,696
3,2022,JHM,735,1023
4,2022,JHM,1369,134
5,2022,JHM,1211,1659
6,2022,JHM,1510,1932
7,2022,JHM,1778,2218
8,2022,JHM,2084,2531
9,2022,JHM,305,1016
10,2022,JHM,2620,3291
11,2022,JHM,2943,3591
12,2022,JHM,3259,3829
1,2022,KVK,63,82
2,2022,KVK,109,145
3,2022,KVK,163,208
4,2022,KVK,265,24
5,2022,KVK,274,331
6,2022,KVK,338,399
7,2022,KVK,412,472
8,2022,KVK,492,560
9,2022,KVK,67,324
10,2022,KVK,634,755
11,2022,KVK,707,856
12,2022,KVK,753,946
1,2022,LBK,107,90
2,2022,LBK,172,197
3,2022,LBK,301,313
4,2022,LBK,421,82
5,2022,LBK,588,548
6,2022,LBK,702,669
7,2022,LBK,843,793
8,2022,LBK,993,929
9,2022,LBK,143,554
10,2022,LBK,1284,1206
11,2022,LBK,1415,1368
12,2022,LBK,1538,1500
1,2022,MSK,416,373
2,2022,MSK,767,704
3,2022,MSK,1161,1115
4,2022,MSK,1512,134
5,2022,MSK,1997,1854
6,2022,MSK,2441,2184
7,2022,MSK,2868,2520
8,2022,MSK,3309,2876
9,2022,MSK,287,1375
10,2022,MSK,4165,3671
11,2022,MSK,4528,4100
12,2022,MSK,4775,4475
1,2022,OLK,149,59
2,2022,OLK,248,122
3,2022,OLK,356,216
4,2022,OLK,301,68
5,2022,OLK,590,403
6,2022,OLK,701,484
7,2022,OLK,830,591
8,2022,OLK,960,691
9,2022,OLK,135,652
10,2022,OLK,1205,882
11,2022,OLK,1355,982
12,2022,OLK,1451,1095
1,2022,PAK,66,40
2,2022,PAK,124,85
3,2022,PAK,184,134
4,2022,PAK,177,58
5,2022,PAK,325,217
6,2022,PAK,387,278
7,2022,PAK,459,313
8,2022,PAK,534,375
9,2022,PAK,115,265
10,2022,PAK,687,513
11,2022,PAK,747,555
12,2022,PAK,766,603
1,2022,PHA,746,737
2,2022,PHA,1393,1409
3,2022,PHA,2197,2110
4,2022,PHA,2903,188
5,2022,PHA,3882,3707
6,2022,PHA,4747,4467
7,2022,PHA,5722,5291
8,2022,PHA,6725,6034
9,2022,PHA,365,1434
10,2022,PHA,8546,7534
11,2022,PHA,9417,8272
12,2022,PHA,10282,9020
1,2022,PLK,157,164
2,2022,PLK,289,332
3,2022,PLK,436,493
4,2022,PLK,685,73
5,2022,PLK,717,890
6,2022,PLK,881,1098
7,2022,PLK,1085,1314
8,2022,PLK,1258,1481
9,2022,PLK,148,546
10,2022,PLK,1572,1832
11,2022,PLK,1731,2012
12,2022,PLK,1840,2198
1,2022,STC,238,323
2,2022,STC,466,657
3,2022,STC,682,1007
4,2022,STC,1333,133
5,2022,STC,1240,1679
6,2022,STC,1502,1983
7,2022,STC,1776,2346
8,2022,STC,2065,2717
9,2022,STC,255,1033
10,2022,STC,2581,3397
11,2022,STC,2847,3728
12,2022,STC,3076,4144
1,2022,ULK,288,243
2,2022,ULK,526,475
3,2022,ULK,790,714
4,2022,ULK,951,188
5,2022,ULK,1284,1174
6,2022,ULK,1503,1394
7,2022,ULK,1771,1611
8,2022,ULK,2049,1855
9,2022,ULK,344,1160
10,2022,ULK,2522,2304
11,2022,ULK,2761,2537
12,2022,ULK,2907,2755
1,2022,VYS,63,47
2,2022,VYS,108,95
3,2022,VYS,159,159
4,2022,VYS,221,55
5,2022,VYS,255,257
6,2022,VYS,320,289
7,2022,VYS,382,361
8,2022,VYS,470,414
9,2022,VYS,115,398
10,2022,VYS,581,521
11,2022,VYS,643,580
12,2022,VYS,665,628
1,2022,ZLK,72,47
2,2022,ZLK,134,93
3,2022,ZLK,179,146
4,2022,ZLK,197,53
5,2022,ZLK,310,253
6,2022,ZLK,381,310
7,2022,ZLK,472,360
8,2022,ZLK,545,419
9,2022,ZLK,107,452
10,2022,ZLK,689,534
11,2022,ZLK,759,593
12,2022,ZLK,803,625
1,2023,HKK,109,50
2,2023,HKK,179,99
3,2023,HKK,56,154
4,2023,HKK,401,229
5,2023,HKK,517,306
6,2023,HKK,602,380
7,2023,HKK,707,444
8,2023,HKK,809,497
9,2023,HKK,894,559
10,2023,HKK,641,140
1,2023,JHC,142,116
2,2023,JHC,229,234
3,2023,JHC,64,266
4,2023,JHC,440,442
5,2023,JHC,565,529
6,2023,JHC,694,615
7,2023,JHC,815,707
8,2023,JHC,938,804
9,2023,JHC,1031,882
10,2023,JHC,976,208
1,2023,JHM,363,294
2,2023,JHM,631,526
3,2023,JHM,82,376
4,2023,JHM,1177,993
5,2023,JHM,1483,1258
6,2023,JHM,1839,1466
7,2023,JHM,2186,1687
8,2023,JHM,2531,1937
9,2023,JHM,2829,2157
10,2023,JHM,2372,242
1,2023,KVK,112,95
2,2023,KVK,184,160
3,2023,KVK,27,108
4,2023,KVK,323,287
5,2023,KVK,397,358
6,2023,KVK,462,426
7,2023,KVK,568,522
8,2023,KVK,648,616
9,2023,KVK,746,685
10,2023,KVK,750,76
1,2023,LBK,170,129
2,2023,LBK,260,211
3,2023,LBK,60,184
4,2023,LBK,496,467
5,2023,LBK,633,580
6,2023,LBK,722,693
7,2023,LBK,848,794
8,2023,LBK,970,898
9,2023,LBK,1054,983
10,2023,LBK,1072,138
1,2023,MSK,505,426
2,2023,MSK,857,798
3,2023,MSK,96,474
4,2023,MSK,1664,1542
5,2023,MSK,2090,1971
6,2023,MSK,2496,2291
7,2023,MSK,2848,2638
8,2023,MSK,3255,3022
9,2023,MSK,3663,3310
10,2023,MSK,3587,279
1,2023,OLK,134,133
2,2023,OLK,278,211
3,2023,OLK,41,235
4,2023,OLK,558,402
5,2023,OLK,678,481
6,2023,OLK,817,562
7,2023,OLK,922,628
8,2023,OLK,1086,693
9,2023,OLK,1229,757
10,2023,OLK,815,121
1,2023,PAK,78,52
2,2023,PAK,141,94
3,2023,PAK,38,123
4,2023,PAK,261,166
5,2023,PAK,323,191
6,2023,PAK,376,210
7,2023,PAK,440,246
8,2023,PAK,534,283
9,2023,PAK,600,324
10,2023,PAK,362,99
1,2023,PHA,849,910
2,2023,PHA,1614,1707
3,2023,PHA,125,475
4,2023,PHA,3189,3266
5,2023,PHA,4060,4069
6,2023,PHA,4976,4923
7,2023,PHA,5973,5737
8,2023,PHA,6972,6427
9,2023,PHA,7874,7134
10,2023,PHA,7893,381
1,2023,PLK,161,218
2,2023,PLK,283,331
3,2023,PLK,40,185
4,2023,PLK,562,638
5,2023,PLK,719,779
6,2023,PLK,820,877
7,2023,PLK,958,975
8,2023,PLK,1098,1110
9,2023,PLK,1243,1240
10,2023,PLK,1365,161
1,2023,STC,281,470
2,2023,STC,529,884
3,2023,STC,83,421
4,2023,STC,1021,1689
5,2023,STC,1314,2052
6,2023,STC,1569,2337
7,2023,STC,1841,2607
8,2023,STC,2113,2903
9,2023,STC,2375,3157
10,2023,STC,3440,270
1,2023,ULK,329,230
2,2023,ULK,596,450
3,2023,ULK,142,399
4,2023,ULK,1069,861
5,2023,ULK,1281,1060
6,2023,ULK,1464,1240
7,2023,ULK,1703,1443
8,2023,ULK,1932,1627
9,2023,ULK,2175,1827
10,2023,ULK,2040,407
1,2023,VYS,68,34
2,2023,VYS,143,77
3,2023,VYS,42,160
4,2023,VYS,291,167
5,2023,VYS,338,213
6,2023,VYS,408,243
7,2023,VYS,455,300
8,2023,VYS,535,344
9,2023,VYS,597,383
10,2023,VYS,432,129
1,2023,ZLK,136,64
2,2023,ZLK,210,112
3,2023,ZLK,50,176
4,2023,ZLK,366,221
5,2023,ZLK,437,271
6,2023,ZLK,505,322
7,2023,ZLK,600,370
8,2023,ZLK,706,400
9,2023,ZLK,773,457
10,2023,ZLK,492,124
