month,year,kraj,avg_monthly_salary
1,2000,HKK,10963
2,2000,HKK,10963
3,2000,HKK,10963
4,2000,HKK,12169
5,2000,HKK,12169
6,2000,HKK,12169
7,2000,HKK,12024
8,2000,HKK,12024
9,2000,HKK,12024
10,2000,HKK,13511
11,2000,HKK,13511
12,2000,HKK,13511
1,2000,JHC,11058
2,2000,JHC,11058
3,2000,JHC,11058
4,2000,JHC,12302
5,2000,JHC,12302
6,2000,JHC,12302
7,2000,JHC,12100
8,2000,JHC,12100
9,2000,JHC,12100
10,2000,JHC,13698
11,2000,JHC,13698
12,2000,JHC,13698
1,2000,JHM,11205
2,2000,JHM,11205
3,2000,JHM,11205
4,2000,JHM,12331
5,2000,JHM,12331
6,2000,JHM,12331
7,2000,JHM,12172
8,2000,JHM,12172
9,2000,JHM,12172
10,2000,JHM,13765
11,2000,JHM,13765
12,2000,JHM,13765
1,2000,KVK,10710
2,2000,KVK,10710
3,2000,KVK,10710
4,2000,KVK,11827
5,2000,KVK,11827
6,2000,KVK,11827
7,2000,KVK,11644
8,2000,KVK,11644
9,2000,KVK,11644
10,2000,KVK,13248
11,2000,KVK,13248
12,2000,KVK,13248
1,2000,LBK,11084
2,2000,LBK,11084
3,2000,LBK,11084
4,2000,LBK,12211
5,2000,LBK,12211
6,2000,LBK,12211
7,2000,LBK,12011
8,2000,LBK,12011
9,2000,LBK,12011
10,2000,LBK,13399
11,2000,LBK,13399
12,2000,LBK,13399
1,2000,MSK,11387
2,2000,MSK,11387
3,2000,MSK,11387
4,2000,MSK,12637
5,2000,MSK,12637
6,2000,MSK,12637
7,2000,MSK,12468
8,2000,MSK,12468
9,2000,MSK,12468
10,2000,MSK,14132
11,2000,MSK,14132
12,2000,MSK,14132
1,2000,OLK,10619
2,2000,OLK,10619
3,2000,OLK,10619
4,2000,OLK,11692
5,2000,OLK,11692
6,2000,OLK,11692
7,2000,OLK,11614
8,2000,OLK,11614
9,2000,OLK,11614
10,2000,OLK,13027
11,2000,OLK,13027
12,2000,OLK,13027
1,2000,PAK,10780
2,2000,PAK,10780
3,2000,PAK,10780
4,2000,PAK,11868
5,2000,PAK,11868
6,2000,PAK,11868
7,2000,PAK,11711
8,2000,PAK,11711
9,2000,PAK,11711
10,2000,PAK,13095
11,2000,PAK,13095
12,2000,PAK,13095
1,2000,PHA,15700
2,2000,PHA,15700
3,2000,PHA,15700
4,2000,PHA,17457
5,2000,PHA,17457
6,2000,PHA,17457
7,2000,PHA,16891
8,2000,PHA,16891
9,2000,PHA,16891
10,2000,PHA,19602
11,2000,PHA,19602
12,2000,PHA,19602
1,2000,PLK,11421
2,2000,PLK,11421
3,2000,PLK,11421
4,2000,PLK,12570
5,2000,PLK,12570
6,2000,PLK,12570
7,2000,PLK,12399
8,2000,PLK,12399
9,2000,PLK,12399
10,2000,PLK,14025
11,2000,PLK,14025
12,2000,PLK,14025
1,2000,STC,11740
2,2000,STC,11740
3,2000,STC,11740
4,2000,STC,12982
5,2000,STC,12982
6,2000,STC,12982
7,2000,STC,12640
8,2000,STC,12640
9,2000,STC,12640
10,2000,STC,14249
11,2000,STC,14249
12,2000,STC,14249
1,2000,ULK,11211
2,2000,ULK,11211
3,2000,ULK,11211
4,2000,ULK,12445
5,2000,ULK,12445
6,2000,ULK,12445
7,2000,ULK,12173
8,2000,ULK,12173
9,2000,ULK,12173
10,2000,ULK,13717
11,2000,ULK,13717
12,2000,ULK,13717
1,2000,VYS,10429
2,2000,VYS,10429
3,2000,VYS,10429
4,2000,VYS,11688
5,2000,VYS,11688
6,2000,VYS,11688
7,2000,VYS,11540
8,2000,VYS,11540
9,2000,VYS,11540
10,2000,VYS,12930
11,2000,VYS,12930
12,2000,VYS,12930
1,2000,ZLK,10746
2,2000,ZLK,10746
3,2000,ZLK,10746
4,2000,ZLK,11929
5,2000,ZLK,11929
6,2000,ZLK,11929
7,2000,ZLK,11810
8,2000,ZLK,11810
9,2000,ZLK,11810
10,2000,ZLK,13190
11,2000,ZLK,13190
12,2000,ZLK,13190
1,2001,HKK,12153
2,2001,HKK,12153
3,2001,HKK,12153
4,2001,HKK,13490
5,2001,HKK,13490
6,2001,HKK,13490
7,2001,HKK,13239
8,2001,HKK,13239
9,2001,HKK,13239
10,2001,HKK,14708
11,2001,HKK,14708
12,2001,HKK,14708
1,2001,JHC,12058
2,2001,JHC,12058
3,2001,JHC,12058
4,2001,JHC,13415
5,2001,JHC,13415
6,2001,JHC,13415
7,2001,JHC,13068
8,2001,JHC,13068
9,2001,JHC,13068
10,2001,JHC,14828
11,2001,JHC,14828
12,2001,JHC,14828
1,2001,JHM,12343
2,2001,JHM,12343
3,2001,JHM,12343
4,2001,JHM,13553
5,2001,JHM,13553
6,2001,JHM,13553
7,2001,JHM,13372
8,2001,JHM,13372
9,2001,JHM,13372
10,2001,JHM,15082
11,2001,JHM,15082
12,2001,JHM,15082
1,2001,KVK,11630
2,2001,KVK,11630
3,2001,KVK,11630
4,2001,KVK,12774
5,2001,KVK,12774
6,2001,KVK,12774
7,2001,KVK,12643
8,2001,KVK,12643
9,2001,KVK,12643
10,2001,KVK,14244
11,2001,KVK,14244
12,2001,KVK,14244
1,2001,LBK,12179
2,2001,LBK,12179
3,2001,LBK,12179
4,2001,LBK,13204
5,2001,LBK,13204
6,2001,LBK,13204
7,2001,LBK,13043
8,2001,LBK,13043
9,2001,LBK,13043
10,2001,LBK,14432
11,2001,LBK,14432
12,2001,LBK,14432
1,2001,MSK,12582
2,2001,MSK,12582
3,2001,MSK,12582
4,2001,MSK,13988
5,2001,MSK,13988
6,2001,MSK,13988
7,2001,MSK,13660
8,2001,MSK,13660
9,2001,MSK,13660
10,2001,MSK,15353
11,2001,MSK,15353
12,2001,MSK,15353
1,2001,OLK,11627
2,2001,OLK,11627
3,2001,OLK,11627
4,2001,OLK,12790
5,2001,OLK,12790
6,2001,OLK,12790
7,2001,OLK,12711
8,2001,OLK,12711
9,2001,OLK,12711
10,2001,OLK,14211
11,2001,OLK,14211
12,2001,OLK,14211
1,2001,PAK,11707
2,2001,PAK,11707
3,2001,PAK,11707
4,2001,PAK,12947
5,2001,PAK,12947
6,2001,PAK,12947
7,2001,PAK,12857
8,2001,PAK,12857
9,2001,PAK,12857
10,2001,PAK,14278
11,2001,PAK,14278
12,2001,PAK,14278
1,2001,PHA,17411
2,2001,PHA,17411
3,2001,PHA,17411
4,2001,PHA,19103
5,2001,PHA,19103
6,2001,PHA,19103
7,2001,PHA,18713
8,2001,PHA,18713
9,2001,PHA,18713
10,2001,PHA,21437
11,2001,PHA,21437
12,2001,PHA,21437
1,2001,PLK,12645
2,2001,PLK,12645
3,2001,PLK,12645
4,2001,PLK,13994
5,2001,PLK,13994
6,2001,PLK,13994
7,2001,PLK,13707
8,2001,PLK,13707
9,2001,PLK,13707
10,2001,PLK,15354
11,2001,PLK,15354
12,2001,PLK,15354
1,2001,STC,12699
2,2001,STC,12699
3,2001,STC,12699
4,2001,STC,14035
5,2001,STC,14035
6,2001,STC,14035
7,2001,STC,13730
8,2001,STC,13730
9,2001,STC,13730
10,2001,STC,15329
11,2001,STC,15329
12,2001,STC,15329
1,2001,ULK,12310
2,2001,ULK,12310
3,2001,ULK,12310
4,2001,ULK,13604
5,2001,ULK,13604
6,2001,ULK,13604
7,2001,ULK,13184
8,2001,ULK,13184
9,2001,ULK,13184
10,2001,ULK,14886
11,2001,ULK,14886
12,2001,ULK,14886
1,2001,VYS,11561
2,2001,VYS,11561
3,2001,VYS,11561
4,2001,VYS,12832
5,2001,VYS,12832
6,2001,VYS,12832
7,2001,VYS,12690
8,2001,VYS,12690
9,2001,VYS,12690
10,2001,VYS,14125
11,2001,VYS,14125
12,2001,VYS,14125
1,2001,ZLK,11810
2,2001,ZLK,11810
3,2001,ZLK,11810
4,2001,ZLK,12993
5,2001,ZLK,12993
6,2001,ZLK,12993
7,2001,ZLK,12802
8,2001,ZLK,12802
9,2001,ZLK,12802
10,2001,ZLK,14214
11,2001,ZLK,14214
12,2001,ZLK,14214
1,2002,HKK,12927
2,2002,HKK,12927
3,2002,HKK,12927
4,2002,HKK,14363
5,2002,HKK,14363
6,2002,HKK,14363
7,2002,HKK,14051
8,2002,HKK,14051
9,2002,HKK,14051
10,2002,HKK,15540
11,2002,HKK,15540
12,2002,HKK,15540
1,2002,JHC,12937
2,2002,JHC,12937
3,2002,JHC,12937
4,2002,JHC,14554
5,2002,JHC,14554
6,2002,JHC,14554
7,2002,JHC,14165
8,2002,JHC,14165
9,2002,JHC,14165
10,2002,JHC,16031
11,2002,JHC,16031
12,2002,JHC,16031
1,2002,JHM,13210
2,2002,JHM,13210
3,2002,JHM,13210
4,2002,JHM,14666
5,2002,JHM,14666
6,2002,JHM,14666
7,2002,JHM,14386
8,2002,JHM,14386
9,2002,JHM,14386
10,2002,JHM,16264
11,2002,JHM,16264
12,2002,JHM,16264
1,2002,KVK,12643
2,2002,KVK,12643
3,2002,KVK,12643
4,2002,KVK,13964
5,2002,KVK,13964
6,2002,KVK,13964
7,2002,KVK,13700
8,2002,KVK,13700
9,2002,KVK,13700
10,2002,KVK,15296
11,2002,KVK,15296
12,2002,KVK,15296
1,2002,LBK,12924
2,2002,LBK,12924
3,2002,LBK,12924
4,2002,LBK,14069
5,2002,LBK,14069
6,2002,LBK,14069
7,2002,LBK,14031
8,2002,LBK,14031
9,2002,LBK,14031
10,2002,LBK,15433
11,2002,LBK,15433
12,2002,LBK,15433
1,2002,MSK,13417
2,2002,MSK,13417
3,2002,MSK,13417
4,2002,MSK,15020
5,2002,MSK,15020
6,2002,MSK,15020
7,2002,MSK,14592
8,2002,MSK,14592
9,2002,MSK,14592
10,2002,MSK,16446
11,2002,MSK,16446
12,2002,MSK,16446
1,2002,OLK,12446
2,2002,OLK,12446
3,2002,OLK,12446
4,2002,OLK,13877
5,2002,OLK,13877
6,2002,OLK,13877
7,2002,OLK,13685
8,2002,OLK,13685
9,2002,OLK,13685
10,2002,OLK,15315
11,2002,OLK,15315
12,2002,OLK,15315
1,2002,PAK,12577
2,2002,PAK,12577
3,2002,PAK,12577
4,2002,PAK,13815
5,2002,PAK,13815
6,2002,PAK,13815
7,2002,PAK,13742
8,2002,PAK,13742
9,2002,PAK,13742
10,2002,PAK,15363
11,2002,PAK,15363
12,2002,PAK,15363
1,2002,PHA,19022
2,2002,PHA,19022
3,2002,PHA,19022
4,2002,PHA,20862
5,2002,PHA,20862
6,2002,PHA,20862
7,2002,PHA,20321
8,2002,PHA,20321
9,2002,PHA,20321
10,2002,PHA,23028
11,2002,PHA,23028
12,2002,PHA,23028
1,2002,PLK,13380
2,2002,PLK,13380
3,2002,PLK,13380
4,2002,PLK,14978
5,2002,PLK,14978
6,2002,PLK,14978
7,2002,PLK,14594
8,2002,PLK,14594
9,2002,PLK,14594
10,2002,PLK,16327
11,2002,PLK,16327
12,2002,PLK,16327
1,2002,STC,13839
2,2002,STC,13839
3,2002,STC,13839
4,2002,STC,15282
5,2002,STC,15282
6,2002,STC,15282
7,2002,STC,14949
8,2002,STC,14949
9,2002,STC,14949
10,2002,STC,16637
11,2002,STC,16637
12,2002,STC,16637
1,2002,ULK,13176
2,2002,ULK,13176
3,2002,ULK,13176
4,2002,ULK,14685
5,2002,ULK,14685
6,2002,ULK,14685
7,2002,ULK,14280
8,2002,ULK,14280
9,2002,ULK,14280
10,2002,ULK,15967
11,2002,ULK,15967
12,2002,ULK,15967
1,2002,VYS,12525
2,2002,VYS,12525
3,2002,VYS,12525
4,2002,VYS,13880
5,2002,VYS,13880
6,2002,VYS,13880
7,2002,VYS,13709
8,2002,VYS,13709
9,2002,VYS,13709
10,2002,VYS,15042
11,2002,VYS,15042
12,2002,VYS,15042
1,2002,ZLK,12618
2,2002,ZLK,12618
3,2002,ZLK,12618
4,2002,ZLK,13969
5,2002,ZLK,13969
6,2002,ZLK,13969
7,2002,ZLK,13853
8,2002,ZLK,13853
9,2002,ZLK,13853
10,2002,ZLK,15308
11,2002,ZLK,15308
12,2002,ZLK,15308
1,2003,HKK,13748
2,2003,HKK,13748
3,2003,HKK,13748
4,2003,HKK,15159
5,2003,HKK,15159
6,2003,HKK,15159
7,2003,HKK,14817
8,2003,HKK,14817
9,2003,HKK,14817
10,2003,HKK,16489
11,2003,HKK,16489
12,2003,HKK,16489
1,2003,JHC,13649
2,2003,JHC,13649
3,2003,JHC,13649
4,2003,JHC,15266
5,2003,JHC,15266
6,2003,JHC,15266
7,2003,JHC,14779
8,2003,JHC,14779
9,2003,JHC,14779
10,2003,JHC,16737
11,2003,JHC,16737
12,2003,JHC,16737
1,2003,JHM,14070
2,2003,JHM,14070
3,2003,JHM,14070
4,2003,JHM,15639
5,2003,JHM,15639
6,2003,JHM,15639
7,2003,JHM,15233
8,2003,JHM,15233
9,2003,JHM,15233
10,2003,JHM,17213
11,2003,JHM,17213
12,2003,JHM,17213
1,2003,KVK,13312
2,2003,KVK,13312
3,2003,KVK,13312
4,2003,KVK,14545
5,2003,KVK,14545
6,2003,KVK,14545
7,2003,KVK,14333
8,2003,KVK,14333
9,2003,KVK,14333
10,2003,KVK,16060
11,2003,KVK,16060
12,2003,KVK,16060
1,2003,LBK,13823
2,2003,LBK,13823
3,2003,LBK,13823
4,2003,LBK,14954
5,2003,LBK,14954
6,2003,LBK,14954
7,2003,LBK,14759
8,2003,LBK,14759
9,2003,LBK,14759
10,2003,LBK,16305
11,2003,LBK,16305
12,2003,LBK,16305
1,2003,MSK,14198
2,2003,MSK,14198
3,2003,MSK,14198
4,2003,MSK,15876
5,2003,MSK,15876
6,2003,MSK,15876
7,2003,MSK,15356
8,2003,MSK,15356
9,2003,MSK,15356
10,2003,MSK,17487
11,2003,MSK,17487
12,2003,MSK,17487
1,2003,OLK,13275
2,2003,OLK,13275
3,2003,OLK,13275
4,2003,OLK,14738
5,2003,OLK,14738
6,2003,OLK,14738
7,2003,OLK,14394
8,2003,OLK,14394
9,2003,OLK,14394
10,2003,OLK,16057
11,2003,OLK,16057
12,2003,OLK,16057
1,2003,PAK,13478
2,2003,PAK,13478
3,2003,PAK,13478
4,2003,PAK,14800
5,2003,PAK,14800
6,2003,PAK,14800
7,2003,PAK,14631
8,2003,PAK,14631
9,2003,PAK,14631
10,2003,PAK,16458
11,2003,PAK,16458
12,2003,PAK,16458
1,2003,PHA,20331
2,2003,PHA,20331
3,2003,PHA,20331
4,2003,PHA,22125
5,2003,PHA,22125
6,2003,PHA,22125
7,2003,PHA,21445
8,2003,PHA,21445
9,2003,PHA,21445
10,2003,PHA,24130
11,2003,PHA,24130
12,2003,PHA,24130
1,2003,PLK,14298
2,2003,PLK,14298
3,2003,PLK,14298
4,2003,PLK,15857
5,2003,PLK,15857
6,2003,PLK,15857
7,2003,PLK,15410
8,2003,PLK,15410
9,2003,PLK,15410
10,2003,PLK,17347
11,2003,PLK,17347
12,2003,PLK,17347
1,2003,STC,14731
2,2003,STC,14731
3,2003,STC,14731
4,2003,STC,16237
5,2003,STC,16237
6,2003,STC,16237
7,2003,STC,15751
8,2003,STC,15751
9,2003,STC,15751
10,2003,STC,17610
11,2003,STC,17610
12,2003,STC,17610
1,2003,ULK,14011
2,2003,ULK,14011
3,2003,ULK,14011
4,2003,ULK,15401
5,2003,ULK,15401
6,2003,ULK,15401
7,2003,ULK,14971
8,2003,ULK,14971
9,2003,ULK,14971
10,2003,ULK,16842
11,2003,ULK,16842
12,2003,ULK,16842
1,2003,VYS,13195
2,2003,VYS,13195
3,2003,VYS,13195
4,2003,VYS,14770
5,2003,VYS,14770
6,2003,VYS,14770
7,2003,VYS,14440
8,2003,VYS,14440
9,2003,VYS,14440
10,2003,VYS,16159
11,2003,VYS,16159
12,2003,VYS,16159
1,2003,ZLK,13221
2,2003,ZLK,13221
3,2003,ZLK,13221
4,2003,ZLK,14618
5,2003,ZLK,14618
6,2003,ZLK,14618
7,2003,ZLK,14384
8,2003,ZLK,14384
9,2003,ZLK,14384
10,2003,ZLK,15993
11,2003,ZLK,15993
12,2003,ZLK,15993
1,2004,HKK,14932
2,2004,HKK,14932
3,2004,HKK,14932
4,2004,HKK,15843
5,2004,HKK,15843
6,2004,HKK,15843
7,2004,HKK,15890
8,2004,HKK,15890
9,2004,HKK,15890
10,2004,HKK,17581
11,2004,HKK,17581
12,2004,HKK,17581
1,2004,JHC,14674
2,2004,JHC,14674
3,2004,JHC,14674
4,2004,JHC,15783
5,2004,JHC,15783
6,2004,JHC,15783
7,2004,JHC,15712
8,2004,JHC,15712
9,2004,JHC,15712
10,2004,JHC,17500
11,2004,JHC,17500
12,2004,JHC,17500
1,2004,JHM,15353
2,2004,JHM,15353
3,2004,JHM,15353
4,2004,JHM,16288
5,2004,JHM,16288
6,2004,JHM,16288
7,2004,JHM,16346
8,2004,JHM,16346
9,2004,JHM,16346
10,2004,JHM,18357
11,2004,JHM,18357
12,2004,JHM,18357
1,2004,KVK,14232
2,2004,KVK,14232
3,2004,KVK,14232
4,2004,KVK,15102
5,2004,KVK,15102
6,2004,KVK,15102
7,2004,KVK,15138
8,2004,KVK,15138
9,2004,KVK,15138
10,2004,KVK,17025
11,2004,KVK,17025
12,2004,KVK,17025
1,2004,LBK,14873
2,2004,LBK,14873
3,2004,LBK,14873
4,2004,LBK,15609
5,2004,LBK,15609
6,2004,LBK,15609
7,2004,LBK,15723
8,2004,LBK,15723
9,2004,LBK,15723
10,2004,LBK,17054
11,2004,LBK,17054
12,2004,LBK,17054
1,2004,MSK,15346
2,2004,MSK,15346
3,2004,MSK,15346
4,2004,MSK,16451
5,2004,MSK,16451
6,2004,MSK,16451
7,2004,MSK,16362
8,2004,MSK,16362
9,2004,MSK,16362
10,2004,MSK,18385
11,2004,MSK,18385
12,2004,MSK,18385
1,2004,OLK,14502
2,2004,OLK,14502
3,2004,OLK,14502
4,2004,OLK,15401
5,2004,OLK,15401
6,2004,OLK,15401
7,2004,OLK,15510
8,2004,OLK,15510
9,2004,OLK,15510
10,2004,OLK,17273
11,2004,OLK,17273
12,2004,OLK,17273
1,2004,PAK,14647
2,2004,PAK,14647
3,2004,PAK,14647
4,2004,PAK,15449
5,2004,PAK,15449
6,2004,PAK,15449
7,2004,PAK,15602
8,2004,PAK,15602
9,2004,PAK,15602
10,2004,PAK,17301
11,2004,PAK,17301
12,2004,PAK,17301
1,2004,PHA,21635
2,2004,PHA,21635
3,2004,PHA,21635
4,2004,PHA,22749
5,2004,PHA,22749
6,2004,PHA,22749
7,2004,PHA,22640
8,2004,PHA,22640
9,2004,PHA,22640
10,2004,PHA,25437
11,2004,PHA,25437
12,2004,PHA,25437
1,2004,PLK,15480
2,2004,PLK,15480
3,2004,PLK,15480
4,2004,PLK,16598
5,2004,PLK,16598
6,2004,PLK,16598
7,2004,PLK,16473
8,2004,PLK,16473
9,2004,PLK,16473
10,2004,PLK,18223
11,2004,PLK,18223
12,2004,PLK,18223
1,2004,STC,15956
2,2004,STC,15956
3,2004,STC,15956
4,2004,STC,17101
5,2004,STC,17101
6,2004,STC,17101
7,2004,STC,16923
8,2004,STC,16923
9,2004,STC,16923
10,2004,STC,18662
11,2004,STC,18662
12,2004,STC,18662
1,2004,ULK,15085
2,2004,ULK,15085
3,2004,ULK,15085
4,2004,ULK,16011
5,2004,ULK,16011
6,2004,ULK,16011
7,2004,ULK,15974
8,2004,ULK,15974
9,2004,ULK,15974
10,2004,ULK,17872
11,2004,ULK,17872
12,2004,ULK,17872
1,2004,VYS,14408
2,2004,VYS,14408
3,2004,VYS,14408
4,2004,VYS,15418
5,2004,VYS,15418
6,2004,VYS,15418
7,2004,VYS,15530
8,2004,VYS,15530
9,2004,VYS,15530
10,2004,VYS,17122
11,2004,VYS,17122
12,2004,VYS,17122
1,2004,ZLK,14448
2,2004,ZLK,14448
3,2004,ZLK,14448
4,2004,ZLK,15317
5,2004,ZLK,15317
6,2004,ZLK,15317
7,2004,ZLK,15323
8,2004,ZLK,15323
9,2004,ZLK,15323
10,2004,ZLK,16993
11,2004,ZLK,16993
12,2004,ZLK,16993
1,2005,HKK,15641
2,2005,HKK,15641
3,2005,HKK,15641
4,2005,HKK,16556
5,2005,HKK,16556
6,2005,HKK,16556
7,2005,HKK,16770
8,2005,HKK,16770
9,2005,HKK,16770
10,2005,HKK,18204
11,2005,HKK,18204
12,2005,HKK,18204
1,2005,JHC,15492
2,2005,JHC,15492
3,2005,JHC,15492
4,2005,JHC,16738
5,2005,JHC,16738
6,2005,JHC,16738
7,2005,JHC,16780
8,2005,JHC,16780
9,2005,JHC,16780
10,2005,JHC,18379
11,2005,JHC,18379
12,2005,JHC,18379
1,2005,JHM,16038
2,2005,JHM,16038
3,2005,JHM,16038
4,2005,JHM,17110
5,2005,JHM,17110
6,2005,JHM,17110
7,2005,JHM,17262
8,2005,JHM,17262
9,2005,JHM,17262
10,2005,JHM,19161
11,2005,JHM,19161
12,2005,JHM,19161
1,2005,KVK,15028
2,2005,KVK,15028
3,2005,KVK,15028
4,2005,KVK,15870
5,2005,KVK,15870
6,2005,KVK,15870
7,2005,KVK,16084
8,2005,KVK,16084
9,2005,KVK,16084
10,2005,KVK,17456
11,2005,KVK,17456
12,2005,KVK,17456
1,2005,LBK,15635
2,2005,LBK,15635
3,2005,LBK,15635
4,2005,LBK,16384
5,2005,LBK,16384
6,2005,LBK,16384
7,2005,LBK,16751
8,2005,LBK,16751
9,2005,LBK,16751
10,2005,LBK,17973
11,2005,LBK,17973
12,2005,LBK,17973
1,2005,MSK,16014
2,2005,MSK,16014
3,2005,MSK,16014
4,2005,MSK,17341
5,2005,MSK,17341
6,2005,MSK,17341
7,2005,MSK,17308
8,2005,MSK,17308
9,2005,MSK,17308
10,2005,MSK,19225
11,2005,MSK,19225
12,2005,MSK,19225
1,2005,OLK,15136
2,2005,OLK,15136
3,2005,OLK,15136
4,2005,OLK,16057
5,2005,OLK,16057
6,2005,OLK,16057
7,2005,OLK,16331
8,2005,OLK,16331
9,2005,OLK,16331
10,2005,OLK,17711
11,2005,OLK,17711
12,2005,OLK,17711
1,2005,PAK,15155
2,2005,PAK,15155
3,2005,PAK,15155
4,2005,PAK,16150
5,2005,PAK,16150
6,2005,PAK,16150
7,2005,PAK,16419
8,2005,PAK,16419
9,2005,PAK,16419
10,2005,PAK,17948
11,2005,PAK,17948
12,2005,PAK,17948
1,2005,PHA,23104
2,2005,PHA,23104
3,2005,PHA,23104
4,2005,PHA,23985
5,2005,PHA,23985
6,2005,PHA,23985
7,2005,PHA,23943
8,2005,PHA,23943
9,2005,PHA,23943
10,2005,PHA,26377
11,2005,PHA,26377
12,2005,PHA,26377
1,2005,PLK,15965
2,2005,PLK,15965
3,2005,PLK,15965
4,2005,PLK,17280
5,2005,PLK,17280
6,2005,PLK,17280
7,2005,PLK,17444
8,2005,PLK,17444
9,2005,PLK,17444
10,2005,PLK,18899
11,2005,PLK,18899
12,2005,PLK,18899
1,2005,STC,16653
2,2005,STC,16653
3,2005,STC,16653
4,2005,STC,17817
5,2005,STC,17817
6,2005,STC,17817
7,2005,STC,17806
8,2005,STC,17806
9,2005,STC,17806
10,2005,STC,19401
11,2005,STC,19401
12,2005,STC,19401
1,2005,ULK,15967
2,2005,ULK,15967
3,2005,ULK,15967
4,2005,ULK,16808
5,2005,ULK,16808
6,2005,ULK,16808
7,2005,ULK,16924
8,2005,ULK,16924
9,2005,ULK,16924
10,2005,ULK,18444
11,2005,ULK,18444
12,2005,ULK,18444
1,2005,VYS,15033
2,2005,VYS,15033
3,2005,VYS,15033
4,2005,VYS,16200
5,2005,VYS,16200
6,2005,VYS,16200
7,2005,VYS,16352
8,2005,VYS,16352
9,2005,VYS,16352
10,2005,VYS,17752
11,2005,VYS,17752
12,2005,VYS,17752
1,2005,ZLK,15010
2,2005,ZLK,15010
3,2005,ZLK,15010
4,2005,ZLK,16112
5,2005,ZLK,16112
6,2005,ZLK,16112
7,2005,ZLK,16166
8,2005,ZLK,16166
9,2005,ZLK,16166
10,2005,ZLK,17684
11,2005,ZLK,17684
12,2005,ZLK,17684
1,2006,HKK,16701
2,2006,HKK,16701
3,2006,HKK,16701
4,2006,HKK,17692
5,2006,HKK,17692
6,2006,HKK,17692
7,2006,HKK,17686
8,2006,HKK,17686
9,2006,HKK,17686
10,2006,HKK,19352
11,2006,HKK,19352
12,2006,HKK,19352
1,2006,JHC,16436
2,2006,JHC,16436
3,2006,JHC,16436
4,2006,JHC,17613
5,2006,JHC,17613
6,2006,JHC,17613
7,2006,JHC,17672
8,2006,JHC,17672
9,2006,JHC,17672
10,2006,JHC,19512
11,2006,JHC,19512
12,2006,JHC,19512
1,2006,JHM,17128
2,2006,JHM,17128
3,2006,JHM,17128
4,2006,JHM,18044
5,2006,JHM,18044
6,2006,JHM,18044
7,2006,JHM,18210
8,2006,JHM,18210
9,2006,JHM,18210
10,2006,JHM,20257
11,2006,JHM,20257
12,2006,JHM,20257
1,2006,KVK,15814
2,2006,KVK,15814
3,2006,KVK,15814
4,2006,KVK,16739
5,2006,KVK,16739
6,2006,KVK,16739
7,2006,KVK,16925
8,2006,KVK,16925
9,2006,KVK,16925
10,2006,KVK,18714
11,2006,KVK,18714
12,2006,KVK,18714
1,2006,LBK,16703
2,2006,LBK,16703
3,2006,LBK,16703
4,2006,LBK,17470
5,2006,LBK,17470
6,2006,LBK,17470
7,2006,LBK,17714
8,2006,LBK,17714
9,2006,LBK,17714
10,2006,LBK,19077
11,2006,LBK,19077
12,2006,LBK,19077
1,2006,MSK,17062
2,2006,MSK,17062
3,2006,MSK,17062
4,2006,MSK,18383
5,2006,MSK,18383
6,2006,MSK,18383
7,2006,MSK,18221
8,2006,MSK,18221
9,2006,MSK,18221
10,2006,MSK,20286
11,2006,MSK,20286
12,2006,MSK,20286
1,2006,OLK,16190
2,2006,OLK,16190
3,2006,OLK,16190
4,2006,OLK,17205
5,2006,OLK,17205
6,2006,OLK,17205
7,2006,OLK,17322
8,2006,OLK,17322
9,2006,OLK,17322
10,2006,OLK,18911
11,2006,OLK,18911
12,2006,OLK,18911
1,2006,PAK,16222
2,2006,PAK,16222
3,2006,PAK,16222
4,2006,PAK,17124
5,2006,PAK,17124
6,2006,PAK,17124
7,2006,PAK,17433
8,2006,PAK,17433
9,2006,PAK,17433
10,2006,PAK,19152
11,2006,PAK,19152
12,2006,PAK,19152
1,2006,PHA,24892
2,2006,PHA,24892
3,2006,PHA,24892
4,2006,PHA,25653
5,2006,PHA,25653
6,2006,PHA,25653
7,2006,PHA,25517
8,2006,PHA,25517
9,2006,PHA,25517
10,2006,PHA,28147
11,2006,PHA,28147
12,2006,PHA,28147
1,2006,PLK,17224
2,2006,PLK,17224
3,2006,PLK,17224
4,2006,PLK,18561
5,2006,PLK,18561
6,2006,PLK,18561
7,2006,PLK,18502
8,2006,PLK,18502
9,2006,PLK,18502
10,2006,PLK,20431
11,2006,PLK,20431
12,2006,PLK,20431
1,2006,STC,17768
2,2006,STC,17768
3,2006,STC,17768
4,2006,STC,19065
5,2006,STC,19065
6,2006,STC,19065
7,2006,STC,18962
8,2006,STC,18962
9,2006,STC,18962
10,2006,STC,20656
11,2006,STC,20656
12,2006,STC,20656
1,2006,ULK,16869
2,2006,ULK,16869
3,2006,ULK,16869
4,2006,ULK,17750
5,2006,ULK,17750
6,2006,ULK,17750
7,2006,ULK,17825
8,2006,ULK,17825
9,2006,ULK,17825
10,2006,ULK,19701
11,2006,ULK,19701
12,2006,ULK,19701
1,2006,VYS,16284
2,2006,VYS,16284
3,2006,VYS,16284
4,2006,VYS,17425
5,2006,VYS,17425
6,2006,VYS,17425
7,2006,VYS,17502
8,2006,VYS,17502
9,2006,VYS,17502
10,2006,VYS,19150
11,2006,VYS,19150
12,2006,VYS,19150
1,2006,ZLK,15983
2,2006,ZLK,15983
3,2006,ZLK,15983
4,2006,ZLK,17175
5,2006,ZLK,17175
6,2006,ZLK,17175
7,2006,ZLK,17136
8,2006,ZLK,17136
9,2006,ZLK,17136
10,2006,ZLK,18786
11,2006,ZLK,18786
12,2006,ZLK,18786
1,2007,HKK,17739
2,2007,HKK,17739
3,2007,HKK,17739
4,2007,HKK,18752
5,2007,HKK,18752
6,2007,HKK,18752
7,2007,HKK,18788
8,2007,HKK,18788
9,2007,HKK,18788
10,2007,HKK,20465
11,2007,HKK,20465
12,2007,HKK,20465
1,2007,JHC,17566
2,2007,JHC,17566
3,2007,JHC,17566
4,2007,JHC,18735
5,2007,JHC,18735
6,2007,JHC,18735
7,2007,JHC,18795
8,2007,JHC,18795
9,2007,JHC,18795
10,2007,JHC,20664
11,2007,JHC,20664
12,2007,JHC,20664
1,2007,JHM,18643
2,2007,JHM,18643
3,2007,JHM,18643
4,2007,JHM,19701
5,2007,JHM,19701
6,2007,JHM,19701
7,2007,JHM,19766
8,2007,JHM,19766
9,2007,JHM,19766
10,2007,JHM,21781
11,2007,JHM,21781
12,2007,JHM,21781
1,2007,KVK,16888
2,2007,KVK,16888
3,2007,KVK,16888
4,2007,KVK,17914
5,2007,KVK,17914
6,2007,KVK,17914
7,2007,KVK,17940
8,2007,KVK,17940
9,2007,KVK,17940
10,2007,KVK,19746
11,2007,KVK,19746
12,2007,KVK,19746
1,2007,LBK,18024
2,2007,LBK,18024
3,2007,LBK,18024
4,2007,LBK,18749
5,2007,LBK,18749
6,2007,LBK,18749
7,2007,LBK,18944
8,2007,LBK,18944
9,2007,LBK,18944
10,2007,LBK,20371
11,2007,LBK,20371
12,2007,LBK,20371
1,2007,MSK,18498
2,2007,MSK,18498
3,2007,MSK,18498
4,2007,MSK,19669
5,2007,MSK,19669
6,2007,MSK,19669
7,2007,MSK,19553
8,2007,MSK,19553
9,2007,MSK,19553
10,2007,MSK,21525
11,2007,MSK,21525
12,2007,MSK,21525
1,2007,OLK,17530
2,2007,OLK,17530
3,2007,OLK,17530
4,2007,OLK,18503
5,2007,OLK,18503
6,2007,OLK,18503
7,2007,OLK,18569
8,2007,OLK,18569
9,2007,OLK,18569
10,2007,OLK,20161
11,2007,OLK,20161
12,2007,OLK,20161
1,2007,PAK,17458
2,2007,PAK,17458
3,2007,PAK,17458
4,2007,PAK,18414
5,2007,PAK,18414
6,2007,PAK,18414
7,2007,PAK,18620
8,2007,PAK,18620
9,2007,PAK,18620
10,2007,PAK,20378
11,2007,PAK,20378
12,2007,PAK,20378
1,2007,PHA,26596
2,2007,PHA,26596
3,2007,PHA,26596
4,2007,PHA,27399
5,2007,PHA,27399
6,2007,PHA,27399
7,2007,PHA,27292
8,2007,PHA,27292
9,2007,PHA,27292
10,2007,PHA,29546
11,2007,PHA,29546
12,2007,PHA,29546
1,2007,PLK,18322
2,2007,PLK,18322
3,2007,PLK,18322
4,2007,PLK,19641
5,2007,PLK,19641
6,2007,PLK,19641
7,2007,PLK,19841
8,2007,PLK,19841
9,2007,PLK,19841
10,2007,PLK,21538
11,2007,PLK,21538
12,2007,PLK,21538
1,2007,STC,19146
2,2007,STC,19146
3,2007,STC,19146
4,2007,STC,20754
5,2007,STC,20754
6,2007,STC,20754
7,2007,STC,20434
8,2007,STC,20434
9,2007,STC,20434
10,2007,STC,22275
11,2007,STC,22275
12,2007,STC,22275
1,2007,ULK,18165
2,2007,ULK,18165
3,2007,ULK,18165
4,2007,ULK,18983
5,2007,ULK,18983
6,2007,ULK,18983
7,2007,ULK,19041
8,2007,ULK,19041
9,2007,ULK,19041
10,2007,ULK,20972
11,2007,ULK,20972
12,2007,ULK,20972
1,2007,VYS,17534
2,2007,VYS,17534
3,2007,VYS,17534
4,2007,VYS,18646
5,2007,VYS,18646
6,2007,VYS,18646
7,2007,VYS,18713
8,2007,VYS,18713
9,2007,VYS,18713
10,2007,VYS,20572
11,2007,VYS,20572
12,2007,VYS,20572
1,2007,ZLK,17324
2,2007,ZLK,17324
3,2007,ZLK,17324
4,2007,ZLK,18454
5,2007,ZLK,18454
6,2007,ZLK,18454
7,2007,ZLK,18318
8,2007,ZLK,18318
9,2007,ZLK,18318
10,2007,ZLK,19994
11,2007,ZLK,19994
12,2007,ZLK,19994
1,2008,HKK,19396
2,2008,HKK,19396
3,2008,HKK,19396
4,2008,HKK,20147
5,2008,HKK,20147
6,2008,HKK,20147
7,2008,HKK,19943
8,2008,HKK,19943
9,2008,HKK,19943
10,2008,HKK,21753
11,2008,HKK,21753
12,2008,HKK,21753
1,2008,JHC,19243
2,2008,JHC,19243
3,2008,JHC,19243
4,2008,JHC,19974
5,2008,JHC,19974
6,2008,JHC,19974
7,2008,JHC,20015
8,2008,JHC,20015
9,2008,JHC,20015
10,2008,JHC,21833
11,2008,JHC,21833
12,2008,JHC,21833
1,2008,JHM,20513
2,2008,JHM,20513
3,2008,JHM,20513
4,2008,JHM,21187
5,2008,JHM,21187
6,2008,JHM,21187
7,2008,JHM,21363
8,2008,JHM,21363
9,2008,JHM,21363
10,2008,JHM,23485
11,2008,JHM,23485
12,2008,JHM,23485
1,2008,KVK,18186
2,2008,KVK,18186
3,2008,KVK,18186
4,2008,KVK,18863
5,2008,KVK,18863
6,2008,KVK,18863
7,2008,KVK,18774
8,2008,KVK,18774
9,2008,KVK,18774
10,2008,KVK,21013
11,2008,KVK,21013
12,2008,KVK,21013
1,2008,LBK,19516
2,2008,LBK,19516
3,2008,LBK,19516
4,2008,LBK,20056
5,2008,LBK,20056
6,2008,LBK,20056
7,2008,LBK,20251
8,2008,LBK,20251
9,2008,LBK,20251
10,2008,LBK,21704
11,2008,LBK,21704
12,2008,LBK,21704
1,2008,MSK,20158
2,2008,MSK,20158
3,2008,MSK,20158
4,2008,MSK,20932
5,2008,MSK,20932
6,2008,MSK,20932
7,2008,MSK,20801
8,2008,MSK,20801
9,2008,MSK,20801
10,2008,MSK,22763
11,2008,MSK,22763
12,2008,MSK,22763
1,2008,OLK,18898
2,2008,OLK,18898
3,2008,OLK,18898
4,2008,OLK,19350
5,2008,OLK,19350
6,2008,OLK,19350
7,2008,OLK,19565
8,2008,OLK,19565
9,2008,OLK,19565
10,2008,OLK,21487
11,2008,OLK,21487
12,2008,OLK,21487
1,2008,PAK,18962
2,2008,PAK,18962
3,2008,PAK,18962
4,2008,PAK,19718
5,2008,PAK,19718
6,2008,PAK,19718
7,2008,PAK,19710
8,2008,PAK,19710
9,2008,PAK,19710
10,2008,PAK,21460
11,2008,PAK,21460
12,2008,PAK,21460
1,2008,PHA,29477
2,2008,PHA,29477
3,2008,PHA,29477
4,2008,PHA,29448
5,2008,PHA,29448
6,2008,PHA,29448
7,2008,PHA,29551
8,2008,PHA,29551
9,2008,PHA,29551
10,2008,PHA,32437
11,2008,PHA,32437
12,2008,PHA,32437
1,2008,PLK,20679
2,2008,PLK,20679
3,2008,PLK,20679
4,2008,PLK,21576
5,2008,PLK,21576
6,2008,PLK,21576
7,2008,PLK,21176
8,2008,PLK,21176
9,2008,PLK,21176
10,2008,PLK,23030
11,2008,PLK,23030
12,2008,PLK,23030
1,2008,STC,20969
2,2008,STC,20969
3,2008,STC,20969
4,2008,STC,22217
5,2008,STC,22217
6,2008,STC,22217
7,2008,STC,21548
8,2008,STC,21548
9,2008,STC,21548
10,2008,STC,23400
11,2008,STC,23400
12,2008,STC,23400
1,2008,ULK,19631
2,2008,ULK,19631
3,2008,ULK,19631
4,2008,ULK,20077
5,2008,ULK,20077
6,2008,ULK,20077
7,2008,ULK,20045
8,2008,ULK,20045
9,2008,ULK,20045
10,2008,ULK,22268
11,2008,ULK,22268
12,2008,ULK,22268
1,2008,VYS,19162
2,2008,VYS,19162
3,2008,VYS,19162
4,2008,VYS,20086
5,2008,VYS,20086
6,2008,VYS,20086
7,2008,VYS,19952
8,2008,VYS,19952
9,2008,VYS,19952
10,2008,VYS,21890
11,2008,VYS,21890
12,2008,VYS,21890
1,2008,ZLK,18823
2,2008,ZLK,18823
3,2008,ZLK,18823
4,2008,ZLK,19687
5,2008,ZLK,19687
6,2008,ZLK,19687
7,2008,ZLK,19525
8,2008,ZLK,19525
9,2008,ZLK,19525
10,2008,ZLK,21216
11,2008,ZLK,21216
12,2008,ZLK,21216
1,2009,HKK,19132
2,2009,HKK,19132
3,2009,HKK,19132
4,2009,HKK,19885
5,2009,HKK,19885
6,2009,HKK,19885
7,2009,HKK,20121
8,2009,HKK,20121
9,2009,HKK,20121
10,2009,HKK,22342
11,2009,HKK,22342
12,2009,HKK,22342
1,2009,JHC,19576
2,2009,JHC,19576
3,2009,JHC,19576
4,2009,JHC,20310
5,2009,JHC,20310
6,2009,JHC,20310
7,2009,JHC,20762
8,2009,JHC,20762
9,2009,JHC,20762
10,2009,JHC,23016
11,2009,JHC,23016
12,2009,JHC,23016
1,2009,JHM,21065
2,2009,JHM,21065
3,2009,JHM,21065
4,2009,JHM,21800
5,2009,JHM,21800
6,2009,JHM,21800
7,2009,JHM,22289
8,2009,JHM,22289
9,2009,JHM,22289
10,2009,JHM,24525
11,2009,JHM,24525
12,2009,JHM,24525
1,2009,KVK,18652
2,2009,KVK,18652
3,2009,KVK,18652
4,2009,KVK,19646
5,2009,KVK,19646
6,2009,KVK,19646
7,2009,KVK,19794
8,2009,KVK,19794
9,2009,KVK,19794
10,2009,KVK,22310
11,2009,KVK,22310
12,2009,KVK,22310
1,2009,LBK,19653
2,2009,LBK,19653
3,2009,LBK,19653
4,2009,LBK,20484
5,2009,LBK,20484
6,2009,LBK,20484
7,2009,LBK,20928
8,2009,LBK,20928
9,2009,LBK,20928
10,2009,LBK,22815
11,2009,LBK,22815
12,2009,LBK,22815
1,2009,MSK,20474
2,2009,MSK,20474
3,2009,MSK,20474
4,2009,MSK,21278
5,2009,MSK,21278
6,2009,MSK,21278
7,2009,MSK,21508
8,2009,MSK,21508
9,2009,MSK,21508
10,2009,MSK,23807
11,2009,MSK,23807
12,2009,MSK,23807
1,2009,OLK,18731
2,2009,OLK,18731
3,2009,OLK,18731
4,2009,OLK,19920
5,2009,OLK,19920
6,2009,OLK,19920
7,2009,OLK,20359
8,2009,OLK,20359
9,2009,OLK,20359
10,2009,OLK,22401
11,2009,OLK,22401
12,2009,OLK,22401
1,2009,PAK,19123
2,2009,PAK,19123
3,2009,PAK,19123
4,2009,PAK,19828
5,2009,PAK,19828
6,2009,PAK,19828
7,2009,PAK,20428
8,2009,PAK,20428
9,2009,PAK,20428
10,2009,PAK,22923
11,2009,PAK,22923
12,2009,PAK,22923
1,2009,PHA,30450
2,2009,PHA,30450
3,2009,PHA,30450
4,2009,PHA,30430
5,2009,PHA,30430
6,2009,PHA,30430
7,2009,PHA,30605
8,2009,PHA,30605
9,2009,PHA,30605
10,2009,PHA,33568
11,2009,PHA,33568
12,2009,PHA,33568
1,2009,PLK,21993
2,2009,PLK,21993
3,2009,PLK,21993
4,2009,PLK,21959
5,2009,PLK,21959
6,2009,PLK,21959
7,2009,PLK,22201
8,2009,PLK,22201
9,2009,PLK,22201
10,2009,PLK,24379
11,2009,PLK,24379
12,2009,PLK,24379
1,2009,STC,21405
2,2009,STC,21405
3,2009,STC,21405
4,2009,STC,22621
5,2009,STC,22621
6,2009,STC,22621
7,2009,STC,22450
8,2009,STC,22450
9,2009,STC,22450
10,2009,STC,24302
11,2009,STC,24302
12,2009,STC,24302
1,2009,ULK,20070
2,2009,ULK,20070
3,2009,ULK,20070
4,2009,ULK,20743
5,2009,ULK,20743
6,2009,ULK,20743
7,2009,ULK,21055
8,2009,ULK,21055
9,2009,ULK,21055
10,2009,ULK,23466
11,2009,ULK,23466
12,2009,ULK,23466
1,2009,VYS,19216
2,2009,VYS,19216
3,2009,VYS,19216
4,2009,VYS,20131
5,2009,VYS,20131
6,2009,VYS,20131
7,2009,VYS,20807
8,2009,VYS,20807
9,2009,VYS,20807
10,2009,VYS,22465
11,2009,VYS,22465
12,2009,VYS,22465
1,2009,ZLK,17704
2,2009,ZLK,17704
3,2009,ZLK,17704
4,2009,ZLK,18703
5,2009,ZLK,18703
6,2009,ZLK,18703
7,2009,ZLK,18977
8,2009,ZLK,18977
9,2009,ZLK,18977
10,2009,ZLK,20848
11,2009,ZLK,20848
12,2009,ZLK,20848
1,2010,HKK,20555
2,2010,HKK,20555
3,2010,HKK,20555
4,2010,HKK,21552
5,2010,HKK,21552
6,2010,HKK,21552
7,2010,HKK,21468
8,2010,HKK,21468
9,2010,HKK,21468
10,2010,HKK,23593
11,2010,HKK,23593
12,2010,HKK,23593
1,2010,JHC,20271
2,2010,JHC,20271
3,2010,JHC,20271
4,2010,JHC,21008
5,2010,JHC,21008
6,2010,JHC,21008
7,2010,JHC,21251
8,2010,JHC,21251
9,2010,JHC,21251
10,2010,JHC,23315
11,2010,JHC,23315
12,2010,JHC,23315
1,2010,JHM,21831
2,2010,JHM,21831
3,2010,JHM,21831
4,2010,JHM,22609
5,2010,JHM,22609
6,2010,JHM,22609
7,2010,JHM,22665
8,2010,JHM,22665
9,2010,JHM,22665
10,2010,JHM,24684
11,2010,JHM,24684
12,2010,JHM,24684
1,2010,KVK,19371
2,2010,KVK,19371
3,2010,KVK,19371
4,2010,KVK,20333
5,2010,KVK,20333
6,2010,KVK,20333
7,2010,KVK,20336
8,2010,KVK,20336
9,2010,KVK,20336
10,2010,KVK,22205
11,2010,KVK,22205
12,2010,KVK,22205
1,2010,LBK,20576
2,2010,LBK,20576
3,2010,LBK,20576
4,2010,LBK,21389
5,2010,LBK,21389
6,2010,LBK,21389
7,2010,LBK,21561
8,2010,LBK,21561
9,2010,LBK,21561
10,2010,LBK,23447
11,2010,LBK,23447
12,2010,LBK,23447
1,2010,MSK,21128
2,2010,MSK,21128
3,2010,MSK,21128
4,2010,MSK,21959
5,2010,MSK,21959
6,2010,MSK,21959
7,2010,MSK,22012
8,2010,MSK,22012
9,2010,MSK,22012
10,2010,MSK,24282
11,2010,MSK,24282
12,2010,MSK,24282
1,2010,OLK,19767
2,2010,OLK,19767
3,2010,OLK,19767
4,2010,OLK,20940
5,2010,OLK,20940
6,2010,OLK,20940
7,2010,OLK,20883
8,2010,OLK,20883
9,2010,OLK,20883
10,2010,OLK,22768
11,2010,OLK,22768
12,2010,OLK,22768
1,2010,PAK,19890
2,2010,PAK,19890
3,2010,PAK,19890
4,2010,PAK,20743
5,2010,PAK,20743
6,2010,PAK,20743
7,2010,PAK,20957
8,2010,PAK,20957
9,2010,PAK,20957
10,2010,PAK,22756
11,2010,PAK,22756
12,2010,PAK,22756
1,2010,PHA,30430
2,2010,PHA,30430
3,2010,PHA,30430
4,2010,PHA,30660
5,2010,PHA,30660
6,2010,PHA,30660
7,2010,PHA,30689
8,2010,PHA,30689
9,2010,PHA,30689
10,2010,PHA,33028
11,2010,PHA,33028
12,2010,PHA,33028
1,2010,PLK,21564
2,2010,PLK,21564
3,2010,PLK,21564
4,2010,PLK,22467
5,2010,PLK,22467
6,2010,PLK,22467
7,2010,PLK,24043
8,2010,PLK,24043
9,2010,PLK,24043
10,2010,PLK,24582
11,2010,PLK,24582
12,2010,PLK,24582
1,2010,STC,22013
2,2010,STC,22013
3,2010,STC,22013
4,2010,STC,23421
5,2010,STC,23421
6,2010,STC,23421
7,2010,STC,22967
8,2010,STC,22967
9,2010,STC,22967
10,2010,STC,24662
11,2010,STC,24662
12,2010,STC,24662
1,2010,ULK,20775
2,2010,ULK,20775
3,2010,ULK,20775
4,2010,ULK,21367
5,2010,ULK,21367
6,2010,ULK,21367
7,2010,ULK,21526
8,2010,ULK,21526
9,2010,ULK,21526
10,2010,ULK,23557
11,2010,ULK,23557
12,2010,ULK,23557
1,2010,VYS,20183
2,2010,VYS,20183
3,2010,VYS,20183
4,2010,VYS,20931
5,2010,VYS,20931
6,2010,VYS,20931
7,2010,VYS,21090
8,2010,VYS,21090
9,2010,VYS,21090
10,2010,VYS,22921
11,2010,VYS,22921
12,2010,VYS,22921
1,2010,ZLK,19629
2,2010,ZLK,19629
3,2010,ZLK,19629
4,2010,ZLK,20655
5,2010,ZLK,20655
6,2010,ZLK,20655
7,2010,ZLK,20724
8,2010,ZLK,20724
9,2010,ZLK,20724
10,2010,ZLK,22588
11,2010,ZLK,22588
12,2010,ZLK,22588
1,2011,HKK,20877
2,2011,HKK,20877
3,2011,HKK,20877
4,2011,HKK,21835
5,2011,HKK,21835
6,2011,HKK,21835
7,2011,HKK,21692
8,2011,HKK,21692
9,2011,HKK,21692
10,2011,HKK,23452
11,2011,HKK,23452
12,2011,HKK,23452
1,2011,JHC,20683
2,2011,JHC,20683
3,2011,JHC,20683
4,2011,JHC,21277
5,2011,JHC,21277
6,2011,JHC,21277
7,2011,JHC,21511
8,2011,JHC,21511
9,2011,JHC,21511
10,2011,JHC,23557
11,2011,JHC,23557
12,2011,JHC,23557
1,2011,JHM,22117
2,2011,JHM,22117
3,2011,JHM,22117
4,2011,JHM,22894
5,2011,JHM,22894
6,2011,JHM,22894
7,2011,JHM,23022
8,2011,JHM,23022
9,2011,JHM,23022
10,2011,JHM,25173
11,2011,JHM,25173
12,2011,JHM,25173
1,2011,KVK,19760
2,2011,KVK,19760
3,2011,KVK,19760
4,2011,KVK,20447
5,2011,KVK,20447
6,2011,KVK,20447
7,2011,KVK,20556
8,2011,KVK,20556
9,2011,KVK,20556
10,2011,KVK,22295
11,2011,KVK,22295
12,2011,KVK,22295
1,2011,LBK,21163
2,2011,LBK,21163
3,2011,LBK,21163
4,2011,LBK,21926
5,2011,LBK,21926
6,2011,LBK,21926
7,2011,LBK,22012
8,2011,LBK,22012
9,2011,LBK,22012
10,2011,LBK,23778
11,2011,LBK,23778
12,2011,LBK,23778
1,2011,MSK,21272
2,2011,MSK,21272
3,2011,MSK,21272
4,2011,MSK,22253
5,2011,MSK,22253
6,2011,MSK,22253
7,2011,MSK,22269
8,2011,MSK,22269
9,2011,MSK,22269
10,2011,MSK,24562
11,2011,MSK,24562
12,2011,MSK,24562
1,2011,OLK,20382
2,2011,OLK,20382
3,2011,OLK,20382
4,2011,OLK,21153
5,2011,OLK,21153
6,2011,OLK,21153
7,2011,OLK,21532
8,2011,OLK,21532
9,2011,OLK,21532
10,2011,OLK,23546
11,2011,OLK,23546
12,2011,OLK,23546
1,2011,PAK,20259
2,2011,PAK,20259
3,2011,PAK,20259
4,2011,PAK,20903
5,2011,PAK,20903
6,2011,PAK,20903
7,2011,PAK,21235
8,2011,PAK,21235
9,2011,PAK,21235
10,2011,PAK,23140
11,2011,PAK,23140
12,2011,PAK,23140
1,2011,PHA,32128
2,2011,PHA,32128
3,2011,PHA,32128
4,2011,PHA,32337
5,2011,PHA,32337
6,2011,PHA,32337
7,2011,PHA,32136
8,2011,PHA,32136
9,2011,PHA,32136
10,2011,PHA,34657
11,2011,PHA,34657
12,2011,PHA,34657
1,2011,PLK,21892
2,2011,PLK,21892
3,2011,PLK,21892
4,2011,PLK,22734
5,2011,PLK,22734
6,2011,PLK,22734
7,2011,PLK,23034
8,2011,PLK,23034
9,2011,PLK,23034
10,2011,PLK,25109
11,2011,PLK,25109
12,2011,PLK,25109
1,2011,STC,22885
2,2011,STC,22885
3,2011,STC,22885
4,2011,STC,24420
5,2011,STC,24420
6,2011,STC,24420
7,2011,STC,23836
8,2011,STC,23836
9,2011,STC,23836
10,2011,STC,25648
11,2011,STC,25648
12,2011,STC,25648
1,2011,ULK,21026
2,2011,ULK,21026
3,2011,ULK,21026
4,2011,ULK,21608
5,2011,ULK,21608
6,2011,ULK,21608
7,2011,ULK,21751
8,2011,ULK,21751
9,2011,ULK,21751
10,2011,ULK,23447
11,2011,ULK,23447
12,2011,ULK,23447
1,2011,VYS,20658
2,2011,VYS,20658
3,2011,VYS,20658
4,2011,VYS,21512
5,2011,VYS,21512
6,2011,VYS,21512
7,2011,VYS,21501
8,2011,VYS,21501
9,2011,VYS,21501
10,2011,VYS,23152
11,2011,VYS,23152
12,2011,VYS,23152
1,2011,ZLK,20169
2,2011,ZLK,20169
3,2011,ZLK,20169
4,2011,ZLK,21174
5,2011,ZLK,21174
6,2011,ZLK,21174
7,2011,ZLK,21090
8,2011,ZLK,21090
9,2011,ZLK,21090
10,2011,ZLK,23188
11,2011,ZLK,23188
12,2011,ZLK,23188
1,2012,HKK,21534
2,2012,HKK,21534
3,2012,HKK,21534
4,2012,HKK,22458
5,2012,HKK,22458
6,2012,HKK,22458
7,2012,HKK,22076
8,2012,HKK,22076
9,2012,HKK,22076
10,2012,HKK,24441
11,2012,HKK,24441
12,2012,HKK,24441
1,2012,JHC,21329
2,2012,JHC,21329
3,2012,JHC,21329
4,2012,JHC,21886
5,2012,JHC,21886
6,2012,JHC,21886
7,2012,JHC,21917
8,2012,JHC,21917
9,2012,JHC,21917
10,2012,JHC,24057
11,2012,JHC,24057
12,2012,JHC,24057
1,2012,JHM,22913
2,2012,JHM,22913
3,2012,JHM,22913
4,2012,JHM,23343
5,2012,JHM,23343
6,2012,JHM,23343
7,2012,JHM,23493
8,2012,JHM,23493
9,2012,JHM,23493
10,2012,JHM,26039
11,2012,JHM,26039
12,2012,JHM,26039
1,2012,KVK,20536
2,2012,KVK,20536
3,2012,KVK,20536
4,2012,KVK,21080
5,2012,KVK,21080
6,2012,KVK,21080
7,2012,KVK,20882
8,2012,KVK,20882
9,2012,KVK,20882
10,2012,KVK,22712
11,2012,KVK,22712
12,2012,KVK,22712
1,2012,LBK,21851
2,2012,LBK,21851
3,2012,LBK,21851
4,2012,LBK,22448
5,2012,LBK,22448
6,2012,LBK,22448
7,2012,LBK,22420
8,2012,LBK,22420
9,2012,LBK,22420
10,2012,LBK,24331
11,2012,LBK,24331
12,2012,LBK,24331
1,2012,MSK,22118
2,2012,MSK,22118
3,2012,MSK,22118
4,2012,MSK,22795
5,2012,MSK,22795
6,2012,MSK,22795
7,2012,MSK,22639
8,2012,MSK,22639
9,2012,MSK,22639
10,2012,MSK,25437
11,2012,MSK,25437
12,2012,MSK,25437
1,2012,OLK,21162
2,2012,OLK,21162
3,2012,OLK,21162
4,2012,OLK,21559
5,2012,OLK,21559
6,2012,OLK,21559
7,2012,OLK,21924
8,2012,OLK,21924
9,2012,OLK,21924
10,2012,OLK,24195
11,2012,OLK,24195
12,2012,OLK,24195
1,2012,PAK,20936
2,2012,PAK,20936
3,2012,PAK,20936
4,2012,PAK,21485
5,2012,PAK,21485
6,2012,PAK,21485
7,2012,PAK,21540
8,2012,PAK,21540
9,2012,PAK,21540
10,2012,PAK,23888
11,2012,PAK,23888
12,2012,PAK,23888
1,2012,PHA,32640
2,2012,PHA,32640
3,2012,PHA,32640
4,2012,PHA,32498
5,2012,PHA,32498
6,2012,PHA,32498
7,2012,PHA,32018
8,2012,PHA,32018
9,2012,PHA,32018
10,2012,PHA,35981
11,2012,PHA,35981
12,2012,PHA,35981
1,2012,PLK,22814
2,2012,PLK,22814
3,2012,PLK,22814
4,2012,PLK,23318
5,2012,PLK,23318
6,2012,PLK,23318
7,2012,PLK,23438
8,2012,PLK,23438
9,2012,PLK,23438
10,2012,PLK,25416
11,2012,PLK,25416
12,2012,PLK,25416
1,2012,STC,23705
2,2012,STC,23705
3,2012,STC,23705
4,2012,STC,25025
5,2012,STC,25025
6,2012,STC,25025
7,2012,STC,24089
8,2012,STC,24089
9,2012,STC,24089
10,2012,STC,26220
11,2012,STC,26220
12,2012,STC,26220
1,2012,ULK,21735
2,2012,ULK,21735
3,2012,ULK,21735
4,2012,ULK,22061
5,2012,ULK,22061
6,2012,ULK,22061
7,2012,ULK,22023
8,2012,ULK,22023
9,2012,ULK,22023
10,2012,ULK,23812
11,2012,ULK,23812
12,2012,ULK,23812
1,2012,VYS,21363
2,2012,VYS,21363
3,2012,VYS,21363
4,2012,VYS,21849
5,2012,VYS,21849
6,2012,VYS,21849
7,2012,VYS,21911
8,2012,VYS,21911
9,2012,VYS,21911
10,2012,VYS,23884
11,2012,VYS,23884
12,2012,VYS,23884
1,2012,ZLK,20936
2,2012,ZLK,20936
3,2012,ZLK,20936
4,2012,ZLK,21762
5,2012,ZLK,21762
6,2012,ZLK,21762
7,2012,ZLK,21580
8,2012,ZLK,21580
9,2012,ZLK,21580
10,2012,ZLK,23834
11,2012,ZLK,23834
12,2012,ZLK,23834
1,2013,HKK,21461
2,2013,HKK,21461
3,2013,HKK,21461
4,2013,HKK,22537
5,2013,HKK,22537
6,2013,HKK,22537
7,2013,HKK,22259
8,2013,HKK,22259
9,2013,HKK,22259
10,2013,HKK,23818
11,2013,HKK,23818
12,2013,HKK,23818
1,2013,JHC,21236
2,2013,JHC,21236
3,2013,JHC,21236
4,2013,JHC,22071
5,2013,JHC,22071
6,2013,JHC,22071
7,2013,JHC,22147
8,2013,JHC,22147
9,2013,JHC,22147
10,2013,JHC,23844
11,2013,JHC,23844
12,2013,JHC,23844
1,2013,JHM,23071
2,2013,JHM,23071
3,2013,JHM,23071
4,2013,JHM,23857
5,2013,JHM,23857
6,2013,JHM,23857
7,2013,JHM,23977
8,2013,JHM,23977
9,2013,JHM,23977
10,2013,JHM,25909
11,2013,JHM,25909
12,2013,JHM,25909
1,2013,KVK,20362
2,2013,KVK,20362
3,2013,KVK,20362
4,2013,KVK,21235
5,2013,KVK,21235
6,2013,KVK,21235
7,2013,KVK,21162
8,2013,KVK,21162
9,2013,KVK,21162
10,2013,KVK,22723
11,2013,KVK,22723
12,2013,KVK,22723
1,2013,LBK,22125
2,2013,LBK,22125
3,2013,LBK,22125
4,2013,LBK,22860
5,2013,LBK,22860
6,2013,LBK,22860
7,2013,LBK,23107
8,2013,LBK,23107
9,2013,LBK,23107
10,2013,LBK,24621
11,2013,LBK,24621
12,2013,LBK,24621
1,2013,MSK,21876
2,2013,MSK,21876
3,2013,MSK,21876
4,2013,MSK,22847
5,2013,MSK,22847
6,2013,MSK,22847
7,2013,MSK,22758
8,2013,MSK,22758
9,2013,MSK,22758
10,2013,MSK,24657
11,2013,MSK,24657
12,2013,MSK,24657
1,2013,OLK,20931
2,2013,OLK,20931
3,2013,OLK,20931
4,2013,OLK,21847
5,2013,OLK,21847
6,2013,OLK,21847
7,2013,OLK,22174
8,2013,OLK,22174
9,2013,OLK,22174
10,2013,OLK,23767
11,2013,OLK,23767
12,2013,OLK,23767
1,2013,PAK,21015
2,2013,PAK,21015
3,2013,PAK,21015
4,2013,PAK,21717
5,2013,PAK,21717
6,2013,PAK,21717
7,2013,PAK,22014
8,2013,PAK,22014
9,2013,PAK,22014
10,2013,PAK,23541
11,2013,PAK,23541
12,2013,PAK,23541
1,2013,PHA,31993
2,2013,PHA,31993
3,2013,PHA,31993
4,2013,PHA,32494
5,2013,PHA,32494
6,2013,PHA,32494
7,2013,PHA,32109
8,2013,PHA,32109
9,2013,PHA,32109
10,2013,PHA,34210
11,2013,PHA,34210
12,2013,PHA,34210
1,2013,PLK,22643
2,2013,PLK,22643
3,2013,PLK,22643
4,2013,PLK,23568
5,2013,PLK,23568
6,2013,PLK,23568
7,2013,PLK,23762
8,2013,PLK,23762
9,2013,PLK,23762
10,2013,PLK,25333
11,2013,PLK,25333
12,2013,PLK,25333
1,2013,STC,23646
2,2013,STC,23646
3,2013,STC,23646
4,2013,STC,25599
5,2013,STC,25599
6,2013,STC,25599
7,2013,STC,24522
8,2013,STC,24522
9,2013,STC,24522
10,2013,STC,26235
11,2013,STC,26235
12,2013,STC,26235
1,2013,ULK,21696
2,2013,ULK,21696
3,2013,ULK,21696
4,2013,ULK,22471
5,2013,ULK,22471
6,2013,ULK,22471
7,2013,ULK,22423
8,2013,ULK,22423
9,2013,ULK,22423
10,2013,ULK,24052
11,2013,ULK,24052
12,2013,ULK,24052
1,2013,VYS,21385
2,2013,VYS,21385
3,2013,VYS,21385
4,2013,VYS,22314
5,2013,VYS,22314
6,2013,VYS,22314
7,2013,VYS,22356
8,2013,VYS,22356
9,2013,VYS,22356
10,2013,VYS,23849
11,2013,VYS,23849
12,2013,VYS,23849
1,2013,ZLK,20657
2,2013,ZLK,20657
3,2013,ZLK,20657
4,2013,ZLK,21563
5,2013,ZLK,21563
6,2013,ZLK,21563
7,2013,ZLK,21616
8,2013,ZLK,21616
9,2013,ZLK,21616
10,2013,ZLK,23268
11,2013,ZLK,23268
12,2013,ZLK,23268
1,2014,HKK,22398
2,2014,HKK,22398
3,2014,HKK,22398
4,2014,HKK,23293
5,2014,HKK,23293
6,2014,HKK,23293
7,2014,HKK,22881
8,2014,HKK,22881
9,2014,HKK,22881
10,2014,HKK,24764
11,2014,HKK,24764
12,2014,HKK,24764
1,2014,JHC,22099
2,2014,JHC,22099
3,2014,JHC,22099
4,2014,JHC,22741
5,2014,JHC,22741
6,2014,JHC,22741
7,2014,JHC,22605
8,2014,JHC,22605
9,2014,JHC,22605
10,2014,JHC,24660
11,2014,JHC,24660
12,2014,JHC,24660
1,2014,JHM,23830
2,2014,JHM,23830
3,2014,JHM,23830
4,2014,JHM,24394
5,2014,JHM,24394
6,2014,JHM,24394
7,2014,JHM,24374
8,2014,JHM,24374
9,2014,JHM,24374
10,2014,JHM,26447
11,2014,JHM,26447
12,2014,JHM,26447
1,2014,KVK,20844
2,2014,KVK,20844
3,2014,KVK,20844
4,2014,KVK,21557
5,2014,KVK,21557
6,2014,KVK,21557
7,2014,KVK,21377
8,2014,KVK,21377
9,2014,KVK,21377
10,2014,KVK,23350
11,2014,KVK,23350
12,2014,KVK,23350
1,2014,LBK,22874
2,2014,LBK,22874
3,2014,LBK,22874
4,2014,LBK,23556
5,2014,LBK,23556
6,2014,LBK,23556
7,2014,LBK,23556
8,2014,LBK,23556
9,2014,LBK,23556
10,2014,LBK,25412
11,2014,LBK,25412
12,2014,LBK,25412
1,2014,MSK,22803
2,2014,MSK,22803
3,2014,MSK,22803
4,2014,MSK,23444
5,2014,MSK,23444
6,2014,MSK,23444
7,2014,MSK,23384
8,2014,MSK,23384
9,2014,MSK,23384
10,2014,MSK,25364
11,2014,MSK,25364
12,2014,MSK,25364
1,2014,OLK,21868
2,2014,OLK,21868
3,2014,OLK,21868
4,2014,OLK,22572
5,2014,OLK,22572
6,2014,OLK,22572
7,2014,OLK,22713
8,2014,OLK,22713
9,2014,OLK,22713
10,2014,OLK,24621
11,2014,OLK,24621
12,2014,OLK,24621
1,2014,PAK,21988
2,2014,PAK,21988
3,2014,PAK,21988
4,2014,PAK,22455
5,2014,PAK,22455
6,2014,PAK,22455
7,2014,PAK,22673
8,2014,PAK,22673
9,2014,PAK,22673
10,2014,PAK,24653
11,2014,PAK,24653
12,2014,PAK,24653
1,2014,PHA,33146
2,2014,PHA,33146
3,2014,PHA,33146
4,2014,PHA,33273
5,2014,PHA,33273
6,2014,PHA,33273
7,2014,PHA,32692
8,2014,PHA,32692
9,2014,PHA,32692
10,2014,PHA,34714
11,2014,PHA,34714
12,2014,PHA,34714
1,2014,PLK,23548
2,2014,PLK,23548
3,2014,PLK,23548
4,2014,PLK,24392
5,2014,PLK,24392
6,2014,PLK,24392
7,2014,PLK,24327
8,2014,PLK,24327
9,2014,PLK,24327
10,2014,PLK,26113
11,2014,PLK,26113
12,2014,PLK,26113
1,2014,STC,24629
2,2014,STC,24629
3,2014,STC,24629
4,2014,STC,26201
5,2014,STC,26201
6,2014,STC,26201
7,2014,STC,25109
8,2014,STC,25109
9,2014,STC,25109
10,2014,STC,27048
11,2014,STC,27048
12,2014,STC,27048
1,2014,ULK,22473
2,2014,ULK,22473
3,2014,ULK,22473
4,2014,ULK,23010
5,2014,ULK,23010
6,2014,ULK,23010
7,2014,ULK,22828
8,2014,ULK,22828
9,2014,ULK,22828
10,2014,ULK,24687
11,2014,ULK,24687
12,2014,ULK,24687
1,2014,VYS,22277
2,2014,VYS,22277
3,2014,VYS,22277
4,2014,VYS,23069
5,2014,VYS,23069
6,2014,VYS,23069
7,2014,VYS,22900
8,2014,VYS,22900
9,2014,VYS,22900
10,2014,VYS,24833
11,2014,VYS,24833
12,2014,VYS,24833
1,2014,ZLK,21670
2,2014,ZLK,21670
3,2014,ZLK,21670
4,2014,ZLK,22457
5,2014,ZLK,22457
6,2014,ZLK,22457
7,2014,ZLK,22141
8,2014,ZLK,22141
9,2014,ZLK,22141
10,2014,ZLK,24260
11,2014,ZLK,24260
12,2014,ZLK,24260
1,2015,HKK,22987
2,2015,HKK,22987
3,2015,HKK,22987
4,2015,HKK,24113
5,2015,HKK,24113
6,2015,HKK,24113
7,2015,HKK,23615
8,2015,HKK,23615
9,2015,HKK,23615
10,2015,HKK,25595
11,2015,HKK,25595
12,2015,HKK,25595
1,2015,JHC,22583
2,2015,JHC,22583
3,2015,JHC,22583
4,2015,JHC,23529
5,2015,JHC,23529
6,2015,JHC,23529
7,2015,JHC,23599
8,2015,JHC,23599
9,2015,JHC,23599
10,2015,JHC,25625
11,2015,JHC,25625
12,2015,JHC,25625
1,2015,JHM,24524
2,2015,JHM,24524
3,2015,JHM,24524
4,2015,JHM,25174
5,2015,JHM,25174
6,2015,JHM,25174
7,2015,JHM,25294
8,2015,JHM,25294
9,2015,JHM,25294
10,2015,JHM,27471
11,2015,JHM,27471
12,2015,JHM,27471
1,2015,KVK,21310
2,2015,KVK,21310
3,2015,KVK,21310
4,2015,KVK,22294
5,2015,KVK,22294
6,2015,KVK,22294
7,2015,KVK,22335
8,2015,KVK,22335
9,2015,KVK,22335
10,2015,KVK,24354
11,2015,KVK,24354
12,2015,KVK,24354
1,2015,LBK,23506
2,2015,LBK,23506
3,2015,LBK,23506
4,2015,LBK,24367
5,2015,LBK,24367
6,2015,LBK,24367
7,2015,LBK,24331
8,2015,LBK,24331
9,2015,LBK,24331
10,2015,LBK,26325
11,2015,LBK,26325
12,2015,LBK,26325
1,2015,MSK,23292
2,2015,MSK,23292
3,2015,MSK,23292
4,2015,MSK,24067
5,2015,MSK,24067
6,2015,MSK,24067
7,2015,MSK,24180
8,2015,MSK,24180
9,2015,MSK,24180
10,2015,MSK,26209
11,2015,MSK,26209
12,2015,MSK,26209
1,2015,OLK,22346
2,2015,OLK,22346
3,2015,OLK,22346
4,2015,OLK,23308
5,2015,OLK,23308
6,2015,OLK,23308
7,2015,OLK,23527
8,2015,OLK,23527
9,2015,OLK,23527
10,2015,OLK,25371
11,2015,OLK,25371
12,2015,OLK,25371
1,2015,PAK,22551
2,2015,PAK,22551
3,2015,PAK,22551
4,2015,PAK,23406
5,2015,PAK,23406
6,2015,PAK,23406
7,2015,PAK,23511
8,2015,PAK,23511
9,2015,PAK,23511
10,2015,PAK,25505
11,2015,PAK,25505
12,2015,PAK,25505
1,2015,PHA,33910
2,2015,PHA,33910
3,2015,PHA,33910
4,2015,PHA,34399
5,2015,PHA,34399
6,2015,PHA,34399
7,2015,PHA,33714
8,2015,PHA,33714
9,2015,PHA,33714
10,2015,PHA,35976
11,2015,PHA,35976
12,2015,PHA,35976
1,2015,PLK,24109
2,2015,PLK,24109
3,2015,PLK,24109
4,2015,PLK,25306
5,2015,PLK,25306
6,2015,PLK,25306
7,2015,PLK,25211
8,2015,PLK,25211
9,2015,PLK,25211
10,2015,PLK,27116
11,2015,PLK,27116
12,2015,PLK,27116
1,2015,STC,25029
2,2015,STC,25029
3,2015,STC,25029
4,2015,STC,27091
5,2015,STC,27091
6,2015,STC,27091
7,2015,STC,25910
8,2015,STC,25910
9,2015,STC,25910
10,2015,STC,28218
11,2015,STC,28218
12,2015,STC,28218
1,2015,ULK,23091
2,2015,ULK,23091
3,2015,ULK,23091
4,2015,ULK,23757
5,2015,ULK,23757
6,2015,ULK,23757
7,2015,ULK,23683
8,2015,ULK,23683
9,2015,ULK,23683
10,2015,ULK,25611
11,2015,ULK,25611
12,2015,ULK,25611
1,2015,VYS,22950
2,2015,VYS,22950
3,2015,VYS,22950
4,2015,VYS,23862
5,2015,VYS,23862
6,2015,VYS,23862
7,2015,VYS,23876
8,2015,VYS,23876
9,2015,VYS,23876
10,2015,VYS,25752
11,2015,VYS,25752
12,2015,VYS,25752
1,2015,ZLK,22072
2,2015,ZLK,22072
3,2015,ZLK,22072
4,2015,ZLK,23122
5,2015,ZLK,23122
6,2015,ZLK,23122
7,2015,ZLK,23042
8,2015,ZLK,23042
9,2015,ZLK,23042
10,2015,ZLK,25093
11,2015,ZLK,25093
12,2015,ZLK,25093
1,2016,HKK,24332
2,2016,HKK,24332
3,2016,HKK,24332
4,2016,HKK,25407
5,2016,HKK,25407
6,2016,HKK,25407
7,2016,HKK,25124
8,2016,HKK,25124
9,2016,HKK,25124
10,2016,HKK,27158
11,2016,HKK,27158
12,2016,HKK,27158
1,2016,JHC,23749
2,2016,JHC,23749
3,2016,JHC,23749
4,2016,JHC,24552
5,2016,JHC,24552
6,2016,JHC,24552
7,2016,JHC,24697
8,2016,JHC,24697
9,2016,JHC,24697
10,2016,JHC,26823
11,2016,JHC,26823
12,2016,JHC,26823
1,2016,JHM,25849
2,2016,JHM,25849
3,2016,JHM,25849
4,2016,JHM,26329
5,2016,JHM,26329
6,2016,JHM,26329
7,2016,JHM,26649
8,2016,JHM,26649
9,2016,JHM,26649
10,2016,JHM,28797
11,2016,JHM,28797
12,2016,JHM,28797
1,2016,KVK,22585
2,2016,KVK,22585
3,2016,KVK,22585
4,2016,KVK,23265
5,2016,KVK,23265
6,2016,KVK,23265
7,2016,KVK,23571
8,2016,KVK,23571
9,2016,KVK,23571
10,2016,KVK,25642
11,2016,KVK,25642
12,2016,KVK,25642
1,2016,LBK,24582
2,2016,LBK,24582
3,2016,LBK,24582
4,2016,LBK,25420
5,2016,LBK,25420
6,2016,LBK,25420
7,2016,LBK,25540
8,2016,LBK,25540
9,2016,LBK,25540
10,2016,LBK,27479
11,2016,LBK,27479
12,2016,LBK,27479
1,2016,MSK,24224
2,2016,MSK,24224
3,2016,MSK,24224
4,2016,MSK,24910
5,2016,MSK,24910
6,2016,MSK,24910
7,2016,MSK,25007
8,2016,MSK,25007
9,2016,MSK,25007
10,2016,MSK,26873
11,2016,MSK,26873
12,2016,MSK,26873
1,2016,OLK,23436
2,2016,OLK,23436
3,2016,OLK,23436
4,2016,OLK,24339
5,2016,OLK,24339
6,2016,OLK,24339
7,2016,OLK,24628
8,2016,OLK,24628
9,2016,OLK,24628
10,2016,OLK,26584
11,2016,OLK,26584
12,2016,OLK,26584
1,2016,PAK,23667
2,2016,PAK,23667
3,2016,PAK,23667
4,2016,PAK,24277
5,2016,PAK,24277
6,2016,PAK,24277
7,2016,PAK,24579
8,2016,PAK,24579
9,2016,PAK,24579
10,2016,PAK,26884
11,2016,PAK,26884
12,2016,PAK,26884
1,2016,PHA,34846
2,2016,PHA,34846
3,2016,PHA,34846
4,2016,PHA,34992
5,2016,PHA,34992
6,2016,PHA,34992
7,2016,PHA,34699
8,2016,PHA,34699
9,2016,PHA,34699
10,2016,PHA,36789
11,2016,PHA,36789
12,2016,PHA,36789
1,2016,PLK,25414
2,2016,PLK,25414
3,2016,PLK,25414
4,2016,PLK,26416
5,2016,PLK,26416
6,2016,PLK,26416
7,2016,PLK,26708
8,2016,PLK,26708
9,2016,PLK,26708
10,2016,PLK,28688
11,2016,PLK,28688
12,2016,PLK,28688
1,2016,STC,26460
2,2016,STC,26460
3,2016,STC,26460
4,2016,STC,28312
5,2016,STC,28312
6,2016,STC,28312
7,2016,STC,27255
8,2016,STC,27255
9,2016,STC,27255
10,2016,STC,29650
11,2016,STC,29650
12,2016,STC,29650
1,2016,ULK,24208
2,2016,ULK,24208
3,2016,ULK,24208
4,2016,ULK,25047
5,2016,ULK,25047
6,2016,ULK,25047
7,2016,ULK,25120
8,2016,ULK,25120
9,2016,ULK,25120
10,2016,ULK,27089
11,2016,ULK,27089
12,2016,ULK,27089
1,2016,VYS,23959
2,2016,VYS,23959
3,2016,VYS,23959
4,2016,VYS,24880
5,2016,VYS,24880
6,2016,VYS,24880
7,2016,VYS,24987
8,2016,VYS,24987
9,2016,VYS,24987
10,2016,VYS,26892
11,2016,VYS,26892
12,2016,VYS,26892
1,2016,ZLK,23041
2,2016,ZLK,23041
3,2016,ZLK,23041
4,2016,ZLK,24140
5,2016,ZLK,24140
6,2016,ZLK,24140
7,2016,ZLK,24087
8,2016,ZLK,24087
9,2016,ZLK,24087
10,2016,ZLK,26133
11,2016,ZLK,26133
12,2016,ZLK,26133
1,2017,HKK,25436
2,2017,HKK,25436
3,2017,HKK,25436
4,2017,HKK,27496
5,2017,HKK,27496
6,2017,HKK,27496
7,2017,HKK,26680
8,2017,HKK,26680
9,2017,HKK,26680
10,2017,HKK,29353
11,2017,HKK,29353
12,2017,HKK,29353
1,2017,JHC,25001
2,2017,JHC,25001
3,2017,JHC,25001
4,2017,JHC,26327
5,2017,JHC,26327
6,2017,JHC,26327
7,2017,JHC,26410
8,2017,JHC,26410
9,2017,JHC,26410
10,2017,JHC,28975
11,2017,JHC,28975
12,2017,JHC,28975
1,2017,JHM,26985
2,2017,JHM,26985
3,2017,JHM,26985
4,2017,JHM,28218
5,2017,JHM,28218
6,2017,JHM,28218
7,2017,JHM,28417
8,2017,JHM,28417
9,2017,JHM,28417
10,2017,JHM,31031
11,2017,JHM,31031
12,2017,JHM,31031
1,2017,KVK,24180
2,2017,KVK,24180
3,2017,KVK,24180
4,2017,KVK,25634
5,2017,KVK,25634
6,2017,KVK,25634
7,2017,KVK,25847
8,2017,KVK,25847
9,2017,KVK,25847
10,2017,KVK,28295
11,2017,KVK,28295
12,2017,KVK,28295
1,2017,LBK,25803
2,2017,LBK,25803
3,2017,LBK,25803
4,2017,LBK,27202
5,2017,LBK,27202
6,2017,LBK,27202
7,2017,LBK,27231
8,2017,LBK,27231
9,2017,LBK,27231
10,2017,LBK,29338
11,2017,LBK,29338
12,2017,LBK,29338
1,2017,MSK,25207
2,2017,MSK,25207
3,2017,MSK,25207
4,2017,MSK,26567
5,2017,MSK,26567
6,2017,MSK,26567
7,2017,MSK,26662
8,2017,MSK,26662
9,2017,MSK,26662
10,2017,MSK,29026
11,2017,MSK,29026
12,2017,MSK,29026
1,2017,OLK,24523
2,2017,OLK,24523
3,2017,OLK,24523
4,2017,OLK,26044
5,2017,OLK,26044
6,2017,OLK,26044
7,2017,OLK,26322
8,2017,OLK,26322
9,2017,OLK,26322
10,2017,OLK,28660
11,2017,OLK,28660
12,2017,OLK,28660
1,2017,PAK,24891
2,2017,PAK,24891
3,2017,PAK,24891
4,2017,PAK,26295
5,2017,PAK,26295
6,2017,PAK,26295
7,2017,PAK,26525
8,2017,PAK,26525
9,2017,PAK,26525
10,2017,PAK,29173
11,2017,PAK,29173
12,2017,PAK,29173
1,2017,PHA,36771
2,2017,PHA,36771
3,2017,PHA,36771
4,2017,PHA,37376
5,2017,PHA,37376
6,2017,PHA,37376
7,2017,PHA,36857
8,2017,PHA,36857
9,2017,PHA,36857
10,2017,PHA,39704
11,2017,PHA,39704
12,2017,PHA,39704
1,2017,PLK,27067
2,2017,PLK,27067
3,2017,PLK,27067
4,2017,PLK,28809
5,2017,PLK,28809
6,2017,PLK,28809
7,2017,PLK,28802
8,2017,PLK,28802
9,2017,PLK,28802
10,2017,PLK,31163
11,2017,PLK,31163
12,2017,PLK,31163
1,2017,STC,27954
2,2017,STC,27954
3,2017,STC,27954
4,2017,STC,30607
5,2017,STC,30607
6,2017,STC,30607
7,2017,STC,29338
8,2017,STC,29338
9,2017,STC,29338
10,2017,STC,31859
11,2017,STC,31859
12,2017,STC,31859
1,2017,ULK,25503
2,2017,ULK,25503
3,2017,ULK,25503
4,2017,ULK,26746
5,2017,ULK,26746
6,2017,ULK,26746
7,2017,ULK,26820
8,2017,ULK,26820
9,2017,ULK,26820
10,2017,ULK,29171
11,2017,ULK,29171
12,2017,ULK,29171
1,2017,VYS,25412
2,2017,VYS,25412
3,2017,VYS,25412
4,2017,VYS,26849
5,2017,VYS,26849
6,2017,VYS,26849
7,2017,VYS,26886
8,2017,VYS,26886
9,2017,VYS,26886
10,2017,VYS,29357
11,2017,VYS,29357
12,2017,VYS,29357
1,2017,ZLK,24418
2,2017,ZLK,24418
3,2017,ZLK,24418
4,2017,ZLK,25964
5,2017,ZLK,25964
6,2017,ZLK,25964
7,2017,ZLK,25985
8,2017,ZLK,25985
9,2017,ZLK,25985
10,2017,ZLK,28614
11,2017,ZLK,28614
12,2017,ZLK,28614
1,2018,HKK,27892
2,2018,HKK,27892
3,2018,HKK,27892
4,2018,HKK,30612
5,2018,HKK,30612
6,2018,HKK,30612
7,2018,HKK,29308
8,2018,HKK,29308
9,2018,HKK,29308
10,2018,HKK,31646
11,2018,HKK,31646
12,2018,HKK,31646
1,2018,JHC,27198
2,2018,JHC,27198
3,2018,JHC,27198
4,2018,JHC,28638
5,2018,JHC,28638
6,2018,JHC,28638
7,2018,JHC,28890
8,2018,JHC,28890
9,2018,JHC,28890
10,2018,JHC,30875
11,2018,JHC,30875
12,2018,JHC,30875
1,2018,JHM,29279
2,2018,JHM,29279
3,2018,JHM,29279
4,2018,JHM,30451
5,2018,JHM,30451
6,2018,JHM,30451
7,2018,JHM,30647
8,2018,JHM,30647
9,2018,JHM,30647
10,2018,JHM,33083
11,2018,JHM,33083
12,2018,JHM,33083
1,2018,KVK,26478
2,2018,KVK,26478
3,2018,KVK,26478
4,2018,KVK,27761
5,2018,KVK,27761
6,2018,KVK,27761
7,2018,KVK,28003
8,2018,KVK,28003
9,2018,KVK,28003
10,2018,KVK,29737
11,2018,KVK,29737
12,2018,KVK,29737
1,2018,LBK,28073
2,2018,LBK,28073
3,2018,LBK,28073
4,2018,LBK,29792
5,2018,LBK,29792
6,2018,LBK,29792
7,2018,LBK,29538
8,2018,LBK,29538
9,2018,LBK,29538
10,2018,LBK,31705
11,2018,LBK,31705
12,2018,LBK,31705
1,2018,MSK,27325
2,2018,MSK,27325
3,2018,MSK,27325
4,2018,MSK,28824
5,2018,MSK,28824
6,2018,MSK,28824
7,2018,MSK,28815
8,2018,MSK,28815
9,2018,MSK,28815
10,2018,MSK,31041
11,2018,MSK,31041
12,2018,MSK,31041
1,2018,OLK,26958
2,2018,OLK,26958
3,2018,OLK,26958
4,2018,OLK,28561
5,2018,OLK,28561
6,2018,OLK,28561
7,2018,OLK,28832
8,2018,OLK,28832
9,2018,OLK,28832
10,2018,OLK,30814
11,2018,OLK,30814
12,2018,OLK,30814
1,2018,PAK,27125
2,2018,PAK,27125
3,2018,PAK,27125
4,2018,PAK,28513
5,2018,PAK,28513
6,2018,PAK,28513
7,2018,PAK,28688
8,2018,PAK,28688
9,2018,PAK,28688
10,2018,PAK,31132
11,2018,PAK,31132
12,2018,PAK,31132
1,2018,PHA,39143
2,2018,PHA,39143
3,2018,PHA,39143
4,2018,PHA,39913
5,2018,PHA,39913
6,2018,PHA,39913
7,2018,PHA,39442
8,2018,PHA,39442
9,2018,PHA,39442
10,2018,PHA,42060
11,2018,PHA,42060
12,2018,PHA,42060
1,2018,PLK,29447
2,2018,PLK,29447
3,2018,PLK,29447
4,2018,PLK,31079
5,2018,PLK,31079
6,2018,PLK,31079
7,2018,PLK,30930
8,2018,PLK,30930
9,2018,PLK,30930
10,2018,PLK,33145
11,2018,PLK,33145
12,2018,PLK,33145
1,2018,STC,30400
2,2018,STC,30400
3,2018,STC,30400
4,2018,STC,33927
5,2018,STC,33927
6,2018,STC,33927
7,2018,STC,31925
8,2018,STC,31925
9,2018,STC,31925
10,2018,STC,34619
11,2018,STC,34619
12,2018,STC,34619
1,2018,ULK,27867
2,2018,ULK,27867
3,2018,ULK,27867
4,2018,ULK,29141
5,2018,ULK,29141
6,2018,ULK,29141
7,2018,ULK,29159
8,2018,ULK,29159
9,2018,ULK,29159
10,2018,ULK,31181
11,2018,ULK,31181
12,2018,ULK,31181
1,2018,VYS,27927
2,2018,VYS,27927
3,2018,VYS,27927
4,2018,VYS,29347
5,2018,VYS,29347
6,2018,VYS,29347
7,2018,VYS,29246
8,2018,VYS,29246
9,2018,VYS,29246
10,2018,VYS,31203
11,2018,VYS,31203
12,2018,VYS,31203
1,2018,ZLK,26705
2,2018,ZLK,26705
3,2018,ZLK,26705
4,2018,ZLK,28381
5,2018,ZLK,28381
6,2018,ZLK,28381
7,2018,ZLK,28221
8,2018,ZLK,28221
9,2018,ZLK,28221
10,2018,ZLK,30974
11,2018,ZLK,30974
12,2018,ZLK,30974
1,2019,HKK,30468
2,2019,HKK,30468
3,2019,HKK,30468
4,2019,HKK,33172
5,2019,HKK,33172
6,2019,HKK,33172
7,2019,HKK,31818
8,2019,HKK,31818
9,2019,HKK,31818
10,2019,HKK,34286
11,2019,HKK,34286
12,2019,HKK,34286
1,2019,JHC,29504
2,2019,JHC,29504
3,2019,JHC,29504
4,2019,JHC,31049
5,2019,JHC,31049
6,2019,JHC,31049
7,2019,JHC,31037
8,2019,JHC,31037
9,2019,JHC,31037
10,2019,JHC,33632
11,2019,JHC,33632
12,2019,JHC,33632
1,2019,JHM,31860
2,2019,JHM,31860
3,2019,JHM,31860
4,2019,JHM,33248
5,2019,JHM,33248
6,2019,JHM,33248
7,2019,JHM,33205
8,2019,JHM,33205
9,2019,JHM,33205
10,2019,JHM,35865
11,2019,JHM,35865
12,2019,JHM,35865
1,2019,KVK,28669
2,2019,KVK,28669
3,2019,KVK,28669
4,2019,KVK,29871
5,2019,KVK,29871
6,2019,KVK,29871
7,2019,KVK,30155
8,2019,KVK,30155
9,2019,KVK,30155
10,2019,KVK,32018
11,2019,KVK,32018
12,2019,KVK,32018
1,2019,LBK,30705
2,2019,LBK,30705
3,2019,LBK,30705
4,2019,LBK,32302
5,2019,LBK,32302
6,2019,LBK,32302
7,2019,LBK,31880
8,2019,LBK,31880
9,2019,LBK,31880
10,2019,LBK,34171
11,2019,LBK,34171
12,2019,LBK,34171
1,2019,MSK,29227
2,2019,MSK,29227
3,2019,MSK,29227
4,2019,MSK,30963
5,2019,MSK,30963
6,2019,MSK,30963
7,2019,MSK,30822
8,2019,MSK,30822
9,2019,MSK,30822
10,2019,MSK,32856
11,2019,MSK,32856
12,2019,MSK,32856
1,2019,OLK,29226
2,2019,OLK,29226
3,2019,OLK,29226
4,2019,OLK,30762
5,2019,OLK,30762
6,2019,OLK,30762
7,2019,OLK,30958
8,2019,OLK,30958
9,2019,OLK,30958
10,2019,OLK,33289
11,2019,OLK,33289
12,2019,OLK,33289
1,2019,PAK,29271
2,2019,PAK,29271
3,2019,PAK,29271
4,2019,PAK,30695
5,2019,PAK,30695
6,2019,PAK,30695
7,2019,PAK,30770
8,2019,PAK,30770
9,2019,PAK,30770
10,2019,PAK,33481
11,2019,PAK,33481
12,2019,PAK,33481
1,2019,PHA,42286
2,2019,PHA,42286
3,2019,PHA,42286
4,2019,PHA,42887
5,2019,PHA,42887
6,2019,PHA,42887
7,2019,PHA,42169
8,2019,PHA,42169
9,2019,PHA,42169
10,2019,PHA,44871
11,2019,PHA,44871
12,2019,PHA,44871
1,2019,PLK,31766
2,2019,PLK,31766
3,2019,PLK,31766
4,2019,PLK,33456
5,2019,PLK,33456
6,2019,PLK,33456
7,2019,PLK,33491
8,2019,PLK,33491
9,2019,PLK,33491
10,2019,PLK,35733
11,2019,PLK,35733
12,2019,PLK,35733
1,2019,STC,33243
2,2019,STC,33243
3,2019,STC,33243
4,2019,STC,36852
5,2019,STC,36852
6,2019,STC,36852
7,2019,STC,34747
8,2019,STC,34747
9,2019,STC,34747
10,2019,STC,37562
11,2019,STC,37562
12,2019,STC,37562
1,2019,ULK,30325
2,2019,ULK,30325
3,2019,ULK,30325
4,2019,ULK,31742
5,2019,ULK,31742
6,2019,ULK,31742
7,2019,ULK,31728
8,2019,ULK,31728
9,2019,ULK,31728
10,2019,ULK,33954
11,2019,ULK,33954
12,2019,ULK,33954
1,2019,VYS,29998
2,2019,VYS,29998
3,2019,VYS,29998
4,2019,VYS,31599
5,2019,VYS,31599
6,2019,VYS,31599
7,2019,VYS,31496
8,2019,VYS,31496
9,2019,VYS,31496
10,2019,VYS,33691
11,2019,VYS,33691
12,2019,VYS,33691
1,2019,ZLK,28754
2,2019,ZLK,28754
3,2019,ZLK,28754
4,2019,ZLK,30513
5,2019,ZLK,30513
6,2019,ZLK,30513
7,2019,ZLK,30385
8,2019,ZLK,30385
9,2019,ZLK,30385
10,2019,ZLK,32975
11,2019,ZLK,32975
12,2019,ZLK,32975
1,2020,HKK,31984
2,2020,HKK,31984
3,2020,HKK,31984
4,2020,HKK,33063
5,2020,HKK,33063
6,2020,HKK,33063
7,2020,HKK,33739
8,2020,HKK,33739
9,2020,HKK,33739
10,2020,HKK,37267
11,2020,HKK,37267
12,2020,HKK,37267
1,2020,JHC,31051
2,2020,JHC,31051
3,2020,JHC,31051
4,2020,JHC,31321
5,2020,JHC,31321
6,2020,JHC,31321
7,2020,JHC,32631
8,2020,JHC,32631
9,2020,JHC,32631
10,2020,JHC,36081
11,2020,JHC,36081
12,2020,JHC,36081
1,2020,JHM,33829
2,2020,JHM,33829
3,2020,JHM,33829
4,2020,JHM,33899
5,2020,JHM,33899
6,2020,JHM,33899
7,2020,JHM,35265
8,2020,JHM,35265
9,2020,JHM,35265
10,2020,JHM,38598
11,2020,JHM,38598
12,2020,JHM,38598
1,2020,KVK,29728
2,2020,KVK,29728
3,2020,KVK,29728
4,2020,KVK,29555
5,2020,KVK,29555
6,2020,KVK,29555
7,2020,KVK,31523
8,2020,KVK,31523
9,2020,KVK,31523
10,2020,KVK,34217
11,2020,KVK,34217
12,2020,KVK,34217
1,2020,LBK,31640
2,2020,LBK,31640
3,2020,LBK,31640
4,2020,LBK,31289
5,2020,LBK,31289
6,2020,LBK,31289
7,2020,LBK,33427
8,2020,LBK,33427
9,2020,LBK,33427
10,2020,LBK,36379
11,2020,LBK,36379
12,2020,LBK,36379
1,2020,MSK,30989
2,2020,MSK,30989
3,2020,MSK,30989
4,2020,MSK,31119
5,2020,MSK,31119
6,2020,MSK,31119
7,2020,MSK,32571
8,2020,MSK,32571
9,2020,MSK,32571
10,2020,MSK,35488
11,2020,MSK,35488
12,2020,MSK,35488
1,2020,OLK,30829
2,2020,OLK,30829
3,2020,OLK,30829
4,2020,OLK,31277
5,2020,OLK,31277
6,2020,OLK,31277
7,2020,OLK,33049
8,2020,OLK,33049
9,2020,OLK,33049
10,2020,OLK,36145
11,2020,OLK,36145
12,2020,OLK,36145
1,2020,PAK,30790
2,2020,PAK,30790
3,2020,PAK,30790
4,2020,PAK,30980
5,2020,PAK,30980
6,2020,PAK,30980
7,2020,PAK,32548
8,2020,PAK,32548
9,2020,PAK,32548
10,2020,PAK,35894
11,2020,PAK,35894
12,2020,PAK,35894
1,2020,PHA,44504
2,2020,PHA,44504
3,2020,PHA,44504
4,2020,PHA,43746
5,2020,PHA,43746
6,2020,PHA,43746
7,2020,PHA,44294
8,2020,PHA,44294
9,2020,PHA,44294
10,2020,PHA,47192
11,2020,PHA,47192
12,2020,PHA,47192
1,2020,PLK,33362
2,2020,PLK,33362
3,2020,PLK,33362
4,2020,PLK,33193
5,2020,PLK,33193
6,2020,PLK,33193
7,2020,PLK,35015
8,2020,PLK,35015
9,2020,PLK,35015
10,2020,PLK,38258
11,2020,PLK,38258
12,2020,PLK,38258
1,2020,STC,34998
2,2020,STC,34998
3,2020,STC,34998
4,2020,STC,36780
5,2020,STC,36780
6,2020,STC,36780
7,2020,STC,36335
8,2020,STC,36335
9,2020,STC,36335
10,2020,STC,39563
11,2020,STC,39563
12,2020,STC,39563
1,2020,ULK,32013
2,2020,ULK,32013
3,2020,ULK,32013
4,2020,ULK,32505
5,2020,ULK,32505
6,2020,ULK,32505
7,2020,ULK,33670
8,2020,ULK,33670
9,2020,ULK,33670
10,2020,ULK,36795
11,2020,ULK,36795
12,2020,ULK,36795
1,2020,VYS,31605
2,2020,VYS,31605
3,2020,VYS,31605
4,2020,VYS,31436
5,2020,VYS,31436
6,2020,VYS,31436
7,2020,VYS,33312
8,2020,VYS,33312
9,2020,VYS,33312
10,2020,VYS,36089
11,2020,VYS,36089
12,2020,VYS,36089
1,2020,ZLK,30310
2,2020,ZLK,30310
3,2020,ZLK,30310
4,2020,ZLK,30245
5,2020,ZLK,30245
6,2020,ZLK,30245
7,2020,ZLK,31806
8,2020,ZLK,31806
9,2020,ZLK,31806
10,2020,ZLK,34713
11,2020,ZLK,34713
12,2020,ZLK,34713
1,2021,HKK,33032
2,2021,HKK,33032
3,2021,HKK,33032
4,2021,HKK,37417
5,2021,HKK,37417
6,2021,HKK,37417
7,2021,HKK,35487
8,2021,HKK,35487
9,2021,HKK,35487
10,2021,HKK,38240
11,2021,HKK,38240
12,2021,HKK,38240
1,2021,JHC,32213
2,2021,JHC,32213
3,2021,JHC,32213
4,2021,JHC,35451
5,2021,JHC,35451
6,2021,JHC,35451
7,2021,JHC,34841
8,2021,JHC,34841
9,2021,JHC,34841
10,2021,JHC,37523
11,2021,JHC,37523
12,2021,JHC,37523
1,2021,JHM,34989
2,2021,JHM,34989
3,2021,JHM,34989
4,2021,JHM,37636
5,2021,JHM,37636
6,2021,JHM,37636
7,2021,JHM,37248
8,2021,JHM,37248
9,2021,JHM,37248
10,2021,JHM,40176
11,2021,JHM,40176
12,2021,JHM,40176
1,2021,KVK,30189
2,2021,KVK,30189
3,2021,KVK,30189
4,2021,KVK,33666
5,2021,KVK,33666
6,2021,KVK,33666
7,2021,KVK,33300
8,2021,KVK,33300
9,2021,KVK,33300
10,2021,KVK,35666
11,2021,KVK,35666
12,2021,KVK,35666
1,2021,LBK,31956
2,2021,LBK,31956
3,2021,LBK,31956
4,2021,LBK,35126
5,2021,LBK,35126
6,2021,LBK,35126
7,2021,LBK,34398
8,2021,LBK,34398
9,2021,LBK,34398
10,2021,LBK,36963
11,2021,LBK,36963
12,2021,LBK,36963
1,2021,MSK,32232
2,2021,MSK,32232
3,2021,MSK,32232
4,2021,MSK,35325
5,2021,MSK,35325
6,2021,MSK,35325
7,2021,MSK,34523
8,2021,MSK,34523
9,2021,MSK,34523
10,2021,MSK,37034
11,2021,MSK,37034
12,2021,MSK,37034
1,2021,OLK,32035
2,2021,OLK,32035
3,2021,OLK,32035
4,2021,OLK,35273
5,2021,OLK,35273
6,2021,OLK,35273
7,2021,OLK,34930
8,2021,OLK,34930
9,2021,OLK,34930
10,2021,OLK,37262
11,2021,OLK,37262
12,2021,OLK,37262
1,2021,PAK,31554
2,2021,PAK,31554
3,2021,PAK,31554
4,2021,PAK,34721
5,2021,PAK,34721
6,2021,PAK,34721
7,2021,PAK,34385
8,2021,PAK,34385
9,2021,PAK,34385
10,2021,PAK,37286
11,2021,PAK,37286
12,2021,PAK,37286
1,2021,PHA,45960
2,2021,PHA,45960
3,2021,PHA,45960
4,2021,PHA,47420
5,2021,PHA,47420
6,2021,PHA,47420
7,2021,PHA,46468
8,2021,PHA,46468
9,2021,PHA,46468
10,2021,PHA,49315
11,2021,PHA,49315
12,2021,PHA,49315
1,2021,PLK,34001
2,2021,PLK,34001
3,2021,PLK,34001
4,2021,PLK,37281
5,2021,PLK,37281
6,2021,PLK,37281
7,2021,PLK,36670
8,2021,PLK,36670
9,2021,PLK,36670
10,2021,PLK,39421
11,2021,PLK,39421
12,2021,PLK,39421
1,2021,STC,35578
2,2021,STC,35578
3,2021,STC,35578
4,2021,STC,40225
5,2021,STC,40225
6,2021,STC,40225
7,2021,STC,38005
8,2021,STC,38005
9,2021,STC,38005
10,2021,STC,40765
11,2021,STC,40765
12,2021,STC,40765
1,2021,ULK,32981
2,2021,ULK,32981
3,2021,ULK,32981
4,2021,ULK,36329
5,2021,ULK,36329
6,2021,ULK,36329
7,2021,ULK,35172
8,2021,ULK,35172
9,2021,ULK,35172
10,2021,ULK,37493
11,2021,ULK,37493
12,2021,ULK,37493
1,2021,VYS,32937
2,2021,VYS,32937
3,2021,VYS,32937
4,2021,VYS,35675
5,2021,VYS,35675
6,2021,VYS,35675
7,2021,VYS,35230
8,2021,VYS,35230
9,2021,VYS,35230
10,2021,VYS,37616
11,2021,VYS,37616
12,2021,VYS,37616
1,2021,ZLK,31515
2,2021,ZLK,31515
3,2021,ZLK,31515
4,2021,ZLK,34471
5,2021,ZLK,34471
6,2021,ZLK,34471
7,2021,ZLK,34348
8,2021,ZLK,34348
9,2021,ZLK,34348
10,2021,ZLK,37129
11,2021,ZLK,37129
12,2021,ZLK,37129
1,2022,HKK,34689
2,2022,HKK,34689
3,2022,HKK,34689
4,2022,HKK,38368
5,2022,HKK,38368
6,2022,HKK,38368
7,2022,HKK,36968
8,2022,HKK,36968
9,2022,HKK,36968
10,2022,HKK,40625
11,2022,HKK,40625
12,2022,HKK,40625
1,2022,JHC,33998
2,2022,JHC,33998
3,2022,JHC,33998
4,2022,JHC,36381
5,2022,JHC,36381
6,2022,JHC,36381
7,2022,JHC,36408
8,2022,JHC,36408
9,2022,JHC,36408
10,2022,JHC,40251
11,2022,JHC,40251
12,2022,JHC,40251
1,2022,JHM,37027
2,2022,JHM,37027
3,2022,JHM,37027
4,2022,JHM,38894
5,2022,JHM,38894
6,2022,JHM,38894
7,2022,JHM,39167
8,2022,JHM,39167
9,2022,JHM,39167
10,2022,JHM,42944
11,2022,JHM,42944
12,2022,JHM,42944
1,2022,KVK,32424
2,2022,KVK,32424
3,2022,KVK,32424
4,2022,KVK,34577
5,2022,KVK,34577
6,2022,KVK,34577
7,2022,KVK,34866
8,2022,KVK,34866
9,2022,KVK,34866
10,2022,KVK,37757
11,2022,KVK,37757
12,2022,KVK,37757
1,2022,LBK,33745
2,2022,LBK,33745
3,2022,LBK,33745
4,2022,LBK,36237
5,2022,LBK,36237
6,2022,LBK,36237
7,2022,LBK,36290
8,2022,LBK,36290
9,2022,LBK,36290
10,2022,LBK,39207
11,2022,LBK,39207
12,2022,LBK,39207
1,2022,MSK,34019
2,2022,MSK,34019
3,2022,MSK,34019
4,2022,MSK,36253
5,2022,MSK,36253
6,2022,MSK,36253
7,2022,MSK,36610
8,2022,MSK,36610
9,2022,MSK,36610
10,2022,MSK,39524
11,2022,MSK,39524
12,2022,MSK,39524
1,2022,OLK,33712
2,2022,OLK,33712
3,2022,OLK,33712
4,2022,OLK,35978
5,2022,OLK,35978
6,2022,OLK,35978
7,2022,OLK,36444
8,2022,OLK,36444
9,2022,OLK,36444
10,2022,OLK,39475
11,2022,OLK,39475
12,2022,OLK,39475
1,2022,PAK,33321
2,2022,PAK,33321
3,2022,PAK,33321
4,2022,PAK,35416
5,2022,PAK,35416
6,2022,PAK,35416
7,2022,PAK,35722
8,2022,PAK,35722
9,2022,PAK,35722
10,2022,PAK,39324
11,2022,PAK,39324
12,2022,PAK,39324
1,2022,PHA,49273
2,2022,PHA,49273
3,2022,PHA,49273
4,2022,PHA,49639
5,2022,PHA,49639
6,2022,PHA,49639
7,2022,PHA,49031
8,2022,PHA,49031
9,2022,PHA,49031
10,2022,PHA,52196
11,2022,PHA,52196
12,2022,PHA,52196
1,2022,PLK,35862
2,2022,PLK,35862
3,2022,PLK,35862
4,2022,PLK,37968
5,2022,PLK,37968
6,2022,PLK,37968
7,2022,PLK,38290
8,2022,PLK,38290
9,2022,PLK,38290
10,2022,PLK,41545
11,2022,PLK,41545
12,2022,PLK,41545
1,2022,STC,37707
2,2022,STC,37707
3,2022,STC,37707
4,2022,STC,41911
5,2022,STC,41911
6,2022,STC,41911
7,2022,STC,39839
8,2022,STC,39839
9,2022,STC,39839
10,2022,STC,43744
11,2022,STC,43744
12,2022,STC,43744
1,2022,ULK,34696
2,2022,ULK,34696
3,2022,ULK,34696
4,2022,ULK,36569
5,2022,ULK,36569
6,2022,ULK,36569
7,2022,ULK,36731
8,2022,ULK,36731
9,2022,ULK,36731
10,2022,ULK,40152
11,2022,ULK,40152
12,2022,ULK,40152
1,2022,VYS,34566
2,2022,VYS,34566
3,2022,VYS,34566
4,2022,VYS,36551
5,2022,VYS,36551
6,2022,VYS,36551
7,2022,VYS,36588
8,2022,VYS,36588
9,2022,VYS,36588
10,2022,VYS,40060
11,2022,VYS,40060
12,2022,VYS,40060
1,2022,ZLK,33418
2,2022,ZLK,33418
3,2022,ZLK,33418
4,2022,ZLK,36059
5,2022,ZLK,36059
6,2022,ZLK,36059
7,2022,ZLK,36114
8,2022,ZLK,36114
9,2022,ZLK,36114
10,2022,ZLK,39704
11,2022,ZLK,39704
12,2022,ZLK,39704
1,2023,HKK,37563
2,2023,HKK,37563
3,2023,HKK,37563
4,2023,HKK,41528
5,2023,HKK,41528
6,2023,HKK,41528
7,2023,HKK,39687
8,2023,HKK,39687
9,2023,HKK,39687
1,2023,JHC,37428
2,2023,JHC,37428
3,2023,JHC,37428
4,2023,JHC,39343
5,2023,JHC,39343
6,2023,JHC,39343
7,2023,JHC,39083
8,2023,JHC,39083
9,2023,JHC,39083
1,2023,JHM,40182
2,2023,JHM,40182
3,2023,JHM,40182
4,2023,JHM,41951
5,2023,JHM,41951
6,2023,JHM,41951
7,2023,JHM,41812
8,2023,JHM,41812
9,2023,JHM,41812
1,2023,KVK,35033
2,2023,KVK,35033
3,2023,KVK,35033
4,2023,KVK,37133
5,2023,KVK,37133
6,2023,KVK,37133
7,2023,KVK,37164
8,2023,KVK,37164
9,2023,KVK,37164
1,2023,LBK,36727
2,2023,LBK,36727
3,2023,LBK,36727
4,2023,LBK,39236
5,2023,LBK,39236
6,2023,LBK,39236
7,2023,LBK,38769
8,2023,LBK,38769
9,2023,LBK,38769
1,2023,MSK,37128
2,2023,MSK,37128
3,2023,MSK,37128
4,2023,MSK,39163
5,2023,MSK,39163
6,2023,MSK,39163
7,2023,MSK,38957
8,2023,MSK,38957
9,2023,MSK,38957
1,2023,OLK,36439
2,2023,OLK,36439
3,2023,OLK,36439
4,2023,OLK,38519
5,2023,OLK,38519
6,2023,OLK,38519
7,2023,OLK,39233
8,2023,OLK,39233
9,2023,OLK,39233
1,2023,PAK,36297
2,2023,PAK,36297
3,2023,PAK,36297
4,2023,PAK,38324
5,2023,PAK,38324
6,2023,PAK,38324
7,2023,PAK,38211
8,2023,PAK,38211
9,2023,PAK,38211
1,2023,PHA,52985
2,2023,PHA,52985
3,2023,PHA,52985
4,2023,PHA,53070
5,2023,PHA,53070
6,2023,PHA,53070
7,2023,PHA,51925
8,2023,PHA,51925
9,2023,PHA,51925
1,2023,PLK,38827
2,2023,PLK,38827
3,2023,PLK,38827
4,2023,PLK,41034
5,2023,PLK,41034
6,2023,PLK,41034
7,2023,PLK,41220
8,2023,PLK,41220
9,2023,PLK,41220
1,2023,STC,40814
2,2023,STC,40814
3,2023,STC,40814
4,2023,STC,45588
5,2023,STC,45588
6,2023,STC,45588
7,2023,STC,42990
8,2023,STC,42990
9,2023,STC,42990
1,2023,ULK,37962
2,2023,ULK,37962
3,2023,ULK,37962
4,2023,ULK,39644
5,2023,ULK,39644
6,2023,ULK,39644
7,2023,ULK,39664
8,2023,ULK,39664
9,2023,ULK,39664
1,2023,VYS,37714
2,2023,VYS,37714
3,2023,VYS,37714
4,2023,VYS,39409
5,2023,VYS,39409
6,2023,VYS,39409
7,2023,VYS,39315
8,2023,VYS,39315
9,2023,VYS,39315
1,2023,ZLK,36658
2,2023,ZLK,36658
3,2023,ZLK,36658
4,2023,ZLK,39080
5,2023,ZLK,39080
6,2023,ZLK,39080
7,2023,ZLK,38596
8,2023,ZLK,38596
9,2023,ZLK,38596
